1:0,41.87892716196967,12.508037236835666,0,0,0
1:1,41.87892716196967,12.508037236835666,0,-0.35999998,0
1:2,41.87892716196967,12.508037236835666,0,-1.05,0
1:3,41.87892716196967,12.508037236835666,0,-0.52,0
1:4,41.87892716196967,12.508037236835666,0,-1.52,0
1:5,41.87892716196967,12.508037236835666,0,-0.59,0
1:6,41.87892716196967,12.508037236835666,0,-0.47,0
1:7,41.87892716196967,12.508037236835666,0,0.08,0
1:8,41.87892716196967,12.508037236835666,0,0.74,0
1:9,41.87892716196967,12.508037236835666,0,0.5,0
1:10,41.87892716196967,12.508037236835666,0,-0.71999997,0
1:11,41.87892716196967,12.508037236835666,0,-0.13,0
1:12,41.87892716196967,12.508037236835666,0,1.25,0
1:13,41.87892716196967,12.508037236835666,0,1.68,0
1:14,41.87892716196967,12.508037236835666,0,1.22,0
1:15,41.87892716196967,12.508037236835666,0,0.45,0
1:16,41.87892716196967,12.508037236835666,0,0.01,0
1:17,41.87892716196967,12.508037236835666,0,0.29999998,0
1:18,41.87892716196967,12.508037236835666,0,-0.03,0
1:19,41.87892716196967,12.508037236835666,0,-1.28,0
1:20,41.87892716196967,12.508037236835666,0,-1.25,0
1:21,41.87892716196967,12.508037236835666,0,-0.96,0
1:22,41.87892716196967,12.508037236835666,0,-1.29,0
1:23,41.87892716196967,12.508037236835666,0,0.06,0
1:24,41.87892716196967,12.508037236835666,0,0.55,0
1:25,41.87892716196967,12.508037236835666,0,-0.21,0
1:26,41.87892716196967,12.508037236835666,0,0.01,0
1:27,41.87892716196967,12.508037236835666,0,0.72999996,0
1:28,41.87892716196967,12.508037236835666,0,-0.42,0
1:29,41.87892716196967,12.508037236835666,0,-0.42999998,0
1:30,41.87892716196967,12.508037236835666,0,-0.71999997,0
1:31,41.87892716196967,12.508037236835666,0,-0.52,0
1:32,41.87892716196967,12.508037236835666,0,0.17999999,0
1:33,41.87892716196967,12.508037236835666,0,0.04,0
1:34,41.87892716196967,12.508037236835666,0,1.3399999,0
1:35,41.87892716196967,12.508037236835666,0,1.89,0
1:36,41.87892716196967,12.508037236835666,0,2.03,0
1:37,41.87892716196967,12.508037236835666,0,0.74,0
1:38,41.87892716196967,12.508037236835666,0,1.01,0
1:39,41.87892716196967,12.508037236835666,0,2.3,0
1:40,41.87892716196967,12.508037236835666,0,2.04,0
1:41,41.87892716196967,12.508037236835666,0,1.43,0
1:42,41.87892716196967,12.508037236835666,0,2.24,0
1:43,41.87892716196967,12.508037236835666,0,1.8199999,0
1:44,41.87892716196967,12.508037236835666,0,1.14,0
1:45,41.87892716196967,12.508037236835666,0,1.5799999,0
1:46,41.87892716196967,12.508037236835666,0,0.48,0
1:47,41.87892716196967,12.508037236835666,0,-0.35999998,0
1:48,41.87892716196967,12.508037236835666,0,-0.03,0
1:49,41.87892716196967,12.508037236835666,0,-0.5,0
1:50,41.87892716196967,12.508037236835666,0,1.0799999,0
1:51,41.87892716196967,12.508037236835666,0,0.19,0
1:52,41.87892716196967,12.508037236835666,0,-0.12,0
1:53,41.87892716196967,12.508037236835666,0,-1.3399999,0
1:54,41.87892716196967,12.508037236835666,0,-0.84999996,0
1:55,41.87892716196967,12.508037236835666,0,6.8999996,0
1:56,41.87892716196967,12.508037236835666,0,5.39,0
1:57,41.87892716196967,12.508037236835666,0,13.11,0
1:58,41.878925479234326,12.508030788749483,-0.01,-14.429999,0
1:59,41.878925479234326,12.508030788749483,-0.01,-23.5,0
1:60,41.87891522705487,12.508031036259363,0,7.91,0
1:61,41.87891522705487,12.508031036259363,0,14.889999,0
1:62,41.87891735765947,12.508046895019683,0.01,7.0299997,0
1:63,41.87892903319774,12.508046083246144,0.02,-22.32,0
1:64,41.87892903319774,12.508046083246144,0.02,-9.679999,0
1:65,41.878937493991174,12.508036924997638,0.04,-54.199997,0
1:66,41.878934480924904,12.508029403710145,0.01,-65.58,0
1:67,41.878934480924904,12.508029403710145,0.01,-53.649998,0
1:68,41.878934480924904,12.508029403710145,0.01,-19.109999,0
1:69,41.878936530331686,12.508040976933742,0.02,-8.2,0
1:70,41.87892856107992,12.508054289470891,0.01,17.17,0
1:71,41.87891908545689,12.508055990737015,0.01,4.5499997,0
1:72,41.87891908545689,12.508055990737015,0.01,3.6799998,0
1:73,41.87891741181529,12.508047750983186,0.02,1.2099999,0
1:74,41.87891741181529,12.508047750983186,0.02,17.42,0
1:75,41.87891825052723,12.50804049072318,0.01,-16.48,0
1:76,41.87891825052723,12.50804049072318,0.01,24.359999,0
1:77,41.87891635778745,12.508041403058046,0.01,40.19,0
1:78,41.87891635778745,12.508041403058046,0.01,31.97,0
1:79,41.8789186594286,12.508049635131545,0.03,1.78,0
1:80,41.878923816228095,12.508060647216023,0.03,13.95,0
1:81,41.878923816228095,12.508060647216023,0.03,-1.43,0
1:82,41.878937009831816,12.508062658454087,0.02,-16.1,0
1:83,41.878948137411605,12.508052135425375,0.01,-15.349999,0
1:84,41.87895570122855,12.508036796931695,0.03,2.32,0
1:85,41.87895570122855,12.508036796931695,0.03,6.5699997,0
1:86,41.87894684400571,12.50802307820684,0.04,17.99,0
1:87,41.87893598788687,12.508014179318437,0.04,13.4,0
1:88,41.87893400506232,12.508005129323106,0.04,1.9699999,0
1:89,41.87893400506232,12.508005129323106,0.04,15.309999,0
1:90,41.87893928035387,12.507991064537121,0.04,-36.52,0
1:91,41.87894151806188,12.507989440080038,0.03,21.18,0
1:92,41.87894151806188,12.507989440080038,0.03,12.23,0
1:93,41.87894151806188,12.507989440080038,0.03,4.99,0
1:94,41.878952254703435,12.50798204647836,0.04,43.559998,0
1:95,41.878952254703435,12.50798204647836,0.04,43.45,0
1:96,41.878966198137185,12.507982992503576,0.049999997,7.1,0
1:97,41.878966198137185,12.507982992503576,0.049999997,60.14,0
1:98,41.87897530613958,12.507986893488257,0.049999997,13.36,0
1:99,41.878986041374574,12.507982978289066,0.04,41.21,0
1:100,41.878977575017075,12.507968821396737,0.049999997,-13.94,0
1:101,41.878977575017075,12.507968821396737,0.049999997,-5.8599997,0
1:102,41.87896656333278,12.507958080698254,0.06,-0.42999998,0
1:103,41.878955282960995,12.507953954873189,0.049999997,61.53,0
1:104,41.87894858794858,12.507968275992646,0.06,46.879997,0
1:105,41.87894858794858,12.507968275992646,0.06,18.699999,0
1:106,41.87894666915044,12.507985376820708,0.06,15.74,0
1:107,41.87894452497338,12.508000859849698,0.06,-25.55,0
1:108,41.87894452497338,12.508000859849698,0.06,-10.08,0
1:109,41.87894661818832,12.50801434157005,0.06,39.239998,0
1:110,41.87894661818832,12.50801434157005,0.06,25.9,0
1:111,41.87894700919088,12.508009389201142,0.06,45.809998,0
1:112,41.878942490383736,12.50799470724161,0.06,12.94,0
1:113,41.878942490383736,12.50799470724161,0.06,18.43,0
1:114,41.87893593877301,12.507978823631813,0.04,18.199999,0
1:115,41.87892715776714,12.507966174871417,0.03,9.62,0
1:116,41.87891997825444,12.507961303199231,0.04,6.2,0
1:117,41.87891997825444,12.507961303199231,0.04,7.54,0
1:118,41.87890942337125,12.507968055817479,0.04,-5.29,0
1:119,41.87891034428072,12.5079704568142,0.04,19.89,0
1:120,41.87891034428072,12.5079704568142,0.04,2.8999999,0
1:121,41.87891034428072,12.5079704568142,0.04,-19.619999,0
1:122,41.87889756113449,12.507968380147918,0.06,-11.15,0
1:123,41.87888401845917,12.507966575146968,0.07,-2.6599998,0
1:124,41.87887118294963,12.507967950809798,0.11,0.06,0
1:125,41.87887118294963,12.507967950809798,0.11,1.22,0
1:126,41.87887034732365,12.50796923855922,0.11,2.6699998,0
1:127,41.87887034732365,12.50796923855922,0.11,3.9299998,0
1:128,41.87887034732365,12.50796923855922,0.11,4.58,0
1:129,41.87887034732365,12.50796923855922,0.11,4,0
1:130,41.87887034732365,12.50796923855922,0.11,4.69,0
1:131,41.87887034732365,12.50796923855922,0.11,4.64,0
1:132,41.87887034732365,12.50796923855922,0.11,4.65,0
1:133,41.87887034732365,12.50796923855922,0.11,3.51,0
1:134,41.87887034732365,12.50796923855922,0.11,3.48,0
1:135,41.87887034732365,12.50796923855922,0.11,3.01,0
1:136,41.87887034732365,12.50796923855922,0.11,3.9099998,0
1:137,41.87887034732365,12.50796923855922,0.11,4.2,0
1:138,41.87887034732365,12.50796923855922,0.11,4.94,0
1:139,41.87887034732365,12.50796923855922,0.11,4.7599998,0
1:140,41.87887034732365,12.50796923855922,0.11,4.93,0
1:141,41.87887034732365,12.50796923855922,0.11,5.14,0
1:142,41.87887034732365,12.50796923855922,0.11,5.48,0
1:143,41.87887034732365,12.50796923855922,0.11,5.2799997,0
1:144,41.87887034732365,12.50796923855922,0.11,6.3399997,0
1:145,41.87887034732365,12.50796923855922,0.11,6.1,0
1:146,41.87887034732365,12.50796923855922,0.11,5.67,0
1:147,41.87887034732365,12.50796923855922,0.11,5.44,0
1:148,41.87887034732365,12.50796923855922,0.11,5.24,0
1:149,41.87887034732365,12.50796923855922,0.11,5.1099997,0
1:150,41.87887034732365,12.50796923855922,0.11,5.97,0
1:151,41.87887034732365,12.50796923855922,0.11,5.18,0
1:152,41.87887034732365,12.50796923855922,0.11,6.72,0
1:153,41.87887034732365,12.50796923855922,0.11,2.53,0
1:154,41.87887034732365,12.50796923855922,0.11,6.06,0
1:155,41.87887034732365,12.50796923855922,0.11,33.43,0
1:156,41.87887034732365,12.50796923855922,0.11,59.039997,0
1:157,41.878868597788845,12.507971718484486,0.11,46.399998,0
1:158,41.878865921536075,12.507972177242266,0.11,3.1999998,0
1:159,41.878865921536075,12.507972177242266,0.11,18.65,0
1:160,41.878855701342616,12.507976832091328,0.12,37.95,0
1:161,41.878855701342616,12.507976832091328,0.12,26.519999,0
1:162,41.87884727795814,12.507986209233508,0.12,13.2699995,0
1:163,41.878838337769636,12.507996399424961,0.11,14.009999,0
1:164,41.878838337769636,12.507996399424961,0.11,8.96,0
1:165,41.878840481574684,12.508003973150059,0.11,1.38,0
1:166,41.878840481574684,12.508003973150059,0.11,22.48,0
1:167,41.87884832037433,12.508014573817183,0.089999996,24.46,0
1:168,41.87884832037433,12.508014573817183,0.089999996,0.22,0
1:169,41.87884832037433,12.508014573817183,0.089999996,12.5199995,0
1:170,41.87884832037433,12.508014573817183,0.089999996,-2.4299998,0
1:171,41.87886105110793,12.508006066380737,0.12,6.5499997,0
1:172,41.87885711077264,12.507988907836465,0.12,9.57,0
1:173,41.87885711077264,12.507988907836465,0.12,8.62,0
1:174,41.87885071089364,12.50797314271164,0.12,15.32,0
1:175,41.87884820457318,12.507960289741485,0.12,14.57,0
1:176,41.878848949656074,12.507956051271606,0.12,10.09,0
1:177,41.878848949656074,12.507956051271606,0.12,1.6899999,0
1:178,41.87884744287743,12.507945931680426,0.11,23.35,0
1:179,41.878849744526086,12.50794202712484,0.099999994,0.42999998,0
1:180,41.878849744526086,12.50794202712484,0.099999994,9.53,0
1:181,41.878849744526086,12.50794202712484,0.099999994,5.7599998,0
1:182,41.878845811738195,12.5079516048022,0.099999994,12.11,0
1:183,41.878842167852824,12.507962713361621,0.099999994,18.06,0
1:184,41.878842167852824,12.507962713361621,0.099999994,52.14,0
1:185,41.878844971292175,12.507955047247963,0.099999994,35.37,0
1:186,41.878844971292175,12.507955047247963,0.099999994,34.469997,0
1:187,41.878851533851986,12.507952414695254,0.17999999,20.92,0
1:188,41.878851533851986,12.507952414695254,0.17999999,5.75,0
1:189,41.87885422199621,12.507952105800346,0.17,36.32,0
1:190,41.87885422199621,12.507952105800346,0.17,-14.41,0
1:191,41.87885422199621,12.507952105800346,0.17,15.429999,0
1:192,41.87886489852013,12.507948896177668,0.17999999,-9.84,0
1:193,41.878875152209474,12.507936170366332,0.19999999,31.279999,0
1:194,41.878880172483555,12.507920108188184,0.21,-4.5499997,0
1:195,41.878880172483555,12.507920108188184,0.21,47.89,0
1:196,41.878873813866534,12.50790473422734,0.21,28.16,0
1:197,41.87886292852402,12.5078958999781,0.21,23.31,0
1:198,41.87885069963257,12.507892256974117,0.21,25.51,0
1:199,41.87885069963257,12.507892256974117,0.21,26.23,0
1:200,41.878846485095046,12.5079029952536,0.22,48.379997,0
1:201,41.87884826739672,12.507916285682807,0.22,75.15,0
1:202,41.87884826739672,12.507916285682807,0.22,50.53,0
1:203,41.87885878962775,12.507921133003716,0.24,26.619999,0
1:204,41.87886514965133,12.507927048613062,0.24,6.83,0
1:205,41.87886514965133,12.507927048613062,0.24,8.59,0
1:206,41.87886511553365,12.507938184438082,0.22999999,-6.25,0
1:207,41.87886511553365,12.507938184438082,0.22999999,52.12,0
1:208,41.87885359151374,12.50794499551552,0.24,16.06,0
1:209,41.87885359151374,12.50794499551552,0.24,33.77,0
1:210,41.87884836202227,12.507945517167327,0.25,-0.34,0
1:211,41.87884836202227,12.507945517167327,0.25,6.43,0
1:212,41.87884116599533,12.507936400102311,0.25,12.73,0
1:213,41.87883475327717,12.5079297673974,0.24,-14.78,0
1:214,41.87883475327717,12.5079297673974,0.24,8.71,0
1:215,41.87882587261022,12.507923913679921,0.24,24.76,0
1:216,41.87882587261022,12.507923913679921,0.24,13.639999,0
1:217,41.878822704228284,12.50791156110892,0.25,47.09,0
1:218,41.87882377502443,12.50789466908672,0.29,54.39,0
1:219,41.87882377502443,12.50789466908672,0.29,30.359999,0
1:220,41.87882056822794,12.507879140436522,0.28,-17.19,0
1:221,41.87881609433426,12.507862923937632,0.31,-5.1,0
1:222,41.87881609433426,12.507862923937632,0.31,4.6,0
1:223,41.878805087161254,12.507868216020672,0.29999998,37.35,0
1:224,41.87879410223593,12.50787656698807,0.32,84.46,0
1:225,41.87879410223593,12.50787656698807,0.32,54.059998,0
1:226,41.87878601019523,12.507886232647953,0.32,43.649998,0
1:227,41.87877801521583,12.507897752852232,0.32,17.33,0
1:228,41.87877801521583,12.507897752852232,0.32,-12.44,0
1:229,41.87877768810459,12.507900417738922,0.32,-4.36,0
1:230,41.87877723577511,12.5079014616876,0.32999998,-9.38,0
1:231,41.87877723577511,12.5079014616876,0.32999998,12.78,0
1:232,41.87877723577511,12.5079014616876,0.32999998,-4.2799997,0
1:233,41.87877838382062,12.507889421167727,0.32,6.1,0
1:234,41.878777966981076,12.507874737578248,0.32,48.2,0
1:235,41.878777966981076,12.507874737578248,0.32,31.21,0
1:236,41.8787762178022,12.507859165224765,0.32999998,2.8999999,0
1:237,41.878774360506796,12.507844887175045,0.32,48.09,0
1:238,41.878774360506796,12.507844887175045,0.32,40.37,0
1:239,41.87877275860517,12.507832758718727,0.32999998,25.38,0
1:240,41.87878314763743,12.507822905252214,0.32999998,22.06,0
1:241,41.87878314763743,12.507822905252214,0.32999998,0.02,0
1:242,41.878792850439375,12.50781406251343,0.32999998,32.84,0
1:243,41.878801187873535,12.507806514400945,0.34,47.14,0
1:244,41.878801187873535,12.507806514400945,0.34,40.489998,0
1:245,41.87881243360446,12.507803647769572,0.35,62.149998,0
1:246,41.878821915524846,12.507810569153456,0.32,79.72,0
1:247,41.878821915524846,12.507810569153456,0.32,51.39,0
1:248,41.878832232256435,12.507814822517469,0.31,36.86,0
1:249,41.878842636846635,12.507818855637199,0.29999998,17.21,0
1:250,41.878842636846635,12.507818855637199,0.29999998,19.05,0
1:251,41.87884444327426,12.507823681843686,0.31,35.05,0
1:252,41.878845337907194,12.50782355865894,0.29999998,26.01,0
1:253,41.878845337907194,12.50782355865894,0.29999998,25.779999,0
1:254,41.8788482369584,12.507819814598308,0.29999998,6.0899997,0
1:255,41.8788482369584,12.507819814598308,0.29999998,28.68,0
1:256,41.87885505359976,12.507818921203645,0.31,52.1,0
1:257,41.87885505359976,12.507818921203645,0.31,35.02,0
1:258,41.878862816080606,12.507827504441215,0.31,15.259999,0
1:259,41.87886408773196,12.507827475804852,0.32,1.66,0
1:260,41.87886408773196,12.507827475804852,0.32,8.38,0
1:261,41.87886408773196,12.507827475804852,0.32,-7.8399997,0
1:262,41.878853646995715,12.507823084511706,0.34,21.24,0
1:263,41.87884358011742,12.50781786165817,0.37,46.989998,0
1:264,41.87884358011742,12.50781786165817,0.37,20.97,0
1:265,41.87883190384156,12.507816417030774,0.38,96.42,0
1:266,41.87882203460226,12.507815505896769,0.39999998,93.39,0
1:267,41.87882203460226,12.507815505896769,0.39999998,52.55,0
1:268,41.878811453548664,12.507818601987665,0.44,35.88,0
1:269,41.87880156792808,12.507825452690644,0.42,25.849998,0
1:270,41.87880156792808,12.507825452690644,0.42,25.779999,0
1:271,41.878799493130295,12.507828064981343,0.42999998,10.349999,0
1:272,41.87880291401569,12.507823963461478,0.42999998,-0.94,0
1:273,41.87880291401569,12.507823963461478,0.42999998,26.93,0
1:274,41.87881041400563,12.507811678230857,0.42,16.949999,0
1:275,41.87881041400563,12.507811678230857,0.42,8.75,0
1:276,41.87881720555188,12.507797388201322,0.44,-6.43,0
1:277,41.87882290096674,12.50778225891667,0.42999998,10.87,0
1:278,41.87882290096674,12.50778225891667,0.42999998,11.639999,0
1:279,41.878826793513255,12.507767452626245,0.44,14.53,0
1:280,41.87882781869908,12.507751625494363,0.42999998,15.86,0
1:281,41.87882781869908,12.507751625494363,0.42999998,-7.44,0
1:282,41.8788270264192,12.507747957113907,0.42999998,-26.539999,0
1:283,41.87882718974325,12.507751574050275,0.42999998,35.84,0
1:284,41.87882718974325,12.507751574050275,0.42999998,32.66,0
1:285,41.87883193970887,12.507766123788365,0.42999998,9.62,0
1:286,41.87883574718416,12.50777968604417,0.45,65.31,0
1:287,41.87883574718416,12.50777968604417,0.45,39.12,0
1:288,41.87884224659452,12.507791319826303,0.44,13.28,0
1:289,41.87885028841927,12.507801282931158,0.45999998,25.08,0
1:290,41.87885028841927,12.507801282931158,0.45999998,-2.4299998,0
1:291,41.87885847097732,12.507810733276914,0.45999998,2.9399998,0
1:292,41.87886665015191,12.507813993168735,0.45999998,23.449999,0
1:293,41.87886665015191,12.507813993168735,0.45999998,20.63,0
1:294,41.87886829956357,12.507814956599239,0.45,5.19,0
1:295,41.87886031749623,12.507812788275858,0.45,5.0099998,0
1:296,41.87886031749623,12.507812788275858,0.45,16.539999,0
1:297,41.87884949221131,12.507812394439457,0.45,-2.6299999,0
1:298,41.87883869173418,12.507813454077084,0.47,31.21,0
1:299,41.87883869173418,12.507813454077084,0.47,19.17,0
1:300,41.8788284329289,12.50781856061123,0.48,18.92,0
1:301,41.878817834044575,12.507821544690861,0.47,43.8,0
1:302,41.878817834044575,12.507821544690861,0.47,23.22,0
1:303,41.87881201619028,12.507812022512294,0.48999998,14.889999,0
1:304,41.87880927382485,12.50781303404636,0.5,21.289999,0
1:305,41.87880927382485,12.50781303404636,0.5,7.1,0
1:306,41.87880927382485,12.50781303404636,0.5,0.53999996,0
1:307,41.878806876521466,12.507815088860998,0.48,9.42,0
1:308,41.878806876521466,12.507815088860998,0.48,-1.55,0
1:309,41.87879789695783,12.50782514411827,0.47,24.43,0
1:310,41.87878570649809,12.507823789938474,0.47,56.129997,0
1:311,41.87878570649809,12.507823789938474,0.47,48.44,0
1:312,41.87877380745381,12.50781718120471,0.47,6.92,0
1:313,41.878769084272896,12.507805759603519,0.47,8.99,0
1:314,41.878769084272896,12.507805759603519,0.47,6.2799997,0
1:315,41.87876659007974,12.507787913158717,0.47,1.13,0
1:316,41.87876365962964,12.507770227911534,0.48999998,-9.57,0
1:317,41.87875714939561,12.50775530723692,0.51,10.59,0
1:318,41.87875714939561,12.50775530723692,0.51,2.29,0
1:319,41.878758936037045,12.5077400263385,0.51,9.969999,0
1:320,41.87876710344026,12.507726279962162,0.52,7.24,0
1:321,41.87876710344026,12.507726279962162,0.52,2.81,0
1:322,41.878770131749285,12.507720161341036,0.53,5.12,0
1:323,41.87876941680454,12.507719428614115,0.53,7.04,0
1:324,41.87876941680454,12.507719428614115,0.53,7.5699997,0
1:325,41.87877383105659,12.507718278045088,0.53,7.98,0
1:326,41.87877383105659,12.507718278045088,0.53,8.76,0
1:327,41.87877383105659,12.507718278045088,0.53,9.429999,0
1:328,41.87877383105659,12.507718278045088,0.53,9.71,0
1:329,41.87877383105659,12.507718278045088,0.53,10.08,0
1:330,41.87877383105659,12.507718278045088,0.53,9.23,0
1:331,41.87877383105659,12.507718278045088,0.53,9.9,0
1:332,41.87877383105659,12.507718278045088,0.53,10,0
1:333,41.87877383105659,12.507718278045088,0.53,10.71,0
1:334,41.87877383105659,12.507718278045088,0.53,11.04,0
1:335,41.87877383105659,12.507718278045088,0.53,10.929999,0
1:336,41.87877383105659,12.507718278045088,0.53,10.5,0
1:337,41.87877383105659,12.507718278045088,0.53,11.29,0
1:338,41.87877383105659,12.507718278045088,0.53,10.4,0
1:339,41.87877383105659,12.507718278045088,0.53,9.48,0
1:340,41.87877383105659,12.507718278045088,0.53,9.51,0
1:341,41.87877383105659,12.507718278045088,0.53,9,0
1:342,41.87877383105659,12.507718278045088,0.53,9.87,0
1:343,41.87877383105659,12.507718278045088,0.53,10.11,0
1:344,41.87877383105659,12.507718278045088,0.53,10.48,0
1:345,41.87877383105659,12.507718278045088,0.53,10.389999,0
1:346,41.87877383105659,12.507718278045088,0.53,10.4,0
1:347,41.87877383105659,12.507718278045088,0.53,10.2699995,0
1:348,41.87877383105659,12.507718278045088,0.53,10.309999,0
1:349,41.87877383105659,12.507718278045088,0.53,9.91,0
1:350,41.87877383105659,12.507718278045088,0.53,9.94,0
1:351,41.87877383105659,12.507718278045088,0.53,9.969999,0
1:352,41.87877383105659,12.507718278045088,0.53,10.389999,0
1:353,41.87877383105659,12.507718278045088,0.53,10.9,0
1:354,41.87877383105659,12.507718278045088,0.53,10.5199995,0
1:355,41.87877383105659,12.507718278045088,0.53,10.849999,0
1:356,41.87877383105659,12.507718278045088,0.53,10.38,0
1:357,41.87877383105659,12.507718278045088,0.53,9.309999,0
1:358,41.87877383105659,12.507718278045088,0.53,9.309999,0
1:359,41.87877383105659,12.507718278045088,0.53,9.41,0
1:360,41.87877383105659,12.507718278045088,0.53,10.889999,0
1:361,41.87877383105659,12.507718278045088,0.53,10.23,0
1:362,41.87877383105659,12.507718278045088,0.53,10.059999,0
1:363,41.87877383105659,12.507718278045088,0.53,10.849999,0
1:364,41.87877383105659,12.507718278045088,0.53,10.61,0
1:365,41.87877383105659,12.507718278045088,0.53,10.46,0
1:366,41.87877383105659,12.507718278045088,0.53,10.79,0
1:367,41.87877383105659,12.507718278045088,0.53,10.42,0
1:368,41.87877383105659,12.507718278045088,0.53,10.66,0
1:369,41.87877383105659,12.507718278045088,0.53,10.429999,0
1:370,41.87877383105659,12.507718278045088,0.53,11.36,0
1:371,41.87877383105659,12.507718278045088,0.53,10.92,0
1:372,41.87877383105659,12.507718278045088,0.53,11.25,0
1:373,41.87877383105659,12.507718278045088,0.53,10.15,0
1:374,41.87877383105659,12.507718278045088,0.53,10.15,0
1:375,41.87877383105659,12.507718278045088,0.53,10.639999,0
1:376,41.87877383105659,12.507718278045088,0.53,11.54,0
1:377,41.87877383105659,12.507718278045088,0.53,11.48,0
1:378,41.87877383105659,12.507718278045088,0.53,11.53,0
1:379,41.87877383105659,12.507718278045088,0.53,11.04,0
1:380,41.87877383105659,12.507718278045088,0.53,11.69,0
1:381,41.87877383105659,12.507718278045088,0.53,11.25,0
1:382,41.87877383105659,12.507718278045088,0.53,10.82,0
1:383,41.87877383105659,12.507718278045088,0.53,10.66,0
1:384,41.87877383105659,12.507718278045088,0.53,11.01,0
1:385,41.87877383105659,12.507718278045088,0.53,11.429999,0
1:386,41.87877383105659,12.507718278045088,0.53,11.429999,0
1:387,41.87877383105659,12.507718278045088,0.53,11.38,0
1:388,41.87877383105659,12.507718278045088,0.53,12.23,0
1:389,41.87877383105659,12.507718278045088,0.53,12.099999,0
1:390,41.87877383105659,12.507718278045088,0.53,12.49,0
1:391,41.87877383105659,12.507718278045088,0.53,11.87,0
1:392,41.87877383105659,12.507718278045088,0.53,12.08,0
1:393,41.87877383105659,12.507718278045088,0.53,12.25,0
1:394,41.87877383105659,12.507718278045088,0.53,12.73,0
1:395,41.87877383105659,12.507718278045088,0.53,12.2,0
1:396,41.87877383105659,12.507718278045088,0.53,11.4,0
1:397,41.87877383105659,12.507718278045088,0.53,12.34,0
1:398,41.87877383105659,12.507718278045088,0.53,11.69,0
1:399,41.87877383105659,12.507718278045088,0.53,12.44,0
1:400,41.87877383105659,12.507718278045088,0.53,13.11,0
1:401,41.87877383105659,12.507718278045088,0.53,12.719999,0
1:402,41.87877383105659,12.507718278045088,0.53,11.38,0
1:403,41.87877383105659,12.507718278045088,0.53,11.67,0
1:404,41.87877383105659,12.507718278045088,0.53,8.809999,0
1:405,41.87877383105659,12.507718278045088,0.53,36.75,0
1:406,41.87877383105659,12.507718278045088,0.53,20.35,0
1:407,41.87877383105659,12.507718278045088,0.53,33.07,0
1:408,41.878778306734205,12.507723144406992,0.53,6.0699997,0
1:409,41.878778306734205,12.507723144406992,0.53,-13.48,0
1:410,41.87878925746466,12.507716558642217,0.53999996,10.54,0
1:411,41.87878925746466,12.507716558642217,0.53999996,-8.2,0
1:412,41.87879431273124,12.507704576938625,0.53,13.19,0
1:413,41.87879583472475,12.507700731487295,0.53,-21.64,0
1:414,41.87879583472475,12.507700731487295,0.53,4.23,0
1:415,41.87878720429704,12.507686806749948,0.52,10.38,0
1:416,41.87877633253985,12.507677540040925,0.53999996,26.97,0
1:417,41.878768342998015,12.507665824703901,0.55,-3.8,0
1:418,41.87877173799067,12.507654381953731,0.55,29.39,0
1:419,41.87877173799067,12.507654381953731,0.55,21.21,0
1:420,41.8787824160884,12.507650961394168,0.55,3.77,0
1:421,41.8787871157523,12.507655264313144,0.57,26.41,0
1:422,41.8787871157523,12.507655264313144,0.57,20.93,0
1:423,41.87879090893041,12.507652021054833,0.56,17.41,0
1:424,41.878800756651046,12.507649295001976,0.58,12.83,0
1:425,41.878800756651046,12.507649295001976,0.58,13.7,0
1:426,41.878797248773274,12.507650365444475,0.55,7.37,0
1:427,41.878797248773274,12.507650365444475,0.55,-9.01,0
1:428,41.878797248773274,12.507650365444475,0.55,8.66,0
1:429,41.878797248773274,12.507650365444475,0.55,-6.6299996,0
1:430,41.87880414005672,12.507646685521927,0.58,13.37,0
1:431,41.878812307905925,12.507635386206998,0.57,15.549999,0
1:432,41.878812307905925,12.507635386206998,0.57,11.9,0
1:433,41.878811625526495,12.507622579232418,0.57,15.429999,0
1:434,41.87880701800951,12.507618807387834,0.87,16.41,0
1:435,41.87880701800951,12.507618807387834,0.87,31.75,0
1:436,41.87880163823898,12.507617475877531,1.2099999,33.77,0
1:437,41.87879618637362,12.507616872325263,1.55,18.32,0
1:438,41.87878982731061,12.507616825419682,1.9,25.869999,0
1:439,41.87878982731061,12.507616825419682,1.9,22.08,0
1:440,41.87878661334409,12.507626728994072,2.04,26.369999,0
1:441,41.87878757035458,12.507635085744036,2.36,50.559998,0
1:442,41.87878757035458,12.507635085744036,2.36,45.809998,0
1:443,41.87879058839743,12.507642603446223,2.6599998,35.2,0
1:444,41.878800249208375,12.507641666210047,2.8,4.39,0
1:445,41.87880407652133,12.507638496120757,3.12,22.289999,0
1:446,41.87880407652133,12.507638496120757,3.12,1.79,0
1:447,41.87880740031112,12.507632660707054,3.4399998,16.52,0
1:448,41.878809596553445,12.507625613995879,3.76,52.16,0
1:449,41.8788101996337,12.50760988625038,3.9299998,31.21,0
1:450,41.8788101996337,12.50760988625038,3.9299998,33.43,0
1:451,41.87879796364941,12.50760522660939,3.9499998,35.84,0
1:452,41.87879058780564,12.507612137257519,3.9599998,14.809999,0
1:453,41.87879049247682,12.507618294836078,4.29,29.939999,0
1:454,41.878789750215624,12.507626690889047,4.63,44.03,0
1:455,41.878789750215624,12.507626690889047,4.63,54.53,0
1:456,41.87879108751223,12.507633815100407,4.95,63.51,0
1:457,41.87879108751223,12.507633815100407,4.95,53.11,0
1:458,41.87879370205212,12.507641600689677,5.2799997,49.39,0
1:459,41.878800384881494,12.507644504781007,5.27,3.54,0
1:460,41.878800384881494,12.507644504781007,5.27,74.42,0
1:461,41.8788048929872,12.507640522137764,5.5699997,82.549995,0
1:462,41.87880978080438,12.50763519374667,5.91,59.41,0
1:463,41.87880978080438,12.50763519374667,5.91,91.689995,0
1:464,41.87880880129749,12.507621591819248,6.0699997,76.939995,0
1:465,41.87880880129749,12.507621591819248,6.0699997,67.189995,0
1:466,41.87880446014373,12.507617121321099,6.3999996,55.96,0
1:467,41.878800299450056,12.507614830964878,6.71,57.21,0
1:468,41.878800299450056,12.507614830964878,6.71,36.82,0
1:469,41.8787942852261,12.507612056255542,7.0299997,65.59,0
1:470,41.87878777513788,12.507614914132436,7.37,116.78,0
1:471,41.87878777513788,12.507614914132436,7.37,100.229996,0
1:472,41.87878281392222,12.507631456413167,7.3999996,76.52,0
1:473,41.87878965956104,12.507645545320047,7.41,26.64,0
1:474,41.87879592799519,12.50764410774231,7.58,45.84,0
1:475,41.878801233835496,12.507642319432469,7.8999996,78.299995,0
1:476,41.878801233835496,12.507642319432469,7.8999996,93.92,0
1:477,41.878805137497274,12.507637172397335,8.22,89.63,0
1:478,41.87880873359387,12.507629824209522,8.54,78.99,0
1:479,41.87880873359387,12.507629824209522,8.54,68.63,0
1:480,41.878808879961994,12.507617747220328,8.71,155.97,0
1:481,41.878804785127976,12.507612875490548,9.04,110.829994,0
1:482,41.878804785127976,12.507612875490548,9.04,102.42,0
1:483,41.878799418050804,12.507611454546323,9.36,101.07,0
1:484,41.878789340563266,12.507615356003285,9.51,98.29,0
1:485,41.878789340563266,12.507615356003285,9.51,110.75,0
1:486,41.87878896448826,12.507623795920805,9.84,110.25,0
1:487,41.87879008006279,12.507630988647488,10.16,94.92,0
1:488,41.878791724701586,12.50763799587135,10.49,103.979996,0
1:489,41.878791724701586,12.50763799587135,10.49,95.259995,0
1:490,41.87879582104509,12.507646298758225,10.78,68.75,0
1:491,41.87880912730235,12.50764455615598,10.79,82.84,0
1:492,41.87880912730235,12.50764455615598,10.79,88.57,0
1:493,41.8788127629113,12.507628869925147,10.8,98.71,0
1:494,41.87880912361441,12.507623519233167,11.13,96.45,0
1:495,41.87880912361441,12.507623519233167,11.13,105.229996,0
1:496,41.878805295623906,12.507618270692145,11.469999,110.939995,0
1:497,41.87880018646202,12.507615645223652,11.809999,105.259995,0
1:498,41.87879409044311,12.507613213782077,12.12,112.67,0
1:499,41.87879409044311,12.507613213782077,12.12,119.45,0
1:500,41.87878719309601,12.507620964675962,12.32,121.759995,0
1:501,41.87878548179137,12.507629190477337,12.65,125.68,0
1:502,41.87878798605344,12.507637752312508,12.969999,145.51,0
1:503,41.87878798605344,12.507637752312508,12.969999,137.48,0
1:504,41.87879657061354,12.50764068156145,13.139999,137.52,0
1:505,41.87880225063341,12.507641081088263,13.48,126.49,0
1:506,41.87880225063341,12.507641081088263,13.48,185.97,0
1:507,41.878807062865086,12.507637802673804,13.82,176.31999,0
1:508,41.87881063764028,12.507631860824057,14.15,144.70999,0
1:509,41.878812667350914,12.507615841001465,14.33,139.44,0
1:510,41.878812667350914,12.507615841001465,14.33,147.43,0
1:511,41.87880130782576,12.507607697814734,14.34,140.61,0
1:512,41.87879477996684,12.507611935996636,14.5,151.25,0
1:513,41.87879261876846,12.507617231996154,14.799999,143.06999,0
1:514,41.87879261876846,12.507617231996154,14.799999,148.59,0
1:515,41.8787910170984,12.507624152550667,15.089999,140.72,0
1:516,41.878790117731185,12.507630069841795,15.38,110.84,0
1:517,41.878791179075925,12.507639927570358,15.69,129.76,0
1:518,41.878791179075925,12.507639927570358,15.69,123.92,0
1:519,41.87879941074355,12.507641261108013,15.799999,131.5,0
1:520,41.87880487802962,12.507641015153206,16.119999,136.48999,0
1:521,41.878810365462115,12.507636218758027,16.4,171.16,0
1:522,41.878810365462115,12.507636218758027,16.4,162.08,0
1:523,41.87881123370487,12.507623205914943,16.63,168.09,0
1:524,41.87880893597572,12.507616538318821,16.949999,171.48999,0
1:525,41.87880893597572,12.507616538318821,16.949999,182.62999,0
1:526,41.87880508715268,12.507613190098905,17.279999,180.70999,0
1:527,41.87880156867424,12.507609429542992,17.609999,176.79,0
1:528,41.87878935618981,12.5076103593609,17.77,178.53,0
1:529,41.87878935618981,12.5076103593609,17.77,171.72,0
1:530,41.87878696409242,12.507628554579568,17.779999,160.08,0
1:531,41.878791577098426,12.50763780783434,17.91,161.76999,0
1:532,41.878791577098426,12.50763780783434,17.91,175.97,0
1:533,41.878796958978796,12.507638330384632,18.199999,172.29,0
1:534,41.87880142881575,12.507636954917626,18.47,195.4,0
1:535,41.87880588872958,12.507636184984165,18.77,190.40999,0
1:536,41.878812021293356,12.507634275263511,19.08,188.9,0
1:537,41.878812021293356,12.507634275263511,19.08,188.09999,0
1:538,41.87881238133013,12.507620779633903,19.18,188.89,0
1:539,41.87880888667747,12.507615127188828,19.51,188.12,0
1:540,41.87880888667747,12.507615127188828,19.51,193.64,0
1:541,41.878802757552904,12.507609519806286,19.85,192.93,0
1:542,41.87879330833507,12.507612623269376,19.949999,195.42,0
1:543,41.87879330833507,12.507612623269376,19.949999,203.36,0
1:544,41.87879098505625,12.507617794033758,20.27,246.98,0
1:545,41.87878948478724,12.507624859451873,20.59,240.72,0
1:546,41.878789666576694,12.507631359376669,20.93,212.67,0
1:547,41.87879557552297,12.507644526114293,21.09,241.31999,0
1:548,41.87879557552297,12.507644526114293,21.09,224.33,0
1:549,41.878807333156395,12.507642787013841,21.119999,187.44,0
1:550,41.87880971913011,12.507635345060942,21.27,199.73,0
1:551,41.87880971913011,12.507635345060942,21.27,198.39,0
1:552,41.878809217167884,12.507628028942172,21.63,211.18,0
1:553,41.87880733129528,12.507621238783331,21.939999,204.12,0
1:554,41.878805757130344,12.507614202439305,22.279999,241.93,0
1:555,41.878805757130344,12.507614202439305,22.279999,225.58,0
1:556,41.878800650781585,12.50760728907268,22.66,249.31999,0
1:557,41.878793568351625,12.507611291390464,23.019999,238.43999,0
1:558,41.878793568351625,12.507611291390464,23.019999,241.76999,0
1:559,41.87879024337827,12.5076155327977,23.359999,245.18999,0
1:560,41.87878636632108,12.507622302683009,23.67,225.45,0
1:561,41.87878666717936,12.50763039518591,24.019999,223.06,0
1:562,41.87878666717936,12.50763039518591,24.019999,234.20999,0
1:563,41.878793316439946,12.507634805784987,24.35,209.14,0
1:564,41.87879867748777,12.50763562842963,24.72,224.08,0
1:565,41.87879867748777,12.50763562842963,24.72,234.17,0
1:566,41.878803157376495,12.507635108229225,25.05,186.01,0
1:567,41.87880829346888,12.507632579336468,25.39,220.54,0
1:568,41.87880829346888,12.507632579336468,25.39,218.94,0
1:569,41.87881844580434,12.507624426427656,25.539999,237.18999,0
1:570,41.87881419780095,12.507611047601241,25.539999,246.73,0
1:571,41.87881419780095,12.507611047601241,25.539999,253.31999,0
1:572,41.87880609413897,12.507599665210906,25.55,259.25998,0
1:573,41.87880291402426,12.50759881473623,25.539999,239.97,0
1:574,41.87880291402426,12.50759881473623,25.539999,246.68,0
1:575,41.8788111639686,12.507606146613066,25.55,245.89,0
1:576,41.8788111639686,12.507606146613066,25.55,241.09,0
1:577,41.878820155513736,12.507614943022219,25.55,200.59999,0
1:578,41.8788313765355,12.507619351133181,25.56,219.44,0
1:579,41.878839498002485,12.507620158664828,25.56,224.15999,0
1:580,41.878839498002485,12.507620158664828,25.56,246.09999,0
1:581,41.87885035801832,12.507625973390313,25.56,263.96,0
1:582,41.87885035801832,12.507625973390313,25.56,237.15,0
1:583,41.878856398229345,12.507629143848213,25.55,230.33,0
1:584,41.878860304305434,12.507645219515169,25.56,242.79,0
1:585,41.878860304305434,12.507645219515169,25.56,238.93,0
1:586,41.87886338055333,12.50766231401927,25.57,252.04999,0
1:587,41.878865546314444,12.5076706123446,25.74,222.68,0
1:588,41.878865546314444,12.5076706123446,25.74,241.65,0
1:589,41.87886885819564,12.507676459968499,26.039999,313.28,0
1:590,41.87887258817713,12.507681834297573,26.38,292.47998,0
1:591,41.87887669902794,12.507686681653041,26.72,280.68,0
1:592,41.878881149640456,12.507690953562728,27.039999,270.25,0
1:593,41.878881149640456,12.507690953562728,27.039999,263.18,0
1:594,41.878879293948884,12.507705282987422,26.99,225.67,0
1:595,41.87887481952345,12.507720235408543,26.99,249.68999,0
1:596,41.87887481952345,12.507720235408543,26.99,284.52,0
1:597,41.87886224158185,12.507720990159893,26.93,293.19998,0
1:598,41.878861758033565,12.507733290826044,26.96,246.64,0
1:599,41.87886546236247,12.50774823288002,27.14,263.61,0
1:600,41.87886546236247,12.50774823288002,27.14,290.09,0
1:601,41.87887161353745,12.50776837979477,27.16,294.19,0
1:602,41.87887860284707,12.507783876214662,27.16,-276.97,0
1:603,41.87888653067174,12.50780004935584,27.18,316.13998,0
1:604,41.87888653067174,12.50780004935584,27.18,277.97,0
1:605,41.878896020362525,12.507812982717462,27.199999,258.65,0
1:606,41.87890695104948,12.507823600288795,27.189999,297.44,0
1:607,41.87891816469966,12.507833743689856,27.199999,275.37,0
1:608,41.87891816469966,12.507833743689856,27.199999,284.19,0
1:609,41.8789298033275,12.50784030577146,27.199999,264.08,0
1:610,41.87894362442903,12.507845816209658,27.199999,307.66998,0
1:611,41.87895700705334,12.507848095645818,27.189999,288.34,0
1:612,41.87895700705334,12.507848095645818,27.189999,257.91,0
1:613,41.87896969593317,12.507849257111868,27.189999,196.65,0
1:614,41.8789817251787,12.507857456764993,27.14,239.95,0
1:615,41.8789817251787,12.507857456764993,27.14,240.56999,0
1:616,41.87898830689862,12.507843609044032,27.13,238.7,0
1:617,41.87897858099991,12.507834018764827,27.15,255.25,0
1:618,41.87897858099991,12.507834018764827,27.15,257.13,0
1:619,41.87896931902624,12.507822312274435,27.189999,272.02,0
1:620,41.8789605342799,12.507808509731197,27.18,-294.88,0
1:621,41.878950767423675,12.50779595410234,27.189999,323.50998,0
1:622,41.878950767423675,12.50779595410234,27.189999,322.49,0
1:623,41.878938909299386,12.50778731651788,27.21,308.77,0
1:624,41.87892716370965,12.507778084204746,27.21,275.82,0
1:625,41.87891340431349,12.5077724294789,27.199999,283.13,0
1:626,41.87891340431349,12.5077724294789,27.199999,251.78,0
1:627,41.87889916980305,12.507769356702564,27.17,248.68,0
1:628,41.878885677305085,12.5077682041753,27.119999,270.41998,0
1:629,41.878885677305085,12.5077682041753,27.119999,248.28,0
1:630,41.87887158378954,12.507772101462363,27.13,268.72,0
1:631,41.878858440337446,12.507776355770938,27.09,244.08,0
1:632,41.878858440337446,12.507776355770938,27.09,275.88,0
1:633,41.87885001102654,12.507790857497618,27.099998,266.59,0
1:634,41.87885168764744,12.507806905426698,27.14,268.02,0
1:635,41.87884868797566,12.507824569732243,27.15,269.47998,0
1:636,41.87884868797566,12.507824569732243,27.15,298.91,0
1:637,41.8788442733205,12.50783989113165,27.15,294.38998,0
1:638,41.878837228387404,12.507852480419178,27.189999,276.97,0
1:639,41.878830343527824,12.507868107672465,27.22,276.97,0
1:640,41.878830343527824,12.507868107672465,27.22,290.61,0
1:641,41.87882677467906,12.507885580024523,27.21,287.1,0
1:642,41.87882274909244,12.507903040316132,27.24,252.04999,0
1:643,41.87882177509172,12.507922321781441,27.23,317.37,0
1:644,41.87882177509172,12.507922321781441,27.23,286.93,0
1:645,41.87882343539137,12.507939084122148,27.25,277.83,0
1:646,41.87882479000411,12.507957271588495,27.23,239.23,0
1:647,41.87882479000411,12.507957271588495,27.23,214.26,0
1:648,41.8788296877101,12.507971529548989,27.23,257,0
1:649,41.8788296877101,12.507971529548989,27.23,309.88,0
1:650,41.8788338971274,12.50796289596164,27.24,295.19998,0
1:651,41.87882354095207,12.50795103724697,27.25,264.4,0
1:652,41.878813625442056,12.507940546477366,27.25,277.69,0
1:653,41.878813625442056,12.507940546477366,27.25,325.61,0
1:654,41.8788025062416,12.507930217216394,27.26,309.16998,0
1:655,41.87878952920541,12.507924711132398,27.269999,299.11,0
1:656,41.87877710374704,12.507917554644655,27.23,293.46,0
1:657,41.87877710374704,12.507917554644655,27.23,265.4,0
1:658,41.87876310086464,12.507912493253675,27.21,290.00998,0
1:659,41.87874965571804,12.507910588209755,27.22,265.50998,0
1:660,41.87874965571804,12.507910588209755,27.22,-251.76,0
1:661,41.87873590762905,12.50790992433221,27.21,-302.19,0
1:662,41.8787252991904,12.507898732662825,27.25,296.97998,0
1:663,41.878720528632385,12.507881785533481,27.26,312.53998,0
1:664,41.878720528632385,12.507881785533481,27.26,294.16,0
1:665,41.878711823854196,12.50786773528454,27.269999,236.04999,0
1:666,41.87870353749364,12.507853438481803,27.17,256.52,0
1:667,41.87870353749364,12.507853438481803,27.17,241.78,0
1:668,41.87869525204221,12.50784229467408,27.119999,225.03,0
1:669,41.87868448195195,12.507829253148556,27.08,243.93999,0
1:670,41.87868448195195,12.507829253148556,27.08,243.81,0
1:671,41.8786724645507,12.507820934088933,27.08,273.97998,0
1:672,41.87865875836693,12.507815050871162,27.05,238.43999,0
1:673,41.87865875836693,12.507815050871162,27.05,-317.9,0
1:674,41.87864465141615,12.50781054077051,27.13,315.49,0
1:675,41.87863117059093,12.507809163806028,27.09,260.04,0
1:676,41.87861773618223,12.507810804142125,27.029999,282.22,0
1:677,41.87861773618223,12.507810804142125,27.029999,248.73999,0
1:678,41.878604208357274,12.50781749989081,27.039999,260.3,0
1:679,41.8785917349043,12.50782439922723,27.019999,243.15,0
1:680,41.878579358504034,12.507829171340246,26.97,251.70999,0
1:681,41.878579358504034,12.507829171340246,26.97,241.68999,0
1:682,41.878579358504034,12.507829171340246,26.97,287.87,0
1:683,41.87855717878416,12.507848972499122,26.869999,263.91,0
1:684,41.87855717878416,12.507848972499122,26.869999,286.06,0
1:685,41.87855004377969,12.507865798424998,26.92,283.15,0
1:686,41.87853947556526,12.507874748544387,26.96,254.03,0
1:687,41.87852594763739,12.507871390994039,26.96,254.03,0
1:688,41.87852594763739,12.507871390994039,26.96,269.6,0
1:689,41.8785123538756,12.507870521628119,26.98,256.65,0
1:690,41.87849890735675,12.50786907133335,27,271.07,0
1:691,41.878484503175585,12.507868247582875,27.01,260.02,0
1:692,41.878484503175585,12.507868247582875,27.01,306.38,0
1:693,41.87847074968334,12.5078686627756,27.029999,295.91,0
1:694,41.87845709574817,12.507870920003025,27.039999,258.57,0
1:695,41.87844322321282,12.507876592007452,27.019999,231.90999,0
1:696,41.87844322321282,12.507876592007452,27.019999,238.34999,0
1:697,41.878432975111124,12.507886415570505,27.039999,300.91998,0
1:698,41.878432975111124,12.507886415570505,27.039999,286.82,0
1:699,41.878433939360264,12.507899189830976,26.98,264.88998,0
1:700,41.878439763003755,12.507886927408078,27.01,270.19998,0
1:701,41.878439763003755,12.507886927408078,27.01,247.42,0
1:702,41.87844483242171,12.50787009411001,27.039999,307.63998,0
1:703,41.878451158825044,12.507853910855102,27.019999,269.28,0
1:704,41.878451158825044,12.507853910855102,27.019999,276.91998,0
1:705,41.8784559896422,12.507835349607024,27.019999,274.12,0
1:706,41.87845762032687,12.507816110416638,27,288.07,0
1:707,41.878457856834984,12.507797955076928,26.98,296.24,0
1:708,41.878457856834984,12.507797955076928,26.98,266.32,0
1:709,41.87845278841191,12.507780991751794,27,276.62,0
1:710,41.87844679200155,12.507765927780168,26.939999,237.7,0
1:711,41.87844679200155,12.507765927780168,26.939999,267.00998,0
1:712,41.878440816586675,12.507748181988847,26.96,259.59,0
1:713,41.87843535559582,12.507732520431821,26.97,323.78998,0
1:714,41.878428191568155,12.507715077729806,26.949999,254.01999,0
1:715,41.878428191568155,12.507715077729806,26.949999,251.75,0
1:716,41.87841806642049,12.507700876097479,26.97,251.75,0
1:717,41.87840771584567,12.50768870508978,26.98,270.53,0
1:718,41.87839688045323,12.507676880690367,27,257.41,0
1:719,41.87839688045323,12.507676880690367,27,260.66,0
1:720,41.878383436884725,12.507669095792242,26.97,267.38,0
1:721,41.878370374494295,12.507663298990401,26.98,280.13,0
1:722,41.87835692691195,12.5076604903229,27,287.34,0
1:723,41.87835692691195,12.5076604903229,27,305.19,0
1:724,41.87834285347849,12.507657759616345,26.99,296.78,0
1:725,41.87833111816136,12.507650956786547,26.99,263.74,0
1:726,41.87832563257284,12.507635688282628,26.949999,261.16998,0
1:727,41.87832563257284,12.507635688282628,26.949999,270.63,0
1:728,41.87831799775886,12.50762218790717,26.91,288.72998,0
1:729,41.87830365948023,12.507617540061691,26.9,294.63998,0
1:730,41.87830365948023,12.507617540061691,26.9,285.11,0
1:731,41.878290760079366,12.507615722585607,26.89,287.38998,0
1:732,41.87827902359582,12.50761967145499,26.859999,254.93999,0
1:733,41.87827902359582,12.50761967145499,26.859999,326.91998,0
1:734,41.87828223089833,12.507634527668987,26.89,299.28,0
1:735,41.87828223089833,12.507634527668987,26.89,-305.9,0
1:736,41.87829385581756,12.507630187704738,26.92,314.5,0
1:737,41.87830582928951,12.50762682759716,26.949999,-259.35,0
1:738,41.87831844634895,12.507631532438912,27,-302.78998,0
1:739,41.87831844634895,12.507631532438912,27,291.16998,0
1:740,41.87833289742692,12.50762991539434,27,295.6,0
1:741,41.87834715611478,12.507626368816343,26.99,258.16998,0
1:742,41.87834715611478,12.507626368816343,26.99,274.99,0
1:743,41.878360168863885,12.507618032570294,26.949999,246.11,0
1:744,41.878372271876685,12.507609674391968,26.88,222.34,0
1:745,41.87838369315331,12.507599735200667,26.769999,248.36,0
1:746,41.87838369315331,12.507599735200667,26.769999,245.64,0
1:747,41.87838805730091,12.507584387722126,26.66,290.02,0
1:748,41.87838381524968,12.507570789204342,26.68,273.22998,0
1:749,41.87838381524968,12.507570789204342,26.68,259.63,0
1:750,41.87838913026693,12.507555412237027,26.72,254.15,0
1:751,41.87838586100712,12.507539216771924,26.75,251.12999,0
1:752,41.87837402294241,12.50753170022164,26.859999,226.04999,0
1:753,41.87837402294241,12.50753170022164,26.859999,243.78,0
1:754,41.87836294150469,12.507521368368883,26.88,249.47,0
1:755,41.87835446611604,12.507509522451882,26.89,246.28,0
1:756,41.87835446611604,12.507509522451882,26.89,301.94998,0
1:757,41.87834190339789,12.507505190458817,26.93,286.75,0
1:758,41.87832918986893,12.50749716476642,26.93,266.09,0
1:759,41.87831686290415,12.507492959943693,26.859999,233.37999,0
1:760,41.87831686290415,12.507492959943693,26.859999,247.26,0
1:761,41.87831001576442,12.507506193169288,26.869999,274.07,0
1:762,41.87830939763225,12.507523340015963,26.9,261.33,0
1:763,41.87830939763225,12.507523340015963,26.9,226.53,0
1:764,41.878310870267484,12.507541349639661,26.939999,226.53,0
1:765,41.87831285832161,12.507558563757604,26.97,259,0
1:766,41.87831285832161,12.507558563757604,26.97,247.39,0
1:767,41.878323396071984,12.507566905947483,26.96,257.32,0
1:768,41.87833428203201,12.507557909383276,26.93,239.28,0
1:769,41.87833428203201,12.507557909383276,26.93,282.86,0
1:770,41.87834451761188,12.507546107975891,26.939999,278.55,0
1:771,41.878353086348156,12.50753438383831,27.029999,266.02,0
1:772,41.878358927796654,12.50751722501182,27.07,233.56,0
1:773,41.878358927796654,12.50751722501182,27.07,251.34999,0
1:774,41.87835488341872,12.50750373283793,27.08,-322.87,0
1:775,41.87834198813462,12.507498993669403,27.029999,310.91,0
1:776,41.87834198813462,12.507498993669403,27.029999,270.97998,0
1:777,41.87832994522658,12.507496115334673,27.01,263.61,0
1:778,41.878317165829394,12.507495786120156,26.98,276.94,0
1:779,41.878317165829394,12.507495786120156,26.98,278.21,0
1:780,41.878303722398115,12.507500987571293,26.939999,250.22,0
1:781,41.878291559349165,12.507508441411854,26.939999,271.68,0
1:782,41.878291559349165,12.507508441411854,26.939999,242.81999,0
1:783,41.878295527018054,12.507524352909277,26.92,245.72,0
1:784,41.878303529047415,12.507537629953346,26.96,245.72,0
1:785,41.87831337284854,12.507550981502645,26.96,-302.07,0
1:786,41.87831337284854,12.507550981502645,26.96,322.84,0
1:787,41.87831337284854,12.507550981502645,26.96,279.43,0
1:788,41.87831972577071,12.507574898879696,26.91,274.54,0
1:789,41.87831972577071,12.507574898879696,26.91,266.16,0
1:790,41.87831407523716,12.507591350712827,26.92,281.32,0
1:791,41.87831042051097,12.507607800887214,26.92,274.8,0
1:792,41.87831042051097,12.507607800887214,26.92,254.43999,0
1:793,41.878311185817466,12.507625727573735,26.89,248.20999,0
1:794,41.878309208809995,12.507640627283674,26.91,-305.78,0
1:795,41.878309208809995,12.507640627283674,26.91,325.69998,0
1:796,41.878303467021496,12.507652959120382,26.939999,297.46,0
1:797,41.87829309792124,12.507648764388346,26.96,-295.47998,0
1:798,41.87829309792124,12.507648764388346,26.96,322.58,0
1:799,41.87828148727346,12.50763986214214,26.82,279.07,0
1:800,41.87826920490696,12.507633765522405,26.769999,270.32,0
1:801,41.87826920490696,12.507633765522405,26.769999,271.25998,0
1:802,41.878257269446465,12.507632116593097,26.769999,271.44998,0
1:803,41.87824634787643,12.507632985175722,26.769999,324.66998,0
1:804,41.87824634787643,12.507632985175722,26.769999,286.86,0
1:805,41.8782394210087,12.507635862404623,26.769999,287.03,0
1:806,41.87823700083154,12.507644718436392,26.64,287.03,0
1:807,41.87823700083154,12.507644718436392,26.64,260.5,0
1:808,41.87822938406271,12.507644092583238,26.82,265.61,0
1:809,41.87822938406271,12.507644092583238,26.82,260.44,0
1:810,41.878220241826845,12.50763028603137,26.869999,292.07,0
1:811,41.87821940283027,12.507611221354626,26.779999,274.13,0
1:812,41.87821940283027,12.507611221354626,26.779999,274.63,0
1:813,41.87821315241553,12.50759534842299,26.83,278.94,0
1:814,41.87820706440716,12.507578344873327,26.88,243.06999,0
1:815,41.878200632648955,12.507562418907975,26.89,269.4,0
1:816,41.878200632648955,12.507562418907975,26.89,242.75,0
1:817,41.87819197324094,12.50754852660828,26.92,306.41998,0
1:818,41.87818068445552,12.507537427817015,26.93,288.85,0
1:819,41.87818068445552,12.507537427817015,26.93,276.63998,0
1:820,41.87816966641597,12.507528726094472,26.96,271.13998,0
1:821,41.87815766261719,12.507520459423498,27.09,257.07,0
1:822,41.87814557703203,12.507514871162583,26.97,-285.88,0
1:823,41.87814557703203,12.507514871162583,26.97,-313.84,0
1:824,41.87814397451288,12.507501984660466,27.08,320.12,0
1:825,41.87814397451288,12.507501984660466,27.08,320.12,0
1:826,41.87814236725946,12.507484158742615,27.099998,288.3,0
1:827,41.878142677320426,12.507466329737658,27.08,285.46,0
1:828,41.87814083849901,12.507448058723623,27.109999,300.86,0
1:829,41.87814083849901,12.507448058723623,27.109999,300.06,0
1:830,41.87813682410485,12.507433261855784,27.05,253.98,0
1:831,41.87814859427725,12.507422962578906,27.06,273.94998,0
1:832,41.87814859427725,12.507422962578906,27.06,257.88998,0
1:833,41.878158754932,12.50741213536082,27.06,250.4,0
1:834,41.87816789661897,12.507398812148388,27.16,255.64,0
1:835,41.87816789661897,12.507398812148388,27.16,244.34,0
1:836,41.878174051113085,12.507383766284713,27.18,222.09999,0
1:837,41.8781828133716,12.50737759903015,27.21,250.18,0
1:838,41.8781828133716,12.50737759903015,27.21,256.00998,0
1:839,41.87819520394039,12.507382748553399,27.17,271.37,0
1:840,41.878208552960544,12.507385359231428,27.14,254.84,0
1:841,41.87822076355812,12.507386332913887,27.16,268.5,0
1:842,41.87822076355812,12.507386332913887,27.16,249.81,0
1:843,41.8782344633952,12.507385161840945,27.21,281.15,0
1:844,41.87824766736802,12.507383277738663,27.23,281.15,0
1:845,41.87825868533896,12.507380104331888,27.18,291.69998,0
1:846,41.87825868533896,12.507380104331888,27.18,281.59,0
1:847,41.87825868533896,12.507380104331888,27.18,304.86,0
1:848,41.8782791969116,12.50736044918852,27.18,290.02,0
1:849,41.8782791969116,12.50736044918852,27.18,268.78,0
1:850,41.8782884233353,12.507349134852747,27.25,285.93,0
1:851,41.87829563076052,12.507335860987936,27.199999,259.75,0
1:852,41.87829563076052,12.507335860987936,27.199999,283.58,0
1:853,41.87830665181903,12.50734001332986,27.16,278.36,0
1:854,41.878317706909456,12.507344349700162,27.18,232.95999,0
1:855,41.87832679967554,12.507352956459638,27.17,250.58,0
1:856,41.87832679967554,12.507352956459638,27.17,-318.62,0
1:857,41.87833368070996,12.50736469552591,27.14,323,0
1:858,41.87834263926952,12.507375069676629,27.06,311.00998,0
1:859,41.87834263926952,12.507375069676629,27.06,270.33,0
1:860,41.87835042770742,12.507381573978666,27.07,248.04999,0
1:861,41.87835814866469,12.507394316308323,27.05,262.32,0
1:862,41.87835814866469,12.507394316308323,27.05,264.97998,0
1:863,41.87836575215695,12.507405807991427,27.05,320.21,0
1:864,41.87836522318704,12.507417926034522,26.939999,-289.41,0
1:865,41.87836522318704,12.507417926034522,26.939999,-324.8,0
1:866,41.87835733467745,12.507430481893762,26.869999,294.41,0
1:867,41.8783509656313,12.507442490459782,26.8,273.13998,0
1:868,41.8783509656313,12.507442490459782,26.8,281.79,0
1:869,41.87834711865222,12.507459687160917,26.74,281.79,0
1:870,41.878344031284776,12.507476345784077,26.72,258.69,0
1:871,41.878344031284776,12.507476345784077,26.72,264.28,0
1:872,41.87834212892796,12.507491885722946,26.859999,263.72,0
1:873,41.87834212892796,12.507491885722946,26.859999,254.33,0
1:874,41.8783400459138,12.507501445015901,26.83,308.83,0
1:875,41.87832730617478,12.507506890624871,26.83,277.94998,0
1:876,41.87832730617478,12.507506890624871,26.83,-306.68,0
1:877,41.87831361306174,12.507511273670374,26.869999,310.52,0
1:878,41.87830186511987,12.507520178681155,26.88,261.16998,0
1:879,41.87828996554384,12.50752937120748,26.92,265.3,0
1:880,41.87828996554384,12.50752937120748,26.92,251.68999,0
1:881,41.87828024435368,12.507538970125974,26.789999,199.65999,0
1:882,41.87827215196135,12.507549502087711,26.8,221.93,0
1:883,41.878266184711386,12.507565570382475,26.769999,228.31999,0
1:884,41.878266184711386,12.507565570382475,26.769999,244.47,0
1:885,41.87826871171858,12.507582048018284,26.74,241.29999,0
1:886,41.878273714342036,12.507598300663961,26.81,267.28,0
1:887,41.878273714342036,12.507598300663961,26.81,258.62,0
1:888,41.87828660255903,12.507600255953987,26.75,266.22998,0
1:889,41.87829520069587,12.507587669131537,26.73,266.22998,0
1:890,41.87829520069587,12.507587669131537,26.73,259.08,0
1:891,41.878302116242494,12.507571926687726,26.68,223.18,0
1:892,41.87830848034854,12.507560665523899,26.699999,244.59,0
1:893,41.87831503602135,12.507547664199867,26.63,249.22,0
1:894,41.87831503602135,12.507547664199867,26.63,256.79,0
1:895,41.87831144400721,12.507533167518533,26.58,274.94,0
1:896,41.87831144400721,12.507533167518533,26.58,273.75,0
1:897,41.87829892506398,12.507535335127733,26.49,327.22,0
1:898,41.878291861107996,12.507549642159388,26.439999,311.88998,0
1:899,41.878291861107996,12.507549642159388,26.439999,275.65,0
1:900,41.87828626484713,12.507566127443848,26.39,270.13,0
1:901,41.87828090701552,12.507581286286388,26.42,265.71,0
1:902,41.87828090701552,12.507581286286388,26.42,260.37,0
1:903,41.878278543169415,12.50759841456435,26.449999,295.22998,0
1:904,41.87827212039949,12.507613158122016,26.46,288.41998,0
1:905,41.87827212039949,12.507613158122016,26.46,312.88998,0
1:906,41.87826242823251,12.507620081164644,26.46,298.88,0
1:907,41.87824892339283,12.50762338879142,26.449999,266.13998,0
1:908,41.87824892339283,12.50762338879142,26.449999,273.22998,0
1:909,41.878236330279236,12.50762904372461,26.46,259.88,0
1:910,41.878224284489455,12.50763515412113,26.42,282.16998,0
1:911,41.8782155273769,12.507646367181396,26.449999,-302.49,0
1:912,41.878222263981506,12.5076598112978,26.25,-302.49,0
1:913,41.878222263981506,12.5076598112978,26.25,322.09,0
1:914,41.878231976595075,12.507668123676373,26.23,308.91,0
1:915,41.87824263242797,12.507676190791283,26.09,295.07,0
1:916,41.87824263242797,12.507676190791283,26.09,277.47998,0
1:917,41.87824263242797,12.507676190791283,26.09,261.08,0
1:918,41.878265655226876,12.507689066189034,26.07,271.08,0
1:919,41.878265655226876,12.507689066189034,26.07,252.25,0
1:920,41.8782706776108,12.507676011693057,26.13,262.66,0
1:921,41.878265915131934,12.507660879344336,26.18,253.48999,0
1:922,41.878265915131934,12.507660879344336,26.18,262.97,0
1:923,41.878257860270764,12.507648052188376,26.17,248.72,0
1:924,41.87824671481736,12.507638135297961,26.25,287.16998,0
1:925,41.87823285271114,12.507631811660742,26.33,265.25998,0
1:926,41.87823285271114,12.507631811660742,26.33,325.19998,0
1:927,41.87821959377952,12.507637683935412,26.369999,313.78998,0
1:928,41.87821006772399,12.50764950607709,26.38,272.27,0
1:929,41.878206733419304,12.50766567762864,26.359999,276,0
1:930,41.878206733419304,12.50766567762864,26.359999,255.93,0
1:931,41.87821835525096,12.50767549029467,26.31,284.97,0
1:932,41.87823064845828,12.50768369549998,26.32,269.59,0
1:933,41.87823064845828,12.50768369549998,26.32,242.62,0
1:934,41.878244528541025,12.507689334306496,26.279999,260.47998,0
1:935,41.87825337272315,12.507699603702953,26.33,228.09,0
1:936,41.87825555604913,12.507716431840487,26.439999,258.33,0
1:937,41.87825555604913,12.507716431840487,26.439999,-283.57,0
1:938,41.87825827880848,12.507735176402765,26.47,-283.57,0
1:939,41.878262934937595,12.507751163787706,26.47,-317.47998,0
1:940,41.878262934937595,12.507751163787706,26.47,294.97,0
1:941,41.87826986304035,12.507765590133706,26.48,309.78998,0
1:942,41.87827781738386,12.507780223177582,26.49,297.46,0
1:943,41.87827781738386,12.507780223177582,26.49,-240.79999,0
1:944,41.87829152655228,12.50778657148861,26.59,-317.03998,0
1:945,41.878305228173296,12.507784915809138,26.41,302.09,0
1:946,41.87831173657193,12.507783960764504,26.01,275.1,0
1:947,41.87831173657193,12.507783960764504,26.01,277.6,0
1:948,41.87831672705092,12.507780951619416,25.66,270.50998,0
1:949,41.87832146894597,12.507777288376456,25.279999,265.24,0
1:950,41.87832146894597,12.507777288376456,25.279999,270.27,0
1:951,41.87832500641298,12.507773369295345,24.99,279.31,0
1:952,41.87832500641298,12.507773369295345,24.99,271.72998,0
1:953,41.878330821136814,12.507761099246833,24.82,283.87,0
1:954,41.878338372517696,12.507745654962175,24.82,237.37999,0
1:955,41.878338372517696,12.507745654962175,24.82,264.21,0
1:956,41.87834525732582,12.507728944848852,24.8,248.15999,0
1:957,41.87834914835428,12.507709989510953,24.8,254.62999,0
1:958,41.87835072644729,12.507691834585929,24.8,-319.78,0
1:959,41.87835184044373,12.507673418570063,24.8,259.31,0
1:960,41.87835184044373,12.507673418570063,24.8,262.37,0
1:961,41.87835106285555,12.507654696654242,24.8,260.38998,0
1:962,41.87834926115362,12.507637277220711,24.88,260.38998,0
1:963,41.87834583552538,12.507621833074282,24.92,255.09999,0
1:964,41.87834583552538,12.507621833074282,24.92,268.16998,0
1:965,41.87834264352351,12.507609550723423,24.949999,253.15,0
1:966,41.87833944582678,12.507608829123907,24.949999,189.73,0
1:967,41.87833944582678,12.507608829123907,24.949999,235.23,0
1:968,41.87833944582678,12.507608829123907,24.949999,253.2,0
1:969,41.87833784824776,12.507610469390888,24.949999,255.54999,0
1:970,41.8783308549629,12.507628887987021,24.869999,-278.62,0
1:971,41.878327459112576,12.50764642242677,24.82,326.74,0
1:972,41.878327459112576,12.50764642242677,24.82,-314.69998,0
1:973,41.87832487982247,12.507665588010413,24.76,316.69998,0
1:974,41.878321042860854,12.50768516864855,24.73,-324.6,0
1:975,41.878320460132855,12.50770481561339,24.65,266.3,0
1:976,41.878320460132855,12.50770481561339,24.65,261.69998,0
1:977,41.87832279523022,12.507724226414618,24.609999,217.4,0
1:978,41.878326173927356,12.507742137204847,24.58,234.51999,0
1:979,41.878329329495855,12.507760758950988,24.529999,197.23999,0
1:980,41.878329329495855,12.507760758950988,24.529999,231.5,0
1:981,41.87833710825936,12.507777416237937,24.539999,239.18,0
1:982,41.8783454134198,12.507792145995777,24.49,256.33,0
1:983,41.8783542455947,12.507806667949913,24.42,231.53,0
1:984,41.87836456402445,12.507818888097889,24.33,241.56999,0
1:985,41.87836456402445,12.507818888097889,24.33,235.33,0
1:986,41.878376761722826,12.507830786472656,24.24,262.77,0
1:987,41.87838950897495,12.50783718795563,24.22,262.77,0
1:988,41.87840244367707,12.507844245080028,24.18,230.59,0
1:989,41.87840244367707,12.507844245080028,24.18,252.87,0
1:990,41.87841616444104,12.507847710241363,24.109999,266.83,0
1:991,41.87843080351792,12.507847918920517,24.07,263.88,0
1:992,41.87844587289959,12.507848488698922,24.039999,261.08,0
1:993,41.87845941410403,12.507845229129634,23.98,270.5,0
1:994,41.87845941410403,12.507845229129634,23.98,273.75,0
1:995,41.878471714344144,12.50783740760092,23.93,266.83,0
1:996,41.87848449535373,12.507829862276045,23.84,233.7,0
1:997,41.87849665161002,12.50782064081386,23.76,247.76,0
1:998,41.87849665161002,12.50782064081386,23.76,219.01999,0
1:999,41.87850720153915,12.50780835956883,23.57,228.95,0
1:1000,41.878518367747915,12.507795874920374,23.43,190.09999,0
1:1001,41.878526890753804,12.507781023475264,23.35,230.04999,0
1:1002,41.878526890753804,12.507781023475264,23.35,216.95,0
1:1003,41.87853322216588,12.507763009128755,23.26,254.89,0
1:1004,41.87853899187975,12.507745553986162,23.22,265.87,0
1:1005,41.87853899187975,12.507745553986162,23.22,231.84,0
1:1006,41.87853938125705,12.507727283225547,23.16,246.53,0
1:1007,41.87853929116852,12.507708806918961,23.14,194.78,0
1:1008,41.87853670093469,12.507689643938624,23.09,237.76999,0
1:1009,41.87853670093469,12.507689643938624,23.09,247.48999,0
1:1010,41.87853254955519,12.50767202858905,22.96,247.48999,0
1:1011,41.87852733906944,12.507653377722745,22.89,326.86,0
1:1012,41.87852135024078,12.50763643946307,22.81,303.44,0
1:1013,41.87852135024078,12.50763643946307,22.81,-262.03,0
1:1014,41.8785117124494,12.507621638816982,22.76,327.53998,0
1:1015,41.878502264200726,12.507607834062085,22.67,249.90999,0
1:1016,41.878491837054085,12.50759536510258,22.59,255.08,0
1:1017,41.878491837054085,12.50759536510258,22.59,269.88,0
1:1018,41.87847843149704,12.507587938723438,22.57,261.82,0
1:1019,41.87846469028647,12.507581155798563,22.51,-322.03,0
1:1020,41.87845051352223,12.507576249235168,22.449999,299.77,0
1:1021,41.87845051352223,12.507576249235168,22.449999,306.38,0
1:1022,41.87843589358831,12.507575223302286,22.39,277.62,0
1:1023,41.878421685982644,12.507578513143644,22.31,242.31999,0
1:1024,41.878421685982644,12.507578513143644,22.31,244.84999,0
1:1025,41.87840667698018,12.507583842686643,22.269999,-197.48,0
1:1026,41.87839337067146,12.507591584411362,22.21,-289.69,0
1:1027,41.87837930293286,12.507596462084974,22.15,279.72998,0
1:1028,41.878366137005806,12.5076075107914,22.09,249.04,0
1:1029,41.878366137005806,12.5076075107914,22.09,289.87,0
1:1030,41.87835540319453,12.507620881830936,22,260.6,0
1:1031,41.878342938969965,12.507634806982969,22.01,216.34999,0
1:1032,41.87833151988895,12.507647633954623,21.98,196.18,0
1:1033,41.87833151988895,12.507647633954623,21.98,175.25,0
1:1034,41.87832638429401,12.507665847880235,21.9,173.19,0
1:1035,41.87832007919493,12.507682965698898,21.89,189.64,0
1:1036,41.878313280564406,12.50770075245197,21.84,189.64,0
1:1037,41.878313280564406,12.50770075245197,21.84,184.31,0
1:1038,41.878311911054126,12.507719413040356,21.619999,202.31,0
1:1039,41.87831390576369,12.50773870404344,21.59,296.29,0
1:1040,41.8783164834757,12.507758059368912,21.55,230.25,0
1:1041,41.8783164834757,12.507758059368912,21.55,227.65,0
1:1042,41.87832111209111,12.50777698503373,21.47,205.92,0
1:1043,41.87832696825704,12.507796890854717,21.439999,217.19,0
1:1044,41.87833622596814,12.507813409429238,21.369999,259.37,0
1:1045,41.87833622596814,12.507813409429238,21.369999,258.07,0
1:1046,41.87834523866316,12.507827729938185,21.31,238.20999,0
1:1047,41.87835518075203,12.507843468511593,21.279999,227.48,0
1:1048,41.878368140017514,12.507854949643246,21.21,268.02,0
1:1049,41.87837962812294,12.50786620414906,21.16,198.98999,0
1:1050,41.87837962812294,12.50786620414906,21.16,229.62999,0
1:1051,41.878394632048064,12.507870828219216,21.109999,259.13998,0
1:1052,41.8784099123453,12.507872209445749,21.039999,235.40999,0
1:1053,41.87842448792109,12.507874050950575,20.98,298.47998,0
1:1054,41.878440010352676,12.507873698997448,20.92,239.15999,0
1:1055,41.878440010352676,12.507873698997448,20.92,220.95,0
1:1056,41.87845434008902,12.507869673249912,20.84,175.48,0
1:1057,41.87846920404415,12.507868575576373,20.85,192.7,0
1:1058,41.87848391214545,12.507865490405537,20.81,256.22998,0
1:1059,41.87848391214545,12.507865490405537,20.81,261.3,0
1:1060,41.87849851053497,12.507859391044269,20.74,252.42,0
1:1061,41.878510913728505,12.507846450057034,20.64,195.81,0
1:1062,41.87852104803597,12.507832260266293,20.59,195.81,0
1:1063,41.87853205633251,12.5078195251706,20.52,203.43,0
1:1064,41.87853205633251,12.5078195251706,20.52,195.33,0
1:1065,41.87853923250463,12.50780344079524,20.46,217.23,0
1:1066,41.8785451772153,12.507786474567304,20.43,197.03,0
1:1067,41.8785451772153,12.507786474567304,20.43,193.04,0
1:1068,41.87854765060164,12.507771908195704,20.4,196.01,0
1:1069,41.87854765060164,12.507771908195704,20.4,200.54,0
1:1070,41.8785483139153,12.507759329252284,20.43,221.84999,0
1:1071,41.87854604276501,12.507753978790685,20.43,217.15999,0
1:1072,41.87854604276501,12.507753978790685,20.43,215.45,0
1:1073,41.878545595341336,12.507752931063758,20.43,218.84,0
1:1074,41.878545595341336,12.507752931063758,20.43,203.4,0
1:1075,41.87854424401343,12.507754525323644,20.42,207.31999,0
1:1076,41.87854424401343,12.507754525323644,20.42,209.09,0
1:1077,41.87854424401343,12.507754525323644,20.42,201.64,0
1:1078,41.87854530723644,12.507756817730257,20.42,207.04,0
1:1079,41.87854530723644,12.507756817730257,20.42,176.98999,0
1:1080,41.87854530723644,12.507756817730257,20.42,196.18,0
1:1081,41.87854530723644,12.507756817730257,20.4,198.31,0
1:1082,41.87854530723644,12.507756817730257,20.4,194.09999,0
1:1083,41.87854535221209,12.507755611409017,20.4,211.26999,0
1:1084,41.87854535221209,12.507755611409017,20.4,210.73999,0
1:1085,41.87854535221209,12.507755611409017,20.4,203.90999,0
1:1086,41.87854535221209,12.507755611409017,20.4,210.75,0
1:1087,41.87854535221209,12.507755611409017,20.4,200.84999,0
1:1088,41.87854535221209,12.507755611409017,20.4,209.51999,0
1:1089,41.87854505553061,12.50775727243333,20.4,200.59,0
1:1090,41.87854505553061,12.50775727243333,20.4,201.70999,0
1:1091,41.878546281503034,12.507759040077993,20.4,206.62999,0
1:1092,41.878546281503034,12.507759040077993,20.4,201.55,0
1:1093,41.87854785091653,12.5077560927211,20.4,191.31,0
1:1094,41.87854785091653,12.5077560927211,20.4,203.03,0
1:1095,41.87854785091653,12.5077560927211,20.4,203.5,0
1:1096,41.87854785091653,12.5077560927211,20.4,203.09999,0
1:1097,41.87854785091653,12.5077560927211,20.4,203.59,0
1:1098,41.87854785091653,12.5077560927211,20.4,203.92,0
1:1099,41.87854785091653,12.5077560927211,20.4,203.37,0
1:1100,41.87854785091653,12.5077560927211,20.4,203.84999,0
1:1101,41.87854785091653,12.5077560927211,20.4,202.29,0
1:1102,41.87854785091653,12.5077560927211,20.4,202.11,0
1:1103,41.87854785091653,12.5077560927211,20.4,201.70999,0
1:1104,41.87854785091653,12.5077560927211,20.4,203.31,0
1:1105,41.87854785091653,12.5077560927211,20.4,203.20999,0
1:1106,41.87854785091653,12.5077560927211,20.4,203.55,0
1:1107,41.87854785091653,12.5077560927211,20.4,206.14,0
1:1108,41.87854785091653,12.5077560927211,20.4,165.18,0
1:1109,41.87854785091653,12.5077560927211,20.4,193.65,0
1:1110,41.87854785091653,12.5077560927211,20.4,181.18,0
1:1111,41.87854785091653,12.5077560927211,20.4,215.08,0
1:1112,41.87854785091653,12.5077560927211,20.4,208.28,0
1:1113,41.87855266060096,12.50776718904729,20.41,202.87,0
1:1114,41.87855266060096,12.50776718904729,20.41,210.87,0
1:1115,41.878559015787346,12.507776780893085,20.41,208.12999,0
1:1116,41.878559015787346,12.507776780893085,20.41,216.70999,0
1:1117,41.878555360580876,12.507782757115685,20.39,211.9,0
1:1118,41.878555360580876,12.507782757115685,20.39,228.62999,0
1:1119,41.87854779736429,12.507780571997525,20.39,215.06,0
1:1120,41.87854779736429,12.507780571997525,20.39,276.21,0
1:1121,41.878551131223,12.50777009364546,20.41,253.61,0
1:1122,41.878551131223,12.50777009364546,20.41,216.56,0
1:1123,41.878551131223,12.50777009364546,20.41,214.25,0
1:1124,41.878559172567456,12.507773922394163,20.4,201.06,0
1:1125,41.878559172567456,12.507773922394163,20.4,209.33,0
1:1126,41.87855676775955,12.507783109184002,20.4,205.47,0
1:1127,41.87855676775955,12.507783109184002,20.4,163.76,0
1:1128,41.87854895101889,12.507780289043524,20.4,205.09,0
1:1129,41.87854895101889,12.507780289043524,20.4,202.37999,0
1:1130,41.8785386851465,12.507768535255902,20.43,212.87,0
1:1131,41.87852686711671,12.50776429695881,20.42,228.48999,0
1:1132,41.87852686711671,12.50776429695881,20.42,200.43,0
1:1133,41.87851399529817,12.507764754795065,20.42,211.45999,0
1:1134,41.878500968963735,12.507769615696938,20.39,195.72,0
1:1135,41.878500968963735,12.507769615696938,20.39,208.70999,0
1:1136,41.87848755476148,12.507767699986376,20.4,203.84,0
1:1137,41.878474921852494,12.507777262504664,20.47,206.73999,0
1:1138,41.878464877187575,12.507791152869158,20.449999,230.01999,0
1:1139,41.87845598147728,12.50780802650695,20.51,201.67,0
1:1140,41.87845598147728,12.50780802650695,20.51,164.51,0
1:1141,41.87844989888931,12.507824243121032,20.529999,179.79,0
1:1142,41.87844216468978,12.507838069785166,20.56,195.95999,0
1:1143,41.878434091337475,12.507850932834492,20.59,193.23999,0
1:1144,41.87843030648723,12.507867105906557,20.6,220.51,0
1:1145,41.87843030648723,12.507867105906557,20.6,206.98,0
1:1146,41.878431745570836,12.507881672485501,20.59,182.62999,0
1:1147,41.87843426036496,12.507895973296868,20.58,182.62999,0
1:1148,41.87843426036496,12.507895973296868,20.58,168.81999,0
1:1149,41.87844065613578,12.507913660202796,20.6,160.98999,0
1:1150,41.878448851687374,12.507928840493811,20.67,164.26999,0
1:1151,41.87845572527731,12.50794447672044,20.71,184.68,0
1:1152,41.87846420972284,12.507960132114771,20.73,244.15,0
1:1153,41.87847310876085,12.507975318683672,20.77,199.67,0
1:1154,41.87847310876085,12.507975318683672,20.77,220.29999,0
1:1155,41.878484555561414,12.507985204806698,20.82,257.53,0
1:1156,41.87849588784731,12.507997175192822,20.83,228.67,0
1:1157,41.87850935632224,12.508004393255659,20.869999,236.37,0
1:1158,41.87852176003037,12.50801151573916,20.93,206,0
1:1159,41.87852176003037,12.50801151573916,20.93,226.06,0
1:1160,41.87853566851879,12.508016614146614,20.93,315.4,0
1:1161,41.87854979310305,12.508021023605304,20.97,270.19998,0
1:1162,41.87856418935944,12.50801868551989,21.02,238.18999,0
1:1163,41.8785775309008,12.508015746963553,21.05,200.34,0
1:1164,41.8785775309008,12.508015746963553,21.05,220.59,0
1:1165,41.87858990953097,12.508008151801498,21.06,194.7,0
1:1166,41.87860353211012,12.508001812089441,21.1,205.15,0
1:1167,41.878616187386854,12.507992615059166,21.13,194.98999,0
1:1168,41.878616187386854,12.507992615059166,21.13,198.2,0
1:1169,41.878626539848526,12.507980999016372,21.14,253.7,0
1:1170,41.878636606297995,12.507967189861198,21.199999,325.25,0
1:1171,41.87864489382496,12.507951345335545,21.3,325.25,0
1:1172,41.878650718343266,12.507934825701271,21.359999,256.34,0
1:1173,41.878650718343266,12.507934825701271,21.359999,240.65999,0
1:1174,41.878655986257876,12.507916841638352,21.369999,216.28,0
1:1175,41.87865964703913,12.507899403624588,21.439999,239.53,0
1:1176,41.87866386811202,12.507888139396693,21.46,197.22,0
1:1177,41.87866386811202,12.507888139396693,21.46,214.76,0
1:1178,41.87866438215866,12.5078675818738,21.539999,235.48,0
1:1179,41.87865734420691,12.507850510592109,21.55,216.26999,0
1:1180,41.87865325476756,12.507831942409561,21.609999,267.06,0
1:1181,41.87864780550948,12.507814015331393,21.71,227.81,0
1:1182,41.87864780550948,12.507814015331393,21.71,235.79999,0
1:1183,41.87864059120583,12.507797294044588,21.779999,241.17,0
1:1184,41.87863091452819,12.507781351100151,21.88,239.43999,0
1:1185,41.878620697610984,12.507767689204544,21.869999,239.43,0
1:1186,41.87861022754708,12.507757991705999,21.9,213.76,0
1:1187,41.87861022754708,12.507757991705999,21.9,226.58,0
1:1188,41.878597762910836,12.507750654576476,21.89,-293.75,0
1:1189,41.87858559042763,12.507742845534416,21.949999,297.63,0
1:1190,41.87857374447246,12.507737116810176,21.939999,290.29,0
1:1191,41.87856065954275,12.507732711348595,22.029999,239.65999,0
1:1192,41.87856065954275,12.507732711348595,22.029999,236.12,0
1:1193,41.878547142764454,12.507733091799858,22.05,229.65,0
1:1194,41.87853461977307,12.50773521706502,22.08,229.65,0
1:1195,41.87852115212149,12.507736809597048,22.14,206.68,0
1:1196,41.87852115212149,12.507736809597048,22.14,229.93,0
1:1197,41.87850672090691,12.50774011750028,22.23,253.42,0
1:1198,41.87849459988327,12.507748069655047,22.24,240.81,0
1:1199,41.87848455079283,12.50776068817793,22.26,256.97998,0
1:1200,41.87847603722118,12.507775549391196,22.279999,235.15,0
1:1201,41.87847603722118,12.507775549391196,22.279999,274.31,0
1:1202,41.87846650049638,12.507788420181326,22.269999,261.5,0
1:1203,41.87845848796927,12.507801519785913,22.3,241.51,0
1:1204,41.878451933291345,12.507814577967986,22.35,218.20999,0
1:1205,41.878451933291345,12.507814577967986,22.35,265.54,0
1:1206,41.87845085950197,12.507830628177839,22.41,226.06999,0
1:1207,41.87845085950197,12.507830628177839,22.41,219.86,0
1:1208,41.87845958292567,12.507834430455759,22.4,227.31,0
1:1209,41.87845958292567,12.507834430455759,22.4,228.68,0
1:1210,41.87845644385853,12.507827511145305,22.38,222.83,0
1:1211,41.87845644385853,12.507827511145305,22.38,216.26999,0
1:1212,41.8784571987702,12.507830989968236,22.4,212.61,0
1:1213,41.8784571987702,12.507830989968236,22.4,266.83,0
1:1214,41.878462892461165,12.507835159657851,22.42,232.62,0
1:1215,41.878462892461165,12.507835159657851,22.42,225.78,0
1:1216,41.87847185105503,12.507851842494059,22.439999,277.56,0
1:1217,41.878481370283595,12.507866385090335,22.39,249.12,0
1:1218,41.87849135233939,12.507880512401737,22.39,264.16,0
1:1219,41.87850183640029,12.507894236154657,22.38,202.84,0
1:1220,41.87850183640029,12.507894236154657,22.38,190.09999,0
1:1221,41.87851549983832,12.507900415285363,22.4,160.86,0
1:1222,41.878528182354316,12.507906705955055,22.46,164.36,0
1:1223,41.87854160386383,12.50790889122296,22.55,261.69998,0
1:1224,41.87855699085387,12.507908273133648,22.529999,220.36,0
1:1225,41.87855699085387,12.507908273133648,22.529999,275.27,0
1:1226,41.87857059737763,12.507908634290498,22.55,229.89,0
1:1227,41.87858447207429,12.507903372203069,22.58,226.47,0
1:1228,41.8785964771081,12.507894349202637,22.56,285.79,0
1:1229,41.8785964771081,12.507894349202637,22.56,237.06,0
1:1230,41.87860769186037,12.507881710314068,22.56,229.43,0
1:1231,41.87861894558468,12.50786960701536,22.609999,196.94,0
1:1232,41.87862983147609,12.507856968910088,22.63,208.23999,0
1:1233,41.87863907045592,12.507842103918573,22.72,177.51,0
1:1234,41.87863907045592,12.507842103918573,22.72,186.81,0
1:1235,41.87864516367887,12.507824430466899,22.73,165.22,0
1:1236,41.87865071937246,12.507806562458432,22.779999,186.48,0
1:1237,41.87865544624131,12.507789593235543,22.8,232.68,0
1:1238,41.87865650893257,12.507769982578756,22.8,197.01999,0
1:1239,41.87865650893257,12.507769982578756,22.8,202.75,0
1:1240,41.878654597587484,12.50775168509394,22.82,259.97998,0
1:1241,41.87865403127509,12.507733583156556,22.84,221.97,0
1:1242,41.878652885150736,12.507714280979991,22.98,241.90999,0
1:1243,41.87864922136767,12.507694345647193,23.06,225.81999,0
1:1244,41.87864922136767,12.507694345647193,23.06,221.31999,0
1:1245,41.878643451190655,12.507677968872207,23.119999,280.87,0
1:1246,41.878636028647335,12.507661412860767,23.16,-312.36,0
1:1247,41.8786272307102,12.5076476254766,23.199999,-312.36,0
1:1248,41.878617451851035,12.50763508666556,23.189999,270.41,0
1:1249,41.878617451851035,12.50763508666556,23.189999,262.41,0
1:1250,41.87860707118953,12.507623453252036,23.24,294.31,0
1:1251,41.8785949702008,12.507615355726827,23.279999,265.58,0
1:1252,41.878581579944395,12.507611118189994,23.32,212.59,0
1:1253,41.87856881276028,12.507605267801523,23.369999,229.72,0
1:1254,41.87856881276028,12.507605267801523,23.369999,284.04,0
1:1255,41.87855388201064,12.507600234666779,23.33,238.86,0
1:1256,41.878540397789095,12.507599712899783,23.359999,300.37,0
1:1257,41.878526173098855,12.50760349736925,23.449999,243.92,0
1:1258,41.878526173098855,12.50760349736925,23.449999,236.7,0
1:1259,41.87851230982622,12.507608674538224,23.529999,226.01999,0
1:1260,41.878499738771616,12.507615246480135,23.57,225.04,0
1:1261,41.87848853551198,12.507625623671883,23.64,234.95999,0
1:1262,41.87848064514986,12.507638177319464,23.689999,223.70999,0
1:1263,41.87848064514986,12.507638177319464,23.689999,229.08,0
1:1264,41.87847294271802,12.507644863852908,23.75,234.54999,0
1:1265,41.87847294271802,12.507644863852908,23.75,200.45,0
1:1266,41.87846848807021,12.507640774220707,23.769999,211.73,0
1:1267,41.878470497668744,12.50764087130328,23.75,268.28,0
1:1268,41.878470497668744,12.50764087130328,23.75,234.67,0
1:1269,41.878480543431465,12.507646303135465,23.73,281.71,0
1:1270,41.8784930521514,12.507654630995644,23.769999,249.59999,0
1:1271,41.8784930521514,12.507654630995644,23.769999,226.72,0
1:1272,41.878507442369866,12.507658246734032,23.84,184.09,0
1:1273,41.87852014975798,12.507658955247905,23.92,207.44,0
1:1274,41.8785347879772,12.507658659254334,24.029999,207.44,0
1:1275,41.87854933103055,12.507656401934755,24.07,282.38,0
1:1276,41.8785628055091,12.507652676811446,24.18,243.47,0
1:1277,41.8785628055091,12.507652676811446,24.18,251.36,0
1:1278,41.87857671046397,12.507645744691805,24.25,240.04,0
1:1279,41.87858923513636,12.507639463260395,24.33,244.18,0
1:1280,41.878600565741245,12.507628984562757,24.4,287.4,0
1:1281,41.87861008932671,12.507620628780394,24.43,238.20999,0
1:1282,41.87861008932671,12.507620628780394,24.43,233.7,0
1:1283,41.878617806578895,12.50760557342502,24.519999,219.33,0
1:1284,41.8786257172847,12.507591558839065,24.609999,219.45999,0
1:1285,41.87863254685956,12.507576553660684,24.699999,236.59,0
1:1286,41.87863896067554,12.507562102825178,24.72,209.78,0
1:1287,41.87863896067554,12.507562102825178,24.72,236.81,0
1:1288,41.87864218357029,12.507545057207935,24.73,-265.82,0
1:1289,41.87864412323528,12.507527664498605,24.71,321.77,0
1:1290,41.87864192863966,12.50750974721163,24.73,252.37999,0
1:1291,41.87864011489619,12.50749143178013,24.75,238.98,0
1:1292,41.87864011489619,12.50749143178013,24.75,224.48999,0
1:1293,41.87863562818909,12.507473965348867,24.84,207.28,0
1:1294,41.87863112191019,12.507457452833366,24.83,230.51,0
1:1295,41.878624740445126,12.507442432173377,24.88,208.97,0
1:1296,41.87861721808743,12.50742663572825,24.88,232.79999,0
1:1297,41.87861721808743,12.50742663572825,24.88,225.79,0
1:1298,41.87860750907603,12.5074131612937,24.93,225.79,0
1:1299,41.87859804415445,12.50740047964641,24.89,248.56,0
1:1300,41.87858593373148,12.507392140912245,24.939999,248.95999,0
1:1301,41.87857456689907,12.507383410392071,24.949999,253.70999,0
1:1302,41.87857456689907,12.507383410392071,24.949999,238.48,0
1:1303,41.8785621721792,12.507376680040151,25.039999,165.26999,0
1:1304,41.8785494976909,12.507375262643794,25.029999,189.14,0
1:1305,41.8785494976909,12.507375262643794,25.029999,253.43999,0
1:1306,41.878540676528345,12.50738714583645,25.08,240.97,0
1:1307,41.87854457163926,12.50740453403031,25.119999,299.09,0
1:1308,41.878548525482685,12.507423465869342,25.18,271.59,0
1:1309,41.878553390125916,12.50744074882514,25.25,272.68,0
1:1310,41.878553390125916,12.50744074882514,25.25,310.81,0
1:1311,41.87856071426141,12.507456389256223,25.35,278.71,0
1:1312,41.87856798916726,12.507472798514936,25.439999,257.11,0
1:1313,41.87857748084781,12.507486172964112,25.48,260.44998,0
1:1314,41.87857748084781,12.507486172964112,25.48,256.03,0
1:1315,41.87858840152588,12.507497855034114,25.529999,252.86,0
1:1316,41.87860041208301,12.507506864776117,25.539999,287.71,0
1:1317,41.87861372223404,12.507515654181688,25.57,244.06999,0
1:1318,41.87861372223404,12.507515654181688,25.57,257.72998,0
1:1319,41.87862715726026,12.507521909902573,25.56,257.72998,0
1:1320,41.878640990137455,12.507526333126531,25.519999,260.91998,0
1:1321,41.87865508269671,12.507528879390021,25.529999,319.78998,0
1:1322,41.87866843185408,12.507529866572808,25.519999,239.56999,0
1:1323,41.87866843185408,12.507529866572808,25.519999,302.34,0
1:1324,41.8786820335578,12.507525638711979,25.519999,318.31,0
1:1325,41.87869550258163,12.507522288418635,25.46,290.74,0
1:1326,41.87870947359342,12.507514681651134,25.46,308.25,0
1:1327,41.878721537617025,12.507505244229753,25.49,264.88998,0
1:1328,41.878721537617025,12.507505244229753,25.49,228.17,0
1:1329,41.87873246001042,12.507491767261012,25.47,229.87999,0
1:1330,41.878739519043435,12.507476280770545,25.47,262.94998,0
1:1331,41.87874922693988,12.507463301194484,25.51,233.59999,0
1:1332,41.87874922693988,12.507463301194484,25.51,247.14,0
1:1333,41.87875521614591,12.507446363211267,25.5,233.73,0
1:1334,41.878759990700615,12.507427503066818,25.5,299.16,0
1:1335,41.87876154124561,12.50740813857218,25.359999,299.25998,0
1:1336,41.87876154124561,12.50740813857218,25.359999,259.34,0
1:1337,41.8787628310622,12.507387965301836,25.18,243.26,0
1:1338,41.878762614863454,12.5073677199683,24.97,298.3,0
1:1339,41.878762614863454,12.5073677199683,24.97,267.74,0
1:1340,41.87875940831569,12.507347935857624,24.74,251.98999,0
1:1341,41.87875505471729,12.507331349666265,24.6,244.09,0
1:1342,41.87875505471729,12.507331349666265,24.6,240.12,0
1:1343,41.87875505471729,12.507331349666265,24.6,229.72,0
1:1344,41.87875505471729,12.507331349666265,24.6,215.76999,0
1:1345,41.87875505471729,12.507331349666265,24.6,243.64,0
1:1346,41.87874852679833,12.507319013452317,24.5,256.69998,0
1:1347,41.87873742841327,12.50730707436922,24.609999,226.03,0
1:1348,41.878723756878934,12.507296077083843,24.56,235.76,0
1:1349,41.878709060973556,12.507289355302099,24.51,246.87,0
1:1350,41.878709060973556,12.507289355302099,24.51,213.12999,0
1:1351,41.87869537698601,12.507284163526966,24.51,205.76999,0
1:1352,41.878682002716374,12.507278266232913,24.55,199.26,0
1:1353,41.87867263923873,12.507292639061395,24.55,223.2,0
1:1354,41.878672449713186,12.507313277378922,24.47,208.84,0
1:1355,41.878672449713186,12.507313277378922,24.47,225.51,0
1:1356,41.87866990666777,12.507330905721986,24.46,205.95,0
1:1357,41.878660398074175,12.507342055427463,24.529999,243.84999,0
1:1358,41.87864617082811,12.507349857788473,24.48,205.56999,0
1:1359,41.87864617082811,12.507349857788473,24.48,207.87,0
1:1360,41.87863353100639,12.507346558455417,24.51,193.2,0
1:1361,41.87862152542368,12.507335837166536,24.609999,197.81,0
1:1362,41.878611083662534,12.507322873532843,24.63,215.15,0
1:1363,41.878599730415445,12.507311374846156,24.689999,295.66998,0
1:1364,41.87858845590147,12.507301724736992,24.74,258.35,0
1:1365,41.87858845590147,12.507301724736992,24.74,247.95,0
1:1366,41.878575978674796,12.507295275265646,24.76,281.78,0
1:1367,41.87856322030741,12.50729293975474,24.83,247.92,0
1:1368,41.87854988068721,12.50728875879949,24.939999,254.67,0
1:1369,41.87853567627204,12.507287878467432,24.97,254.45,0
1:1370,41.87853567627204,12.507287878467432,24.97,254.45,0
1:1371,41.87852283608396,12.507291326534492,25,298.08,0
1:1372,41.8785093372479,12.507294452436698,25.039999,267.25998,0
1:1373,41.87849782543677,12.507302200335628,25.06,302.33,0
1:1374,41.87848629266444,12.5073140069957,25.109999,243.33,0
1:1375,41.87848629266444,12.5073140069957,25.109999,287.08,0
1:1376,41.87847724031127,12.507327655321864,25.199999,-289.56,0
1:1377,41.87846845637113,12.507341875223409,25.24,319,0
1:1378,41.878461119507975,12.507356087153768,25.269999,-322.38998,0
1:1379,41.87845487574868,12.507371211899914,25.31,278.97998,0
1:1380,41.87845487574868,12.507371211899914,25.31,265.44998,0
1:1381,41.878450183940934,12.507386384012403,25.369999,244.56,0
1:1382,41.87844484885446,12.507403328860976,25.43,245.92,0
1:1383,41.878440706017244,12.507419703193923,25.51,241.86,0
1:1384,41.8784381669342,12.507438916466441,25.529999,226.81,0
1:1385,41.8784381669342,12.507438916466441,25.529999,250.47,0
1:1386,41.878440646084016,12.507455886841235,25.539999,239.79999,0
1:1387,41.878444809196296,12.507473497214578,25.59,253.2,0
1:1388,41.878449009393755,12.507490154639756,25.66,229.68,0
1:1389,41.878449009393755,12.507490154639756,25.66,251.06999,0
1:1390,41.878454991121,12.507507937660655,25.769999,280.44,0
1:1391,41.87846155770323,12.50752408350168,25.83,262.38998,0
1:1392,41.87847025601467,12.507537229274629,25.869999,256.74,0
1:1393,41.87848190364472,12.50754644834085,25.9,256.74,0
1:1394,41.87848190364472,12.50754644834085,25.9,258.75998,0
1:1395,41.87849310594378,12.50755555452036,25.939999,283.37,0
1:1396,41.878504780641556,12.507564304300391,25.99,273.87,0
1:1397,41.87851609069693,12.507572570694906,26.06,262.8,0
1:1398,41.87852966452672,12.507575575554908,26.08,239,0
1:1399,41.87852966452672,12.507575575554908,26.08,240.54,0
1:1400,41.878543412255496,12.50757489869539,26.15,235.9,0
1:1401,41.87855733580442,12.507573522721547,26.189999,243.79999,0
1:1402,41.87857146577477,12.50757138280415,26.23,208.65,0
1:1403,41.87857146577477,12.50757138280415,26.23,210.73999,0
1:1404,41.87858339921119,12.507562595794543,26.289999,238.34,0
1:1405,41.87859575948745,12.507555752233376,26.41,230.29999,0
1:1406,41.87860888143374,12.507548908487905,26.48,237.67,0
1:1407,41.878619259968254,12.507538185125593,26.519999,298.68,0
1:1408,41.87863002221951,12.507525703264749,26.59,257.69998,0
1:1409,41.87863002221951,12.507525703264749,26.59,266.63,0
1:1410,41.878637026070734,12.507509800383577,26.63,313.62,0
1:1411,41.87864368692687,12.507493321042947,26.699999,285.37,0
1:1412,41.87864908976843,12.507476030991413,26.72,310.41,0
1:1413,41.87865138292626,12.507458014087675,26.74,262.6,0
1:1414,41.87865138292626,12.507458014087675,26.74,234.97,0
1:1415,41.878652886145616,12.507440543693855,26.789999,245.34,0
1:1416,41.87865458592332,12.507421164086221,26.84,233.59,0
1:1417,41.87865315545062,12.507402511745477,26.99,249.47,0
1:1418,41.87865195474483,12.507383064912652,26.99,205.01,0
1:1419,41.87865195474483,12.507383064912652,26.99,193.68,0
1:1420,41.878646484010964,12.507365813472981,27.05,236.70999,0
1:1421,41.87864425082067,12.50734695249916,27.21,-271.37,0
1:1422,41.87863818988002,12.5073304538526,27.23,-323.49,0
1:1423,41.87862791587702,12.507316446408458,27.25,-317.69,0
1:1424,41.87862791587702,12.507316446408458,27.25,278.94998,0
1:1425,41.878615774715534,12.507305459582382,27.31,282.11,0
1:1426,41.878603734586314,12.507296521350655,27.359999,308.08,0
1:1427,41.87859146089932,12.507286878152923,27.46,281.88998,0
1:1428,41.87857734797924,12.507282401849173,27.49,290.1,0
1:1429,41.878563892472116,12.507276226070509,27.529999,275.31,0
1:1430,41.878563892472116,12.507276226070509,27.529999,259.88998,0
1:1431,41.87855084637721,12.50727471827263,27.59,258.25998,0
1:1432,41.878536373686224,12.507273002025979,27.599998,238.36,0
1:1433,41.878522676730874,12.50727277311937,27.65,253.84999,0
1:1434,41.878509031166466,12.507274382008454,27.66,222.84999,0
1:1435,41.878497079822125,12.507280818394158,27.68,226.54999,0
1:1436,41.878497079822125,12.507280818394158,27.68,258.91998,0
1:1437,41.87848441562573,12.507291187568645,27.8,-324.91998,0
1:1438,41.87847244956396,12.507301504677017,27.849998,308.65,0
1:1439,41.87846055712365,12.50731271446587,27.91,308.65,0
1:1440,41.87844834498229,12.507325979069362,28.05,277.32,0
1:1441,41.87844834498229,12.507325979069362,28.05,275.25998,0
1:1442,41.87844006771293,12.507342901570974,27.99,252.45,0
1:1443,41.878433089763014,12.507360849406476,27.949999,238.34,0
1:1444,41.87842493187981,12.507376951382948,27.92,254.56,0
1:1445,41.87841801159891,12.507394066621345,27.939999,250.37,0
1:1446,41.87841418348833,12.50741173118031,28,263,0
1:1447,41.87841418348833,12.50741173118031,28,304.41998,0
1:1448,41.87841389778489,12.507429683254822,28.019999,282.3,0
1:1449,41.87842216411052,12.50744853174199,27.88,306.02,0
1:1450,41.878435007351854,12.507456728469277,27.88,264.47,0
1:1451,41.878435007351854,12.507456728469277,27.88,274.21,0
1:1452,41.87844929317605,12.507451106757033,27.849998,292.13,0
1:1453,41.87845984310518,12.50744119166359,27.8,278.75,0
1:1454,41.87847014688611,12.507428949260804,27.8,284.84,0
1:1455,41.87848226001929,12.507416247708592,27.8,231.81,0
1:1456,41.87848226001929,12.507416247708592,27.8,223.34,0
1:1457,41.87849025508446,12.507400875763583,27.8,258.16,0
1:1458,41.87849793909377,12.507384806409066,27.769999,227.70999,0
1:1459,41.87850527952479,12.507367966429946,27.75,245.65999,0
1:1460,41.878511375801,12.507349020030833,27.71,288.97998,0
1:1461,41.878511375801,12.507349020030833,27.71,219.98,0
1:1462,41.87851201588924,12.507330563329674,27.689999,249.26999,0
1:1463,41.87851279989271,12.507310343338053,27.68,292.32,0
1:1464,41.87851407506048,12.50729042316433,27.63,292.32,0
1:1465,41.87850981599328,12.50727306303088,27.63,298.25,0
1:1466,41.87850458331132,12.507254699357588,27.64,242.92,0
1:1467,41.87850458331132,12.507254699357588,27.64,270.4,0
1:1468,41.878499938228856,12.507237391843171,27.63,225.2,0
1:1469,41.878493520055976,12.507223406239152,27.619999,245.22,0
1:1470,41.87848316656511,12.507207544135426,27.619999,272.78,0
1:1471,41.87847112578407,12.507196894356822,27.609999,258.1,0
1:1472,41.87847112578407,12.507196894356822,27.609999,277,0
1:1473,41.87845916905363,12.507187756430804,27.599998,311.47,0
1:1474,41.878447181378846,12.507176731131093,27.619999,302.49,0
1:1475,41.87843432654195,12.507168567348295,27.63,287.61,0
1:1476,41.8784209290469,12.507162168100017,27.64,270.59,0
1:1477,41.8784209290469,12.507162168100017,27.64,296.37,0
1:1478,41.878406852045586,12.507159471167322,27.59,275.05,0
1:1479,41.87839289346986,12.507159836090901,27.59,298.38,0
1:1480,41.8783778629573,12.507161397060727,27.529999,255.01,0
1:1481,41.8783778629573,12.507161397060727,27.529999,265.34,0
1:1482,41.87836460807383,12.507167285692452,27.48,240.40999,0
1:1483,41.87835029425564,12.507170406157663,27.33,273.09,0
1:1484,41.878338807248014,12.507180573149745,27.279999,237.75,0
1:1485,41.878338807248014,12.507180573149745,27.279999,265.63998,0
1:1486,41.87832705834557,12.507193260141875,27.24,-315.11,0
1:1487,41.87831752810466,12.507206962837968,27.17,308.47998,0
1:1488,41.87831072720992,12.50722279508431,27.18,276.55,0
1:1489,41.878305137124194,12.507239460204215,27.21,299.41998,0
1:1490,41.878305137124194,12.507239460204215,27.21,299.41998,0
1:1491,41.87830122798197,12.50725717521663,27.289999,289.62,0
1:1492,41.87829505784414,12.507275370619604,27.32,-323.13998,0
1:1493,41.878291067052764,12.507292970072886,27.25,267.36,0
1:1494,41.878291067052764,12.507292970072886,27.25,275.50998,0
1:1495,41.87829174611304,12.507311698900137,27.23,-248.04999,0
1:1496,41.87829216396463,12.507331204387976,27.189999,-307.6,0
1:1497,41.87829559981618,12.507349378734123,27.15,324.38998,0
1:1498,41.87829889453131,12.507368383972556,27.06,293.34,0
1:1499,41.87829889453131,12.507368383972556,27.06,325.93,0
1:1500,41.87830744738375,12.507384342053026,27.019999,315.72,0
1:1501,41.87831588167336,12.507399284521687,27,275.11,0
1:1502,41.87831994519425,12.507415560850538,26.96,266.49,0
1:1503,41.87831994519425,12.507415560850538,26.96,259.9,0
1:1504,41.87831737928363,12.50743491898666,26.9,269.13,0
1:1505,41.87831759877578,12.507452503234791,26.869999,260.16,0
1:1506,41.87831759877578,12.507452503234791,26.869999,273.18,0
1:1507,41.87831317867449,12.507470289711407,26.83,280.41998,0
1:1508,41.87830920421294,12.507488626476192,26.82,-321.35,0
1:1509,41.87830381639757,12.50750670843954,26.8,274.02,0
1:1510,41.87830381639757,12.50750670843954,26.8,290.47,0
1:1511,41.878302907210156,12.507525065477857,26.72,245.53,0
1:1512,41.87830374881402,12.507544546268846,26.71,287.72,0
1:1513,41.878307578434075,12.507562578101279,26.64,241.87999,0
1:1514,41.878307578434075,12.507562578101279,26.64,313.28,0
1:1515,41.878315269373275,12.50757930878763,26.609999,279.36,0
1:1516,41.87832169296656,12.507596811573023,26.55,312,0
1:1517,41.87832759688696,12.507614600491678,26.49,263.91,0
1:1518,41.87832759688696,12.507614600491678,26.49,268.3,0
1:1519,41.878337961596,12.507627675215112,26.46,272.52,0
1:1520,41.87834865948851,12.50764157852702,26.449999,280.41,0
1:1521,41.878357297832416,12.507655494417733,26.4,321.66998,0
1:1522,41.878367818841284,12.507668341985454,26.349998,285.25998,0
1:1523,41.878367818841284,12.507668341985454,26.349998,275.19,0
1:1524,41.878380745447096,12.507674429021337,26.279999,258.05,0
1:1525,41.878394059817815,12.507678752536378,26.22,309.00998,0
1:1526,41.87840786699953,12.507682433933363,26.189999,242.01,0
1:1527,41.87840786699953,12.507682433933363,26.189999,297.34,0
1:1528,41.87842194348625,12.507682357861542,26.15,261.44998,0
1:1529,41.87843600985259,12.507676040490688,26.109999,265.35,0
1:1530,41.87844979452933,12.507672209991087,26.07,246.56,0
1:1531,41.87844979452933,12.507672209991087,26.07,243.84,0
1:1532,41.87846352836403,12.50766726112973,26.05,255.72,0
1:1533,41.878475854471155,12.507658130483755,26.01,-271.93,0
1:1534,41.87848551023907,12.507644587211347,26.019999,-321.6,0
1:1535,41.878489026195986,12.507624278016186,26.019999,-255.45,0
1:1536,41.87849675466635,12.507607275526274,25.99,308.75998,0
1:1537,41.87849675466635,12.507607275526274,25.99,309.53,0
1:1538,41.87850610164263,12.507591574366748,25.93,248.12,0
1:1539,41.87851512847187,12.507577117817792,25.83,-314.15,0
1:1540,41.87852294874608,12.507560320966004,25.83,-314.15,0
1:1541,41.87852294874608,12.507560320966004,25.83,282.03,0
1:1542,41.87852726860416,12.507542125701258,25.81,268.43,0
1:1543,41.87852903723475,12.507522794934404,25.8,250.42,0
1:1544,41.878529360057684,12.507503323589038,25.82,258.47998,0
1:1545,41.878528472448984,12.507482228333743,25.76,273.13,0
1:1546,41.878528472448984,12.507482228333743,25.76,258.91,0
1:1547,41.87852196782405,12.507465245702678,25.74,242.78,0
1:1548,41.87851549719673,12.507449030102272,25.699999,246.89,0
1:1549,41.87851007356551,12.50743137595653,25.689999,285.87,0
1:1550,41.878501353949815,12.507414509345361,25.65,239.64,0
1:1551,41.878501353949815,12.507414509345361,25.65,267.88,0
1:1552,41.87849204488207,12.507400959069368,25.65,269.08,0
1:1553,41.87848104499059,12.507387326132658,25.68,270.79,0
1:1554,41.878469020230625,12.507376440858547,25.67,297.84,0
1:1555,41.87845716885504,12.507368398117952,25.599998,248.29999,0
1:1556,41.87845716885504,12.507368398117952,25.599998,234.84999,0
1:1557,41.87844328595917,12.507362771521631,25.58,223.28,0
1:1558,41.878430181989415,12.50735597237793,25.51,243.45999,0
1:1559,41.87841500028869,12.507351962734027,25.5,238.76,0
1:1560,41.87841500028869,12.507351962734027,25.5,226.79,0
1:1561,41.87840163589929,12.507355999056056,25.519999,271.91,0
1:1562,41.878388789193004,12.507358396631616,25.51,249.56,0
1:1563,41.87837486235067,12.507360867560502,25.49,274.06,0
1:1564,41.878360648295406,12.507366159090628,25.529999,196.84,0
1:1565,41.878360648295406,12.507366159090628,25.529999,226.43,0
1:1566,41.87834954891545,12.50737778692893,25.59,226.43,0
1:1567,41.87833821896239,12.507391573529802,25.519999,223.01,0
1:1568,41.87832818826016,12.507405638707434,25.5,238.15,0
1:1569,41.87831773277646,12.507418239675282,25.4,223.94,0
1:1570,41.87831773277646,12.507418239675282,25.4,221.94,0
1:1571,41.8783075538021,12.507433512740745,25.46,209.56999,0
1:1572,41.87829478263845,12.507441087992119,25.42,236.72,0
1:1573,41.87828146469987,12.50743951453564,25.42,218.87,0
1:1574,41.87828146469987,12.50743951453564,25.42,216.23,0
1:1575,41.878267405400635,12.507436655645071,25.42,200.06,0
1:1576,41.87825272975317,12.507434669806518,25.449999,205.51999,0
1:1577,41.87823852780806,12.50743561925289,25.519999,258.16998,0
1:1578,41.87822504547335,12.507441055001552,25.55,237.53,0
1:1579,41.87822504547335,12.507441055001552,25.55,242.86,0
1:1580,41.87821168684742,12.507447598883052,25.59,294.46,0
1:1581,41.87819966376846,12.507456496844172,25.66,270.54,0
1:1582,41.878187079505906,12.507464882023156,25.72,294.28,0
1:1583,41.878175739603996,12.507472616329604,25.74,249.42,0
1:1584,41.878175739603996,12.507472616329604,25.74,258.47998,0
1:1585,41.87816477288678,12.507484282918,25.81,300.9,0
1:1586,41.8781556133605,12.507498588106607,25.83,272.88998,0
1:1587,41.8781493550553,12.507513846059075,25.89,313.84,0
1:1588,41.87814144503563,12.507529344437202,26,266.49,0
1:1589,41.87814144503563,12.507529344437202,26,288.43,0
1:1590,41.87813564801388,12.50754552465108,26.039999,288.43,0
1:1591,41.87813313500368,12.507565045344068,26.109999,266.44,0
1:1592,41.878132339233126,12.507583131822884,26.13,289.37,0
1:1593,41.87813162662122,12.507601062425882,26.18,244.33,0
1:1594,41.87813162662122,12.507601062425882,26.18,261.27,0
1:1595,41.87813484606818,12.507618656718629,26.22,314.50998,0
1:1596,41.87813836212801,12.507637743834485,26.24,296.43,0
1:1597,41.878143699581635,12.507655196258582,26.269999,255.84999,0
1:1598,41.87814981352563,12.507670271795336,26.31,242.15999,0
1:1599,41.87814981352563,12.507670271795336,26.31,272.65,0
1:1600,41.8781578689357,12.507684602510164,26.33,256.35,0
1:1601,41.878167845433865,12.507697885567177,26.43,264.22,0
1:1602,41.87817786008071,12.507709781246486,26.47,225.11,0
1:1603,41.87817786008071,12.507709781246486,26.47,237.03,0
1:1604,41.87818943484403,12.507718767489623,26.47,260.41,0
1:1605,41.87820247510685,12.507725784182147,26.529999,242.54,0
1:1606,41.878216433682574,12.507729425677136,26.59,264.69998,0
1:1607,41.87823069387991,12.50773387507238,26.66,234.51,0
1:1608,41.87823069387991,12.50773387507238,26.66,245.89,0
1:1609,41.87824415041622,12.507732604313562,26.67,250.2,0
1:1610,41.878257481322606,12.50773124326841,26.689999,254.26,0
1:1611,41.87826812171764,12.507728538548836,26.75,255.93999,0
1:1612,41.87826812171764,12.507728538548836,26.75,257.99,0
1:1613,41.87826812171764,12.507728538548836,26.75,260,0
1:1614,41.87826812171764,12.507728538548836,26.75,260.94998,0
1:1615,41.87826812171764,12.507728538548836,26.75,261.50998,0
1:1616,41.87826812171764,12.507728538548836,26.75,262.02,0
1:1617,41.87826812171764,12.507728538548836,26.75,262.28,0
1:1618,41.87826812171764,12.507728538548836,26.75,261.97998,0
1:1619,41.87826812171764,12.507728538548836,26.75,284.16,0
1:1620,41.87826812171764,12.507728538548836,26.75,262.94998,0
1:1621,41.87826812171764,12.507728538548836,26.75,260.50998,0
1:1622,41.87826812171764,12.507728538548836,26.75,248.95,0
1:1623,41.87826812171764,12.507728538548836,26.75,263.86,0
1:1624,41.87827424396377,12.507713324437882,26.88,264.07,0
1:1625,41.878279921187676,12.507694841841893,27.07,312.77,0
1:1626,41.87828292642567,12.507675788592051,27.08,312.77,0
1:1627,41.87828126057697,12.507656253753666,27.119999,274.24,0
1:1628,41.87828126057697,12.507656253753666,27.119999,276.00998,0
1:1629,41.878278374587914,12.507638555374763,27.14,268.81,0
1:1630,41.87827646962382,12.507619823230023,27.25,245.86,0
1:1631,41.878272102560175,12.507602343897421,27.26,300.07,0
1:1632,41.878266458064545,12.507585537415704,27.38,276.31,0
1:1633,41.878266458064545,12.507585537415704,27.38,268.94998,0
1:1634,41.87825837520938,12.507569367430747,27.449999,297.96,0
1:1635,41.87824855281543,12.507556948832537,27.539999,271.82,0
1:1636,41.87823823915426,12.507543257885878,27.57,294.69,0
1:1637,41.87822914583928,12.507528575471342,27.64,265.72,0
1:1638,41.87822914583928,12.507528575471342,27.64,243.79999,0
1:1639,41.87822335471822,12.507512034665051,27.68,238.09999,0
1:1640,41.87822100157571,12.507494483084951,27.699999,226.17,0
1:1641,41.878222459321975,12.507475717581036,27.71,253.39,0
1:1642,41.87822573777589,12.50745733146863,27.72,230.47,0
1:1643,41.87822573777589,12.50745733146863,27.72,236.65999,0
1:1644,41.878225441163025,12.507437859339968,27.71,257.41,0
1:1645,41.878223349709494,12.507419637397096,27.74,253.89,0
1:1646,41.87821793046949,12.507402230496295,27.779999,309.02,0
1:1647,41.87821000782507,12.507387766805525,27.83,271.53,0
1:1648,41.87821000782507,12.507387766805525,27.83,290.15,0
1:1649,41.87819742678732,12.507397451794379,27.92,287.68,0
1:1650,41.87818571932696,12.507409976782556,27.93,291.22,0
1:1651,41.87817570275895,12.507422584201073,27.92,259.94998,0
1:1652,41.8781675321481,12.507436113097704,27.859999,218.59,0
1:1653,41.8781675321481,12.507436113097704,27.859999,235.47,0
1:1654,41.87816038050503,12.507453772680439,27.849998,-327.49,0
1:1655,41.878153559643984,12.507470310998615,27.849998,308.02,0
1:1656,41.87814916280241,12.507489526897478,27.859999,-306.86,0
1:1657,41.878146821598506,12.507506660704585,27.849998,282.31,0
1:1658,41.878146821598506,12.507506660704585,27.849998,281.84,0
1:1659,41.878146091902025,12.507526112237183,27.82,318.00998,0
1:1660,41.87814681151244,12.507545564368773,27.81,284.41998,0
1:1661,41.87815065080689,12.507565695202926,27.779999,284.97,0
1:1662,41.878154233489695,12.507584567649724,27.76,212.37,0
1:1663,41.878154233489695,12.507584567649724,27.76,215.48999,0
1:1664,41.878162455697336,12.507599865688492,27.789999,236.42,0
1:1665,41.87817003088684,12.507616473120985,27.83,272.54,0
1:1666,41.87817891973586,12.50763317943302,27.83,250.15999,0
1:1667,41.87819122165699,12.507645430912818,27.8,225.12999,0
1:1668,41.87820126210223,12.507658681923829,27.82,209.15999,0
1:1669,41.87820126210223,12.507658681923829,27.82,246.26999,0
1:1670,41.87821434524801,12.507662377834821,27.8,-296.86,0
1:1671,41.878223316706766,12.507646106205746,27.74,-327.65,0
1:1672,41.878227294118666,12.507626726045196,27.74,264.58,0
1:1673,41.87823047486804,12.507607724216403,27.72,318.68,0
1:1674,41.87823047486804,12.507607724216403,27.72,318.68,0
1:1675,41.87823124415408,12.507587216617083,27.699999,281.61,0
1:1676,41.8782297184812,12.507568893583008,27.66,276.5,0
1:1677,41.87822713877942,12.50754972818367,27.65,285.43,0
1:1678,41.87822227379313,12.507530716771026,27.63,251.09,0
1:1679,41.87822227379313,12.507530716771026,27.63,284,0
1:1680,41.87821555598841,12.507514638201268,27.57,249,0
1:1681,41.87820582745669,12.507498478998142,27.57,269.06,0
1:1682,41.87819864102696,12.507484129069535,27.58,216.47,0
1:1683,41.87819864102696,12.507484129069535,27.58,226.95999,0
1:1684,41.87818779156892,12.507472833440703,27.57,217.26999,0
1:1685,41.87817535873468,12.507460883714002,27.619999,212.62,0
1:1686,41.878163054617936,12.507452707951389,27.67,244.34,0
1:1687,41.87814910201152,12.507444313787545,27.64,-306.9,0
1:1688,41.87813586640823,12.507437876388165,27.64,285.21,0
1:1689,41.87813586640823,12.507437876388165,27.64,294.1,0
1:1690,41.878120910614946,12.507437077472769,27.689999,321.16998,0
1:1691,41.87810641006719,12.507437234454414,27.689999,296.41998,0
1:1692,41.87809209909643,12.507442031909346,27.66,-318.72,0
1:1693,41.87807876681779,12.507446424630855,27.619999,265.77,0
1:1694,41.87807876681779,12.507446424630855,27.619999,273.24,0
1:1695,41.87806446284553,12.50745521979595,27.65,326.43,0
1:1696,41.878051793434565,12.507464694585135,27.68,297.97998,0
1:1697,41.878040867061635,12.50747691657616,27.72,243.73999,0
1:1698,41.878029851560754,12.507489583156529,27.73,262.81,0
1:1699,41.878029851560754,12.507489583156529,27.73,262.81,0
1:1700,41.87802210257518,12.50750559592946,27.699999,306.13998,0
1:1701,41.878016376430395,12.507522000718783,27.699999,285.49,0
1:1702,41.878012397783465,12.507540095537392,27.65,322.12,0
1:1703,41.878007252308294,12.507558304348544,27.65,268.94,0
1:1704,41.878007252308294,12.507558304348544,27.65,275.07,0
1:1705,41.87800420446179,12.507576761971226,27.65,309.84,0
1:1706,41.87800179272399,12.507594872087138,27.71,281.54,0
1:1707,41.87800153597512,12.507613774898156,27.73,308.59,0
1:1708,41.878003020754804,12.507631496914154,27.75,273.31,0
1:1709,41.878003020754804,12.507631496914154,27.75,325.32,0
1:1710,41.87800781918675,12.507649876022978,27.72,273.02,0
1:1711,41.878016046677565,12.507662902043856,27.68,285.08,0
1:1712,41.87802946911335,12.507657743213214,27.55,244.08,0
1:1713,41.87802946911335,12.507657743213214,27.55,268.96,0
1:1714,41.87804039905414,12.507645829287727,27.539999,251.20999,0
1:1715,41.87805180564764,12.507634426163097,27.529999,263.63,0
1:1716,41.878061942356545,12.507620446595062,27.51,236.93999,0
1:1717,41.87807020813327,12.507605776206418,27.449999,268.85,0
1:1718,41.87807020813327,12.507605776206418,27.449999,245.47,0
1:1719,41.878076138949865,12.507589192411022,27.439999,262.16,0
1:1720,41.878080807635115,12.507571896415657,27.41,234.34,0
1:1721,41.878080807635115,12.507571896415657,27.41,271.93,0
1:1722,41.8780812938936,12.507552431198425,27.4,301.53,0
1:1723,41.87808153287177,12.50753244015949,27.4,280.31,0
1:1724,41.87808081785841,12.50751406759349,27.31,280.31,0
1:1725,41.878078740882174,12.507495882788042,27.23,302.46,0
1:1726,41.878078740882174,12.507495882788042,27.23,307.47,0
1:1727,41.878073117450654,12.507478550945386,27.16,288.59,0
1:1728,41.87806443711575,12.507462174032172,27.099998,270.18,0
1:1729,41.87805471462195,12.50744823768362,27.029999,282.63,0
1:1730,41.87805471462195,12.50744823768362,27.029999,257.57,0
1:1731,41.87804087865719,12.507453680067258,26.96,266.25,0
1:1732,41.87803105001948,12.50746805096054,26.89,239.54,0
1:1733,41.87802310672262,12.507483039597563,26.89,266.61,0
1:1734,41.87802310672262,12.507483039597563,26.89,247.25,0
1:1735,41.87801880984981,12.507499913719155,26.88,249.31,0
1:1736,41.87801646281383,12.507518079495126,26.88,245.83,0
1:1737,41.87801646281383,12.507518079495126,26.88,274.53,0
1:1738,41.878016520242696,12.50753485939087,26.88,318.66,0
1:1739,41.878017824708095,12.507551547917489,26.88,293.9,0
1:1740,41.87802207341477,12.507564926329218,26.88,296.91,0
1:1741,41.87802207341477,12.507564926329218,26.88,269.65,0
1:1742,41.878024203291424,12.50758110405498,26.869999,317.83,0
1:1743,41.87802842420994,12.507596943719593,26.98,284.05,0
1:1744,41.87802842420994,12.507596943719593,26.98,252.2,0
1:1745,41.878037244103155,12.507608326754994,27.119999,290.46,0
1:1746,41.87804673763624,12.507622286141649,27.279999,254.81999,0
1:1747,41.878055373578704,12.507638481606751,27.349998,245.5,0
1:1748,41.87806473187608,12.50764966434887,27.349998,298.72,0
1:1749,41.87806473187608,12.50764966434887,27.349998,286.54,0
1:1750,41.878073453996144,12.507660395820594,27.359999,286.54,0
1:1751,41.8780771565454,12.507677522347661,27.349998,263.15,0
1:1752,41.87807934885966,12.507690975587154,27.349998,269.25998,0
1:1753,41.87807934885966,12.507690975587154,27.349998,257.37,0
1:1754,41.87808068605334,12.507702919922941,27.349998,310.43,0
1:1755,41.878080001160974,12.507720852484178,27.349998,271.19998,0
1:1756,41.878080001160974,12.507720852484178,27.349998,295.99,0
1:1757,41.878084803160775,12.507738124773335,27.349998,276.19,0
1:1758,41.87808997004312,12.507754553084562,27.349998,-294.93,0
1:1759,41.878097226252,12.507768991825062,27.369999,282.99,0
1:1760,41.878097226252,12.507768991825062,27.369999,-324.83,0
1:1761,41.8781048967446,12.507782882350822,27.39,295.41998,0
1:1762,41.87811441888921,12.50779531168479,27.39,-318.15,0
1:1763,41.87812351975159,12.507808465290692,27.4,300.87,0
1:1764,41.87812351975159,12.507808465290692,27.4,293.56,0
1:1765,41.878134839412745,12.507815566993823,27.41,292.41998,0
1:1766,41.87814723773477,12.507810898782658,27.41,253.18,0
1:1767,41.87815274020203,12.50779622613628,27.42,278.18,0
1:1768,41.87815274020203,12.50779622613628,27.42,275.09,0
1:1769,41.87815444330745,12.50777908408153,27.41,225.51999,0
1:1770,41.878147217631245,12.507766106233328,27.41,280.59,0
1:1771,41.878147217631245,12.507766106233328,27.41,279.97,0
1:1772,41.87813705038966,12.507774915013943,27.41,241.06,0
1:1773,41.87814059965807,12.507790403140115,27.41,274.72998,0
1:1774,41.87814059965807,12.507790403140115,27.41,279.16,0
1:1775,41.87813911618202,12.507802558735323,27.41,-320.15,0
1:1776,41.87812825711819,12.507811852237662,27.4,279.31,0
1:1777,41.87812825711819,12.507811852237662,27.4,278.35,0
1:1778,41.87811898932101,12.507823858108225,27.4,278.35,0
1:1779,41.87810990231841,12.507834855831325,27.4,274.6,0
1:1780,41.87810990231841,12.507834855831325,27.4,275.84,0
1:1781,41.878107462518,12.507850772189789,27.4,283.86,0
1:1782,41.87810053393495,12.507865695214289,27.4,254.98,0
1:1783,41.87809408275934,12.507880662011189,27.4,297.54,0
1:1784,41.87809408275934,12.507880662011189,27.4,281.87,0
1:1785,41.8780935261728,12.507898480188237,27.41,295.22,0
1:1786,41.87808815475587,12.507911109446876,27.41,301.94998,0
1:1787,41.87808815475587,12.507911109446876,27.41,265.56,0
1:1788,41.87807573646754,12.507913312154628,27.41,-318.58,0
1:1789,41.878069582590925,12.507902429599014,27.41,276.96,0
1:1790,41.878069582590925,12.507902429599014,27.41,293.32,0
1:1791,41.878064345929424,12.507887146753873,27.42,283.35,0
1:1792,41.87805711222552,12.507872839791332,27.42,296.36,0
1:1793,41.878049954064245,12.507860424787067,27.42,276.38,0
1:1794,41.878049954064245,12.507860424787067,27.42,258.9,0
1:1795,41.878039895573856,12.507849627887126,27.41,279.27,0
1:1796,41.878029084538944,12.507840233731306,27.4,273.38998,0
1:1797,41.878029084538944,12.507840233731306,27.4,265.87,0
1:1798,41.87801766765354,12.507838199098048,27.4,308.13,0
1:1799,41.878011712067746,12.50783454654477,27.4,279.88998,0
1:1800,41.878011712067746,12.50783454654477,27.4,251.5,0
1:1801,41.87800158016173,12.507836664207357,27.38,282.75,0
1:1802,41.87800158016173,12.507836664207357,27.38,276.62,0
1:1803,41.87800062287678,12.507852727733233,27.39,289.13998,0
1:1804,41.8780102624864,12.507861612608709,27.4,284.44,0
1:1805,41.8780102624864,12.507861612608709,27.4,257.56,0
1:1806,41.878021078049755,12.507856877679194,27.4,247.31,0
1:1807,41.878031236303066,12.507847108670372,27.4,247.31,0
1:1808,41.878031236303066,12.507847108670372,27.4,298.16998,0
1:1809,41.878040867816374,12.507835630856206,27.39,277.74,0
1:1810,41.87805028745355,12.507825150062102,27.39,325.91998,0
1:1811,41.87805845504545,12.507812394854144,27.4,308.69,0
1:1812,41.87805845504545,12.507812394854144,27.4,292.9,0
1:1813,41.8780645731062,12.507797714513037,27.41,295.81,0
1:1814,41.8780670155825,12.507780606186074,27.41,292.05,0
1:1815,41.87807237869729,12.507767798474275,27.42,291.33,0
1:1816,41.87807237869729,12.507767798474275,27.42,290.43,0
1:1817,41.87808444314973,12.507768022381613,27.42,254.33,0
1:1818,41.878088133485925,12.507775184767112,27.42,267.86,0
1:1819,41.878088133485925,12.507775184767112,27.42,246.29,0
1:1820,41.8780887252708,12.507791279970382,27.439999,260.28,0
1:1821,41.87809409696218,12.507807589335874,27.439999,246.87999,0
1:1822,41.87809409696218,12.507807589335874,27.439999,270.4,0
1:1823,41.878102666693344,12.507821992666807,27.449999,-304.16998,0
1:1824,41.878109831304215,12.507837152638215,27.46,321.63,0
1:1825,41.87811979277619,12.50785051068426,27.449999,296.58,0
1:1826,41.878129508545946,12.507861859899725,27.449999,301.3,0
1:1827,41.878129508545946,12.507861859899725,27.449999,270.82,0
1:1828,41.87814112166379,12.50786701944455,27.46,279.55,0
1:1829,41.8781464741436,12.507875173850838,27.449999,257.07,0
1:1830,41.8781464741436,12.507875173850838,27.449999,276.22,0
1:1831,41.878144454664834,12.507886756511418,27.47,231.9,0
1:1832,41.878144454664834,12.507886756511418,27.47,273.58,0
1:1833,41.87814344015687,12.507903524818994,27.48,264.03,0
1:1834,41.878145367831785,12.507921169749494,27.48,271.72998,0
1:1835,41.87814772563996,12.507938171122056,27.48,271.72998,0
1:1836,41.87814772563996,12.507938171122056,27.48,244.36,0
1:1837,41.8781525946058,12.50795299833108,27.48,238.01999,0
1:1838,41.87815858806582,12.50796830451382,27.49,242.7,0
1:1839,41.87815858806582,12.50796830451382,27.49,281.3,0
1:1840,41.87816127624434,12.507982342114842,27.48,270.61,0
1:1841,41.878152159944094,12.507994555472335,27.49,262.25998,0
1:1842,41.87814399701786,12.508007930232525,27.5,281.00998,0
1:1843,41.87814399701786,12.508007930232525,27.5,255.28,0
1:1844,41.87813797528939,12.508023216389393,27.49,275.46,0
1:1845,41.87813439095988,12.508039291281694,27.48,245.54,0
1:1846,41.87813439095988,12.508039291281694,27.48,264.21,0
1:1847,41.878130747280345,12.508056567608277,27.49,248.06999,0
1:1848,41.87812918682081,12.508074845395514,27.49,233.68999,0
1:1849,41.878131367813964,12.50809201741852,27.49,255.56,0
1:1850,41.878131367813964,12.50809201741852,27.49,232.68,0
1:1851,41.87813516751886,12.508108002633557,27.49,262.21,0
1:1852,41.87814313572214,12.50812023109253,27.49,234.92,0
1:1853,41.87814313572214,12.50812023109253,27.49,263.24,0
1:1854,41.87815522501239,12.508126184720508,27.48,242.45999,0
1:1855,41.87816696252513,12.50811838902615,27.5,260.05,0
1:1856,41.87817867664092,12.508107562962847,27.5,311.07,0
1:1857,41.87817867664092,12.508107562962847,27.5,299.11,0
1:1858,41.87818855591483,12.508093827070287,27.369999,271.28,0
1:1859,41.878196635888266,12.508075143086705,27.189999,255.26999,0
1:1860,41.878196635888266,12.508075143086705,27.189999,295.22998,0
1:1861,41.878203057217334,12.508056391248706,27.08,287,0
1:1862,41.878203057217334,12.508056391248706,27.08,284.41998,0
1:1863,41.878204828935495,12.508037635679974,27.09,281.87,0
1:1864,41.87820794875676,12.508022075064405,27.08,310.08,0
1:1865,41.878205395470886,12.508004995984315,27.09,275.61,0
1:1866,41.878205395470886,12.508004995984315,27.09,297.03,0
1:1867,41.878204238797316,12.507987478085925,27.07,272.11,0
1:1868,41.87819909867394,12.507969877498017,27.07,230.45999,0
1:1869,41.87819357507396,12.507953042022846,27.09,257.04,0
1:1870,41.87819357507396,12.507953042022846,27.09,229.45999,0
1:1871,41.87818271601012,12.5079425675527,27.07,246.7,0
1:1872,41.87816969434135,12.507935488853116,27.199999,224.92,0
1:1873,41.878155064252745,12.507938764318697,27.109999,249.20999,0
1:1874,41.878155064252745,12.507938764318697,27.109999,232.90999,0
1:1875,41.878144817420385,12.507952807552535,27.029999,245.83,0
1:1876,41.87813761575863,12.507967495530771,26.98,217.04,0
1:1877,41.87813761575863,12.507967495530771,26.98,252.86,0
1:1878,41.87813288854672,12.507985507245177,26.939999,219.20999,0
1:1879,41.878132765249624,12.50800394373616,26.949999,237.56999,0
1:1880,41.878131602057856,12.50802339463521,26.859999,213.39,0
1:1881,41.878131602057856,12.50802339463521,26.859999,242.81,0
1:1882,41.878134208312765,12.508043079532289,26.9,-270.16998,0
1:1883,41.87813471364559,12.50806154373955,26.83,-319.93,0
1:1884,41.87813928222485,12.50808006753199,26.82,271.57,0
1:1885,41.87814606788756,12.508096631766595,26.71,273.68,0
1:1886,41.87814606788756,12.508096631766595,26.71,291.83,0
1:1887,41.878155168475494,12.508111055418576,26.65,289.55,0
1:1888,41.87816474722561,12.508125727586915,26.68,264.27,0
1:1889,41.87817580005182,12.508137435073705,26.619999,248.28,0
1:1890,41.87817580005182,12.508137435073705,26.619999,278.83,0
1:1891,41.87818980782288,12.508144518674644,26.519999,278.83,0
1:1892,41.87820306003046,12.508147903864957,26.48,219.97,0
1:1893,41.87820306003046,12.508147903864957,26.48,251.84,0
1:1894,41.87821635374873,12.50814599721413,26.48,290.61,0
1:1895,41.87822994236457,12.508148319241986,26.46,288.34,0
1:1896,41.878243259479795,12.508149904707077,26.439999,241.61,0
1:1897,41.87825662805458,12.508149696863054,26.39,262.4,0
1:1898,41.87825662805458,12.508149696863054,26.39,234.59,0
1:1899,41.87826993494651,12.50814353095622,26.369999,241.09999,0
1:1900,41.87828268881975,12.508136819109657,26.3,217.37999,0
1:1901,41.87828268881975,12.508136819109657,26.3,247.26,0
1:1902,41.87829404491427,12.508125646976586,26.199999,252.01,0
1:1903,41.87830538076803,12.508112687610703,26.13,231.2,0
1:1904,41.87831453363887,12.50809758131808,26.019999,220.23,0
1:1905,41.87831453363887,12.50809758131808,26.019999,232.67,0
1:1906,41.87832299592248,12.508081719338183,25.97,249.70999,0
1:1907,41.87832953128592,12.508065550510889,25.949999,302.13998,0
1:1908,41.87833610370024,12.508048615018666,25.88,287.37,0
1:1909,41.87833610370024,12.508048615018666,25.88,299.6,0
1:1910,41.87834078116792,12.508030947700888,25.89,289.22,0
1:1911,41.87834010293099,12.508012533136423,25.89,237.68999,0
1:1912,41.87834124622507,12.507993497026929,25.83,255.61,0
1:1913,41.87834124622507,12.507993497026929,25.83,240.64,0
1:1914,41.87833760817178,12.507975233258378,25.76,-263.05,0
1:1915,41.87833263079782,12.50795754866778,25.699999,-263.05,0
1:1916,41.87832906156311,12.507940627767319,25.68,294.15,0
1:1917,41.87832906156311,12.507940627767319,25.68,267.4,0
1:1918,41.87832112046186,12.5079242868857,25.64,262.18,0
1:1919,41.878312004161614,12.507909092552959,25.59,254.01,0
1:1920,41.87830097507541,12.50789566417158,25.55,264.78,0
1:1921,41.87830097507541,12.50789566417158,25.55,278.47998,0
1:1922,41.87829115295591,12.50788272726209,25.539999,268.83,0
1:1923,41.87827903999427,12.507872724140046,25.46,217.56999,0
1:1924,41.87826435995558,12.507866989034252,25.42,243.65,0
1:1925,41.87826435995558,12.507866989034252,25.42,321.56,0
1:1926,41.8782500994838,12.507863255271653,25.439999,292.21,0
1:1927,41.878235613825005,12.507864152997481,25.369999,236.28,0
1:1928,41.878235613825005,12.507864152997481,25.369999,241.76999,0
1:1929,41.87822303923685,12.507870712844388,25.34,202.01,0
1:1930,41.878209286362114,12.507871162732497,25.279999,222.92,0
1:1931,41.87819633563892,12.507877156809627,25.21,189.44,0
1:1932,41.87819633563892,12.507877156809627,25.21,226.12,0
1:1933,41.878183523787904,12.507885441703742,25.18,206.39,0
1:1934,41.87817267288899,12.50789748506882,25.13,240.58,0
1:1935,41.87816391172828,12.50791167913313,25.06,213.81,0
1:1936,41.87816391172828,12.50791167913313,25.06,218.42,0
1:1937,41.87815742480544,12.507927927954483,25.05,238.81,0
1:1938,41.87814715450752,12.507943887325087,25.08,248.75,0
1:1939,41.87814006351812,12.507960441182465,25.05,202.67,0
1:1940,41.87813556190489,12.507979498751952,25.019999,202.67,0
1:1941,41.87813556190489,12.507979498751952,25.019999,247.17,0
1:1942,41.87813289520216,12.507997093995021,24.98,207.26999,0
1:1943,41.87813278809767,12.508017087182258,24.98,220.31,0
1:1944,41.878135317369086,12.508036264832107,24.939999,219.79,0
1:1945,41.878138169737895,12.50805588807922,24.939999,243.34,0
1:1946,41.878138169737895,12.50805588807922,24.939999,239.15999,0
1:1947,41.87814300865135,12.508073099379313,24.92,247.37,0
1:1948,41.87815000083841,12.508089508001598,24.9,271.63,0
1:1949,41.878156540936125,12.508106466026527,24.88,274.47998,0
1:1950,41.878156540936125,12.508106466026527,24.88,258.85,0
1:1951,41.87816461624389,12.508121762127217,24.84,257.81,0
1:1952,41.87816461624389,12.508121762127217,24.84,216.9,0
1:1953,41.87817279083429,12.508134848303468,24.8,232.59999,0
1:1954,41.87818222508597,12.508143384934952,24.72,250.04,0
1:1955,41.87818222508597,12.508143384934952,24.72,296.18,0
1:1956,41.87819482156159,12.508140473045222,24.71,279.55,0
1:1957,41.87820450240746,12.508130430706567,24.689999,235.89,0
1:1958,41.87820450240746,12.508130430706567,24.689999,215.76999,0
1:1959,41.87820838890748,12.50811557241914,24.68,223.68,0
1:1960,41.87820838890748,12.50811557241914,24.68,217.92,0
1:1961,41.878203657853255,12.508099352591243,24.699999,225.87,0
1:1962,41.87819355407846,12.50809049514191,24.74,265.86,0
1:1963,41.87819355407846,12.50809049514191,24.74,255.62999,0
1:1964,41.87818093283364,12.508090733726684,24.74,234.03,0
1:1965,41.87816993922022,12.50809718927289,24.73,234.03,0
1:1966,41.87816993922022,12.50809718927289,24.73,236.18,0
1:1967,41.87816498613517,12.508112922380509,24.76,215.39,0
1:1968,41.87817123606961,12.508126247450386,24.779999,210.67,0
1:1969,41.87817123606961,12.508126247450386,24.779999,224.11,0
1:1970,41.87818002858634,12.508136874827313,24.83,168.12,0
1:1971,41.87819274678097,12.508141999688272,24.85,235.73,0
1:1972,41.87819274678097,12.508141999688272,24.85,233.98,0
1:1973,41.878204706324524,12.508135258260783,24.83,231.04,0
1:1974,41.87821175202952,12.508122497045639,24.779999,208.23,0
1:1975,41.87821175202952,12.508122497045639,24.779999,224.23999,0
1:1976,41.87820986620838,12.508105389576842,24.779999,185.56999,0
1:1977,41.87820986620838,12.508105389576842,24.779999,257.46,0
1:1978,41.87819883149593,12.508094422206446,24.75,224.7,0
1:1979,41.87818531691324,12.508092271003257,24.71,243.26,0
1:1980,41.878172224024446,12.508097942181191,24.73,226.03,0
1:1981,41.878172224024446,12.508097942181191,24.73,265.78,0
1:1982,41.878162776187445,12.508109692173285,24.74,244.06999,0
1:1983,41.87815734418547,12.508126099381608,24.82,221.94,0
1:1984,41.87815315894558,12.508143153044909,24.84,217.58,0
1:1985,41.87815315894558,12.508143153044909,24.84,246.87,0
1:1986,41.878152259020894,12.508160191952305,24.869999,254.70999,0
1:1987,41.878152012906995,12.508178145028975,24.91,215.31999,0
1:1988,41.87815239000261,12.508195304419898,24.939999,222.37999,0
1:1989,41.87815239000261,12.508195304419898,24.939999,213.34,0
1:1990,41.87815691254272,12.50821308548256,24.949999,224.83,0
1:1991,41.87816189135755,12.508229750014992,24.97,276.53,0
1:1992,41.87816588804963,12.508247388437228,25,241.45,0
1:1993,41.87816588804963,12.508247388437228,25,241.45,0
1:1994,41.8781752597265,12.508260194432689,25.01,277.12,0
1:1995,41.878183739369135,12.50827178570952,25.019999,234.73,0
1:1996,41.878183739369135,12.50827178570952,25.019999,256.88,0
1:1997,41.87819419883237,12.50828322757272,25.07,223.58,0
1:1998,41.878206000086344,12.50829166557808,25.119999,238.84999,0
1:1999,41.87821922169263,12.508295259914068,25.18,176.15,0
1:2000,41.87821922169263,12.508295259914068,25.18,157.05,0
1:2001,41.87823397061851,12.508295495847298,25.22,247.37,0
1:2002,41.87824749851207,12.508290268823865,25.279999,265.47,0
1:2003,41.87826191418587,12.50828485936168,25.279999,244.98,0
1:2004,41.87827480027587,12.508279500191678,25.31,288.68,0
1:2005,41.87828800102388,12.508273047656264,25.35,251.79,0
1:2006,41.87828800102388,12.508273047656264,25.35,223.01999,0
1:2007,41.8783002581409,12.508265877115276,25.359999,287.62,0
1:2008,41.87831299959524,12.508256193704533,25.47,245.53,0
1:2009,41.878325735766396,12.508246201352804,25.56,-314.43,0
1:2010,41.87833674227901,12.508235726203035,25.65,268.47998,0
1:2011,41.87833674227901,12.508235726203035,25.65,266.04,0
1:2012,41.87834478444682,12.508220351113323,25.699999,-315.22998,0
1:2013,41.878351401116355,12.508202811420887,25.72,303.75998,0
1:2014,41.878355843379566,12.5081849122649,25.74,259.66998,0
1:2015,41.878356922246276,12.508166532061768,25.75,233.87,0
1:2016,41.878356922246276,12.508166532061768,25.75,200.84999,0
1:2017,41.87835652466976,12.508148422049528,25.769999,212.59999,0
1:2018,41.878356070350506,12.508128769019907,25.91,212.59999,0
1:2019,41.87835357953653,12.508110200618498,25.98,202.22,0
1:2020,41.87835357953653,12.508110200618498,25.98,218.17,0
1:2021,41.878349611284435,12.508092182403026,26.099998,298.3,0
1:2022,41.878342317064096,12.508074963886246,26.109999,258.16,0
1:2023,41.878337482267405,12.508059072537087,26.119999,271.16998,0
1:2024,41.87833607584347,12.508043911311542,26.17,227.22,0
1:2025,41.87833607584347,12.508043911311542,26.17,286.29,0
1:2026,41.878328857714656,12.508029438244264,26.26,-306.83,0
1:2027,41.8783156906555,12.50802275219462,26.269999,297.72998,0
1:2028,41.878303854477636,12.508017380100242,26.289999,302.62,0
1:2029,41.87829205699737,12.508007137404949,26.3,263.44998,0
1:2030,41.87829205699737,12.508007137404949,26.3,256.91998,0
1:2031,41.878277835840684,12.508002468162829,26.38,312.22,0
1:2032,41.8782643115836,12.507997365239907,26.47,282.77,0
1:2033,41.87824978894254,12.507994881513353,26.519999,307.4,0
1:2034,41.878235822133284,12.507996905019207,26.539999,255.86,0
1:2035,41.878235822133284,12.507996905019207,26.539999,238.73,0
1:2036,41.8782229172434,12.508001597161202,26.59,206.73999,0
1:2037,41.8782104156592,12.508010696671182,26.66,206.17,0
1:2038,41.87819678422901,12.50801786818553,26.689999,212.54999,0
1:2039,41.87818462111145,12.50802715231136,26.73,257.13998,0
1:2040,41.8781732088231,12.508038020617906,26.81,241.15999,0
1:2041,41.8781732088231,12.508038020617906,26.81,288.15,0
1:2042,41.87816464334592,12.508056508639369,26.859999,288.15,0
1:2043,41.87815625001811,12.508072618712296,26.789999,266.06,0
1:2044,41.87814930242933,12.508090949515971,26.73,275.56,0
1:2045,41.87814401712139,12.508107443009195,26.71,226.90999,0
1:2046,41.87814401712139,12.508107443009195,26.71,243.06,0
1:2047,41.87814173259162,12.508126059188754,26.73,271.72,0
1:2048,41.87813939138772,12.508146314656175,26.769999,260.63998,0
1:2049,41.878139305621794,12.50816427047438,26.769999,310.19998,0
1:2050,41.878140613312,12.508183854378169,26.769999,261.66,0
1:2051,41.878140613312,12.508183854378169,26.769999,264.66,0
1:2052,41.878145253660186,12.50820166266035,26.779999,315.9,0
1:2053,41.878152391100414,12.508218180474614,26.81,278.69,0
1:2054,41.87816017212814,12.508232117560384,26.81,291.8,0
1:2055,41.87816939738542,12.508247575068914,26.83,264.13998,0
1:2056,41.87816939738542,12.508247575068914,26.83,235.04999,0
1:2057,41.87817892796939,12.508260167777602,26.869999,225.72,0
1:2058,41.87818850376915,12.508272698364038,26.92,211.34,0
1:2059,41.87819747522791,12.508286653315858,26.96,237.56,0
1:2060,41.87820981433715,12.508297234901672,26.98,193.45,0
1:2061,41.87820981433715,12.508297234901672,26.98,201.11,0
1:2062,41.87822429052738,12.508298374757981,26.99,223.69,0
1:2063,41.87823801753511,12.508298209874265,27.06,226.26,0
1:2064,41.87825150535883,12.508297900057833,27.06,225.84999,0
1:2065,41.878266142789,12.50829753336032,27.119999,225.84999,0
1:2066,41.878266142789,12.50829753336032,27.119999,213.03,0
1:2067,41.87827991871762,12.508294258401577,27.15,307.11,0
1:2068,41.87829372806064,12.508290796373425,27.24,257.61,0
1:2069,41.878305812822454,12.508280731877871,27.34,261.03,0
1:2070,41.87831650728432,12.50826757860602,27.32,246.37999,0
1:2071,41.87831650728432,12.50826757860602,27.32,235.26999,0
1:2072,41.87832504291495,12.508251833789286,27.349998,245.51999,0
1:2073,41.878334145698496,12.508237463460437,27.41,242.5,0
1:2074,41.878342215448626,12.508223147282653,27.39,282.34,0
1:2075,41.8783486718388,12.508204262141861,27.39,236.42,0
1:2076,41.8783486718388,12.508204262141861,27.39,245.86,0
1:2077,41.87835205770597,12.508186724165762,27.42,263.1,0
1:2078,41.878354122949425,12.508168819895317,27.43,260.13998,0
1:2079,41.87835434672988,12.50814972427264,27.46,-297.27,0
1:2080,41.878353028713455,12.508132394474615,27.55,288.87,0
1:2081,41.878353028713455,12.508132394474615,27.55,307.82,0
1:2082,41.87835100467195,12.508114645325488,27.619999,292.11,0
1:2083,41.878346919538046,12.50809659328576,27.67,277.08,0
1:2084,41.87834231020282,12.508079738085652,27.71,253.51999,0
1:2085,41.87833580235309,12.508065827562817,27.74,255.98,0
1:2086,41.87833580235309,12.508065827562817,27.74,247.04999,0
1:2087,41.87833034420966,12.508052206803184,27.779999,251.86,0
1:2088,41.87833174994747,12.508043877223786,27.789999,304.6,0
1:2089,41.87833174994747,12.508043877223786,27.789999,282.88998,0
1:2090,41.878340320364764,12.508048583249119,27.8,252.68,0
1:2091,41.878340320364764,12.508048583249119,27.8,252.68,0
1:2092,41.878336606906075,12.508056590680939,27.779999,259.46,0
1:2093,41.87832993802224,12.508051324147157,27.8,292.29,0
1:2094,41.87832993802224,12.508051324147157,27.8,282.09,0
1:2095,41.87833371048789,12.50804178252731,27.81,273.9,0
1:2096,41.87833971808213,12.508049166778395,27.76,248.48,0
1:2097,41.87833971808213,12.508049166778395,27.76,258.52,0
1:2098,41.87833157230909,12.508057531364193,27.779999,191.40999,0
1:2099,41.87833157230909,12.508057531364193,27.779999,191.12999,0
1:2100,41.87831876992663,12.50806529814573,27.81,237.42,0
1:2101,41.878307677579485,12.508077842890522,27.84,228.72,0
1:2102,41.87829909083236,12.508093583851254,27.91,239.81,0
1:2103,41.87829171715847,12.508110397582774,27.939999,290.43,0
1:2104,41.878283927073866,12.508125578564934,27.96,259.27,0
1:2105,41.878283927073866,12.508125578564934,27.96,308.91998,0
1:2106,41.87827764832207,12.508142713904075,28.05,-277.13,0
1:2107,41.87827354630944,12.508160308640305,28.109999,314.8,0
1:2108,41.87826908202154,12.508179189887658,28.15,-304.57,0
1:2109,41.878266464308304,12.508196963370782,28.22,288.88998,0
1:2110,41.878266464308304,12.508196963370782,28.22,290.69998,0
1:2111,41.87826707084492,12.508216043978374,28.23,296.4,0
1:2112,41.8782678215369,12.50823488436765,28.25,281.87,0
1:2113,41.87826996904704,12.508253530027343,28.22,253.9,0
1:2114,41.87827401623809,12.508270813271118,28.189999,249.18,0
1:2115,41.87827401623809,12.508270813271118,28.189999,307.34,0
1:2116,41.878280539251236,12.508286672114952,28.189999,301.28,0
1:2117,41.87828963160564,12.508299669061744,28.289999,301.28,0
1:2118,41.87830012475773,12.508314004591535,28.31,-325.58,0
1:2119,41.87831174103176,12.508325662655832,28.32,258.96,0
1:2120,41.87831174103176,12.508325662655832,28.32,261.33,0
1:2121,41.87832402312381,12.508335286478516,28.32,298.94998,0
1:2122,41.87833623269219,12.50834461760208,28.359999,286.25,0
1:2123,41.87834944723137,12.508349610765713,28.279999,-303.00998,0
1:2124,41.87836263552618,12.508351684102987,28.189999,320.96,0
1:2125,41.87836263552618,12.508351684102987,28.189999,296.63,0
1:2126,41.87837586756161,12.508350197223708,28.189999,262.02,0
1:2127,41.87839061405173,12.508349767171406,28.15,286.72998,0
1:2128,41.8784046342417,12.508344792875983,28.13,249.39,0
1:2129,41.8784046342417,12.508344792875983,28.13,265.4,0
1:2130,41.878418887612064,12.508335850842968,28.099998,289.16998,0
1:2131,41.878430335201664,12.508327661626105,28.029999,280.53,0
1:2132,41.87844340527673,12.508323177235978,27.99,-327.28,0
1:2133,41.87845599605749,12.508313144648199,27.939999,269.06,0
1:2134,41.87845599605749,12.508313144648199,27.939999,270.56,0
1:2135,41.878465956465966,12.508299839797138,27.89,326.52,0
1:2136,41.87847217422103,12.508284082056026,27.869999,309,0
1:2137,41.878479169529975,12.508269714226811,27.84,317.12,0
1:2138,41.87848399715663,12.508253545900597,27.88,228.06,0
1:2139,41.87848399715663,12.508253545900597,27.88,256.69,0
1:2140,41.87848845924892,12.508233869159007,27.859999,244.93,0
1:2141,41.878489863683086,12.508214864634756,27.65,244.93,0
1:2142,41.878489109663384,12.508196455253863,27.56,258.75,0
1:2143,41.878489109663384,12.508196455253863,27.56,229.98999,0
1:2144,41.87848689199672,12.508176870111777,27.55,250.65,0
1:2145,41.8784826753322,12.508158631155265,27.51,298.02,0
1:2146,41.87848084645963,12.508139924352442,27.47,281.3,0
1:2147,41.878475222753664,12.508122634778948,27.43,-321.28,0
1:2148,41.87846485993147,12.5081082809569,27.359999,252.29,0
1:2149,41.87846485993147,12.5081082809569,27.359999,263.16998,0
1:2150,41.87845361468083,12.508095984106435,27.279999,-213.79,0
1:2151,41.87844156923412,12.508084051229947,27.21,-292.36,0
1:2152,41.8784286970039,12.508073792916978,27.13,-288.21,0
1:2153,41.87841666507389,12.508062591359927,27.039999,274.13998,0
1:2154,41.87841666507389,12.508062591359927,27.039999,286.56,0
1:2155,41.87840266334076,12.508056361924078,27,246.43999,0
1:2156,41.87838745326866,12.508052551038546,26.9,279.62,0
1:2157,41.878373727427345,12.508052258972972,26.82,226.68,0
1:2158,41.878373727427345,12.508052258972972,26.82,261.46,0
1:2159,41.878359628435646,12.508054740015586,26.769999,288.12,0
1:2160,41.87834511708138,12.508058288982346,26.73,284.16,0
1:2161,41.87833094210107,12.508063766081527,26.66,234.34999,0
1:2162,41.87831770347882,12.508070077216974,26.599998,247.39,0
1:2163,41.87831770347882,12.508070077216974,26.599998,228.12,0
1:2164,41.878305108718514,12.508078257371224,26.57,238.81,0
1:2165,41.878293184784965,12.508088085316558,26.539999,264.50998,0
1:2166,41.87828609969626,12.5080953256918,26.529999,264.50998,0
1:2167,41.87828609969626,12.5080953256918,26.529999,-325.55,0
1:2168,41.87828705554033,12.508096452499903,26.529999,287.57,0
1:2169,41.87828705554033,12.508096452499903,26.529999,299.74,0
1:2170,41.87828634889773,12.508092955436553,26.529999,267.94998,0
1:2171,41.87828634889773,12.508092955436553,26.529999,261.83,0
1:2172,41.87828474397714,12.508096739595004,26.539999,268.69998,0
1:2173,41.87828474397714,12.508096739595004,26.539999,269.28,0
1:2174,41.878296662558895,12.508099536111345,26.519999,288.12,0
1:2175,41.87831259601511,12.508097409482614,26.449999,236.5,0
1:2176,41.87831259601511,12.508097409482614,26.449999,210.42,0
1:2177,41.878325906680736,12.508090691227139,26.439999,217.23999,0
1:2178,41.878338215668975,12.508083278297933,26.43,231.44,0
1:2179,41.87834908584807,12.508073775094124,26.43,237.5,0
1:2180,41.87835779633827,12.508064802035983,26.439999,240.34999,0
1:2181,41.87835709974743,12.508063372864274,26.43,241.95999,0
1:2182,41.87835709974743,12.508063372864274,26.43,242.01999,0
1:2183,41.87835709974743,12.508063372864274,26.43,262.53,0
1:2184,41.87835709974743,12.508063372864274,26.43,245.81,0
1:2185,41.87835709974743,12.508063372864274,26.43,249.56999,0
1:2186,41.87835709974743,12.508063372864274,26.43,245.06999,0
1:2187,41.87835709974743,12.508063372864274,26.43,250.45999,0
1:2188,41.87835539715661,12.508076953418096,26.43,242.79999,0
1:2189,41.87835539715661,12.508076953418096,26.43,271.27,0
1:2190,41.878352976259016,12.508084374963554,26.42,259.47,0
1:2191,41.878352976259016,12.508084374963554,26.42,253.48,0
1:2192,41.8783521263187,12.50808965469961,26.41,250.04999,0
1:2193,41.8783521263187,12.50808965469961,26.41,246.81999,0
1:2194,41.8783521263187,12.50808965469961,26.41,247.29999,0
1:2195,41.8783521263187,12.50808965469961,26.41,245.84999,0
1:2196,41.8783521263187,12.50808965469961,26.41,244.25,0
1:2197,41.8783521263187,12.50808965469961,26.41,244.98,0
1:2198,41.8783521263187,12.50808965469961,26.41,245.01,0
1:2199,41.8783521263187,12.50808965469961,26.41,244.78,0
1:2200,41.8783521263187,12.50808965469961,26.41,245.5,0
1:2201,41.8783521263187,12.50808965469961,26.41,246.09,0
1:2202,41.8783521263187,12.50808965469961,26.41,245.76,0
1:2203,41.8783521263187,12.50808965469961,26.41,244.31999,0
1:2204,41.8783521263187,12.50808965469961,26.41,246.95999,0
1:2205,41.8783521263187,12.50808965469961,26.41,245.93999,0
1:2206,41.8783521263187,12.50808965469961,26.41,240.97,0
1:2207,41.8783521263187,12.50808965469961,26.41,241.42,0
1:2208,41.8783521263187,12.50808965469961,26.41,229.65,0
1:2209,41.8783521263187,12.50808965469961,26.41,281,0
1:2210,41.878346028807464,12.508084385590239,26.41,272.18,0
1:2211,41.87833481741721,12.508090495253501,26.39,308.61,0
1:2212,41.87832672303511,12.50810394491777,26.4,252.06,0
1:2213,41.87832672303511,12.50810394491777,26.4,249.98999,0
1:2214,41.87831808475981,12.508119114841639,26.4,258.91998,0
1:2215,41.87831047512671,12.508131748578311,26.4,258.91998,0
1:2216,41.87830534694195,12.508142584654548,26.41,241.37999,0
1:2217,41.87830534694195,12.508142584654548,26.41,222.56999,0
1:2218,41.87830521198069,12.508149086641255,26.73,234.34,0
1:2219,41.87830394346836,12.50815663075087,27.06,222.87999,0
1:2220,41.87830400748405,12.508163673194236,27.369999,256.38998,0
1:2221,41.87830400748405,12.508163673194236,27.369999,238.53,0
1:2222,41.87830511194332,12.508170558177914,27.689999,260.66998,0
1:2223,41.87830173228561,12.508179424058474,27.869999,247.98,0
1:2224,41.87830173228561,12.508179424058474,27.869999,268.97,0
1:2225,41.87828946542558,12.50818393470052,27.849998,228.29,0
1:2226,41.878278325529806,12.508187860117111,27.869999,254.79,0
1:2227,41.87826777364521,12.508176833988028,27.91,218.89,0
1:2228,41.87826777364521,12.508176833988028,27.91,260.46,0
1:2229,41.87826777364521,12.508176833988028,27.91,280.18,0
1:2230,41.87825395936208,12.508200658083792,28.08,275.37,0
1:2231,41.878247744625966,12.508217097626096,28.09,-309.46,0
1:2232,41.87824085117264,12.508233537191435,28.06,271.82,0
1:2233,41.87824085117264,12.508233537191435,28.06,288.33,0
1:2234,41.87823535735059,12.508250817705195,28.06,312.46,0
1:2235,41.87823280578003,12.508270329413323,28.09,310.00998,0
1:2236,41.878231717376146,12.508290085786122,28.109999,-293.13998,0
1:2237,41.87823153603267,12.508308951597945,28.15,290.13998,0
1:2238,41.87823153603267,12.508308951597945,28.15,278.05,0
1:2239,41.8782354150539,12.508327325177621,28.15,270.28,0
1:2240,41.87823889337673,12.508346424687979,28.14,270.28,0
1:2241,41.878243824985994,12.508362262348276,28.15,255.81,0
1:2242,41.878243824985994,12.508362262348276,28.15,242.81999,0
1:2243,41.87824566572857,12.508379378646424,28.15,295.25998,0
1:2244,41.8782541997125,12.50839017879474,28.13,274.63998,0
1:2245,41.8782541997125,12.50839017879474,28.13,-270.94998,0
1:2246,41.87826128459537,12.508376786421918,28.15,-313.05,0
1:2247,41.87826177668594,12.508360913259901,28.16,276.3,0
1:2248,41.87826177668594,12.508360913259901,28.16,279.16998,0
1:2249,41.87826703544074,12.50834341773151,28.15,257.31,0
1:2250,41.878271432694,12.508323714691922,28.14,268.37,0
1:2251,41.87827277448473,12.508304701966106,28.16,242.79999,0
1:2252,41.87827468555536,12.508285207674785,28.15,266.3,0
1:2253,41.87827468555536,12.508285207674785,28.15,242.76999,0
1:2254,41.878273055385286,12.508266467766205,28.16,267.66998,0
1:2255,41.87826948923815,12.508248994400471,28.189999,241.79,0
1:2256,41.87826948923815,12.508248994400471,28.189999,255.54999,0
1:2257,41.87826380865222,12.508231738422294,28.17,-262.5,0
1:2258,41.878256031947096,12.5082149051703,28.189999,-303.9,0
1:2259,41.87824878109001,12.508199819277918,28.18,283.49,0
1:2260,41.87824878109001,12.508199819277918,28.18,-323.47,0
1:2261,41.87823743302318,12.50819164736267,28.14,290.96,0
1:2262,41.87822693932219,12.5082018854849,28.15,-310.62,0
1:2263,41.8782149753188,12.508209033264238,28.18,289,0
1:2264,41.8782149753188,12.508209033264238,28.18,223.54,0
1:2265,41.878201605989275,12.50820898329459,28.17,240.12,0
1:2266,41.878188393851545,12.508205326064576,28.17,241.18,0
1:2267,41.87817435945874,12.508199729694248,28.16,241.18,0
1:2268,41.87817435945874,12.508199729694248,28.16,-269.28,0
1:2269,41.87816087534011,12.508203186285407,28.26,-322.81,0
1:2270,41.87814697590856,12.508205921864521,28.26,291.35,0
1:2271,41.878134075684336,12.508211219730127,28.279999,300.19998,0
1:2272,41.878134075684336,12.508211219730127,28.279999,283.28,0
1:2273,41.87812184093508,12.508220951705194,28.269999,274.78,0
1:2274,41.87811012386894,12.508229598689201,28.26,235.78,0
1:2275,41.87811012386894,12.508229598689201,28.26,254.40999,0
1:2276,41.87810116229042,12.508237764211376,28.25,251.54999,0
1:2277,41.87810116229042,12.508237764211376,28.25,253.64,0
1:2278,41.878106919654,12.508244491003909,28.289999,243.93,0
1:2279,41.87810661631708,12.508242109889073,28.289999,267.18,0
1:2280,41.87810661631708,12.508242109889073,28.289999,259.06,0
1:2281,41.878110591876435,12.50822579446456,28.3,287.43,0
1:2282,41.87811413695946,12.508208481098464,28.3,289.1,0
1:2283,41.87811413695946,12.508208481098464,28.3,298.08,0
1:2284,41.878112523599505,12.508190171679908,28.289999,289.13,0
1:2285,41.87811272648737,12.508173092133296,28.269999,324.66,0
1:2286,41.87811097164795,12.508155291350018,28.279999,250.06999,0
1:2287,41.87811097164795,12.508155291350018,28.279999,321.68,0
1:2288,41.8781058300837,12.508137733106146,28.3,268.94998,0
1:2289,41.87809858114777,12.508120480171879,28.279999,273.4,0
1:2290,41.8780904110172,12.50810695065322,28.289999,260.36,0
1:2291,41.8780904110172,12.50810695065322,28.289999,223.04,0
1:2292,41.87808810610944,12.508089638545579,28.32,246.56,0
1:2293,41.87809351903707,12.508072738294457,28.3,260.85,0
1:2294,41.87810051060662,12.508057243704657,28.24,260.85,0
1:2295,41.87810051060662,12.508057243704657,28.24,254.36,0
1:2296,41.878107319117376,12.508041790446658,28.359999,239.12999,0
1:2297,41.87811093837077,12.508025326115353,28.41,192.22,0
1:2298,41.87811367533295,12.508006820302715,28.39,206.87,0
1:2299,41.87811367533295,12.508006820302715,28.39,-292.65,0
1:2300,41.878115465851,12.507989025929788,28.42,311.88998,0
1:2301,41.87811338125875,12.507971125679493,28.39,312.08,0
1:2302,41.878109976626,12.507953594303812,28.43,300.9,0
1:2303,41.878109976626,12.507953594303812,28.43,299.07,0
1:2304,41.87810365451096,12.507935695908083,28.47,290.46,0
1:2305,41.87809738220876,12.507920738096045,28.31,265.25998,0
1:2306,41.87808805513018,12.507907210155496,28.32,277.82,0
1:2307,41.87808805513018,12.507907210155496,28.32,247.43999,0
1:2308,41.878078771757906,12.50789540998065,28.3,260.78,0
1:2309,41.878078771757906,12.50789540998065,28.3,244.59,0
1:2310,41.878078771757906,12.50789540998065,28.3,299.32,0
1:2311,41.87805482563736,12.507874349869985,28.42,270.27,0
1:2312,41.87804227451476,12.50786604942515,28.49,326.94,0
1:2313,41.87803125071174,12.507856870998143,28.47,278.11,0
1:2314,41.87803125071174,12.507856870998143,28.47,262.15,0
1:2315,41.87802167148134,12.507845314370622,28.42,251.12999,0
1:2316,41.87801209876915,12.507830885743848,28.43,247.59999,0
1:2317,41.878007800935755,12.507815743511781,28.46,270.38,0
1:2318,41.878007800935755,12.507815743511781,28.46,266.66998,0
1:2319,41.87800397735362,12.507798537388062,28.49,266.66998,0
1:2320,41.87799889404159,12.507781929840382,28.539999,-323.52,0
1:2321,41.8779929040122,12.507764949397936,28.539999,314.12,0
1:2322,41.8779929040122,12.507764949397936,28.539999,268.16998,0
1:2323,41.87798337521217,12.507752124730093,28.539999,238.18999,0
1:2324,41.87797571336477,12.507738383905936,28.529999,271.59,0
1:2325,41.87797571336477,12.507738383905936,28.529999,274.72,0
1:2326,41.8779636476773,12.507728721125815,28.49,267.50998,0
1:2327,41.87795696287531,12.507737325673633,28.43,276.75998,0
1:2328,41.87795696287531,12.507737325673633,28.43,253.5,0
1:2329,41.87796621036312,12.507737947610309,28.46,291.85,0
1:2330,41.87796621036312,12.507737947610309,28.46,281.41998,0
1:2331,41.87797914962799,12.507736745551117,28.48,267.81,0
1:2332,41.87799255257775,12.50773469267168,28.439999,251.23999,0
1:2333,41.87799255257775,12.50773469267168,28.439999,283,0
1:2334,41.87800633708296,12.507731482887737,28.449999,267.77,0
1:2335,41.87801712321145,12.5077230147255,28.449999,287.82,0
1:2336,41.8780293347696,12.50771570526474,28.439999,289.56,0
1:2337,41.8780293347696,12.50771570526474,28.439999,257.69998,0
1:2338,41.878039533573045,12.507703846607667,28.4,263.25998,0
1:2339,41.87804701291055,12.507690405440139,28.41,230.45999,0
1:2340,41.87805615356832,12.507676078457484,28.41,263.12,0
1:2341,41.87805615356832,12.507676078457484,28.41,250.43999,0
1:2342,41.87806332586383,12.507661972041644,28.39,271.47998,0
1:2343,41.87807027640295,12.507646633271506,28.4,227.64,0
1:2344,41.87807027640295,12.507646633271506,28.4,267.78,0
1:2345,41.87807280910501,12.507629806746639,28.43,251.39,0
1:2346,41.87807482748596,12.507612056393771,28.43,240.06999,0
1:2347,41.87808057881163,12.507594800392555,28.369999,240.06999,0
1:2348,41.87808057881163,12.507594800392555,28.369999,260.79,0
1:2349,41.878078601392474,12.50757704174597,28.359999,301.62,0
1:2350,41.878077056439416,12.507558288866937,28.34,290.44998,0
1:2351,41.87807291051463,12.507540343012712,28.359999,264.49,0
1:2352,41.87806828505541,12.507523495799628,28.359999,282.08,0
1:2353,41.87806828505541,12.507523495799628,28.359999,-301.97998,0
1:2354,41.878064241775284,12.5075065088374,28.359999,316.65,0
1:2355,41.87806538081537,12.507488455625607,28.34,267.33,0
1:2356,41.87806538081537,12.507488455625607,28.34,270.46,0
1:2357,41.878071387792104,12.507474144401016,28.289999,236.18999,0
1:2358,41.87807308856469,12.507456334195153,28.25,267.06,0
1:2359,41.878068903118965,12.507439110401208,28.22,277.46,0
1:2360,41.878068903118965,12.507439110401208,28.22,253.29999,0
1:2361,41.87806225337809,12.507423346716264,28.189999,279.41998,0
1:2362,41.87805287058596,12.507415984889894,28.18,271.37,0
1:2363,41.87805287058596,12.507415984889894,28.18,-219.53,0
1:2364,41.878049362759654,12.507429798168888,28.199999,-278.25998,0
1:2365,41.87806005811349,12.50744083964135,28.24,288.44,0
1:2366,41.87806005811349,12.50744083964135,28.24,277.55,0
1:2367,41.87806457564488,12.507455914533036,28.25,295.6,0
1:2368,41.8780704086197,12.507472993371227,28.289999,288.8,0
1:2369,41.87807816336875,12.507485698609536,28.289999,259.3,0
1:2370,41.87808743397905,12.507499874185767,28.25,259.3,0
1:2371,41.87808743397905,12.507499874185767,28.25,221.95,0
1:2372,41.878097718136736,12.507511347530539,28.23,193.23999,0
1:2373,41.878110713320986,12.507522231468439,28.18,233.67,0
1:2374,41.878110713320986,12.507522231468439,28.18,207.95,0
1:2375,41.878125059421464,12.507529431014401,27.96,265.91998,0
1:2376,41.87813522680027,12.50752158612505,27.96,257.32,0
1:2377,41.87813522680027,12.50752158612505,27.96,310.82,0
1:2378,41.878146192831366,12.50751504648256,27.98,247.81999,0
1:2379,41.87815702033333,12.5075147841707,27.99,263.05,0
1:2380,41.8781624000524,12.507521200144643,27.83,259.97998,0
1:2381,41.8781624000524,12.507521200144643,27.83,239.09,0
1:2382,41.87816538525547,12.50752632206824,27.49,229.31999,0
1:2383,41.87816538525547,12.50752632206824,27.49,238.37,0
1:2384,41.87816849238338,12.507532833696395,27.199999,242.98999,0
1:2385,41.87817119153994,12.5075386253377,26.74,249.48,0
1:2386,41.87817119153994,12.5075386253377,26.74,243.31999,0
1:2387,41.87817734363262,12.50754609097377,26.4,252.65,0
1:2388,41.87817734363262,12.50754609097377,26.4,259.38,0
1:2389,41.878187026948545,12.507557296385384,26.39,246.98,0
1:2390,41.878198739897925,12.507564168559878,26.39,242.12999,0
1:2391,41.878198739897925,12.507564168559878,26.39,234.48,0
1:2392,41.87821000466889,12.507564554125599,26.4,278.38,0
1:2393,41.87821191965045,12.50754850886894,26.41,260.99,0
1:2394,41.87821191965045,12.50754850886894,26.41,251.14,0
1:2395,41.878210165977436,12.50753054472246,26.43,258.15,0
1:2396,41.878209042169374,12.507513529838048,26.43,263.72998,0
1:2397,41.87820686865501,12.507502783345481,26.449999,263.72998,0
1:2398,41.87820686865501,12.507502783345481,26.449999,258.13998,0
1:2399,41.878208179775854,12.507504831156535,26.449999,250.62,0
1:2400,41.87820970723266,12.507510511385565,26.449999,246.47,0
1:2401,41.87820970723266,12.507510511385565,26.449999,244.29999,0
1:2402,41.87820970723266,12.507510511385565,26.449999,243.42,0
1:2403,41.87820970723266,12.507510511385565,26.449999,243.15,0
1:2404,41.87820970723266,12.507510511385565,26.449999,242.87,0
1:2405,41.87820970723266,12.507510511385565,26.449999,243.62,0
1:2406,41.87820970723266,12.507510511385565,26.449999,243.23999,0
1:2407,41.87820970723266,12.507510511385565,26.449999,243.06,0
1:2408,41.87820970723266,12.507510511385565,26.449999,243.15,0
1:2409,41.87820970723266,12.507510511385565,26.449999,243.53,0
1:2410,41.87820970723266,12.507510511385565,26.449999,243.81,0
1:2411,41.87820970723266,12.507510511385565,26.449999,244.18,0
1:2412,41.87820970723266,12.507510511385565,26.449999,243.73999,0
1:2413,41.87820970723266,12.507510511385565,26.449999,244.42,0
1:2414,41.87820970723266,12.507510511385565,26.449999,244.48,0
1:2415,41.87820970723266,12.507510511385565,26.449999,246.15,0
1:2416,41.87820970723266,12.507510511385565,26.449999,246.43,0
1:2417,41.87820970723266,12.507510511385565,26.449999,246.40999,0
1:2418,41.87820970723266,12.507510511385565,26.449999,244.65999,0
1:2419,41.87820970723266,12.507510511385565,26.449999,243.72,0
1:2420,41.87820970723266,12.507510511385565,26.449999,243.06,0
1:2421,41.87820970723266,12.507510511385565,26.449999,243.98999,0
1:2422,41.87820970723266,12.507510511385565,26.449999,243.11,0
1:2423,41.87820970723266,12.507510511385565,26.449999,242.93,0
1:2424,41.87820970723266,12.507510511385565,26.449999,242.65,0
1:2425,41.87820970723266,12.507510511385565,26.449999,242.86,0
1:2426,41.87820970723266,12.507510511385565,26.449999,243.59,0
1:2427,41.87820970723266,12.507510511385565,26.449999,244.17,0
1:2428,41.87820970723266,12.507510511385565,26.449999,243.37,0
1:2429,41.87820970723266,12.507510511385565,26.449999,243.76999,0
1:2430,41.87820970723266,12.507510511385565,26.449999,244.93999,0
1:2431,41.87820970723266,12.507510511385565,26.449999,244.87,0
1:2432,41.87820970723266,12.507510511385565,26.449999,245.4,0
1:2433,41.87820970723266,12.507510511385565,26.449999,244.72,0
1:2434,41.87820970723266,12.507510511385565,26.449999,243.9,0
1:2435,41.87820970723266,12.507510511385565,26.449999,243.89,0
1:2436,41.87820970723266,12.507510511385565,26.449999,244,0
1:2437,41.87820970723266,12.507510511385565,26.449999,244.34,0
1:2438,41.87820970723266,12.507510511385565,26.449999,240.76,0
1:2439,41.87820970723266,12.507510511385565,26.449999,245.54,0
1:2440,41.87820970723266,12.507510511385565,26.449999,267.93,0
1:2441,41.87820970723266,12.507510511385565,26.449999,247.43,0
1:2442,41.87820654377369,12.507509555396371,26.449999,236.15999,0
1:2443,41.878207618592256,12.507506019093368,26.439999,270.91,0
1:2444,41.878207618592256,12.507506019093368,26.439999,261.97,0
1:2445,41.87820685390327,12.507492994546928,26.42,253.89,0
1:2446,41.878205313066985,12.507494730007357,26.42,249.62,0
1:2447,41.878205313066985,12.507494730007357,26.42,247.87999,0
1:2448,41.878205313066985,12.507494730007357,26.42,247.09,0
1:2449,41.878205313066985,12.507494730007357,26.42,244.79999,0
1:2450,41.878205313066985,12.507494730007357,26.42,240,0
1:2451,41.878205313066985,12.507494730007357,26.42,233.09999,0
1:2452,41.878205313066985,12.507494730007357,26.42,226.69,0
1:2453,41.878205313066985,12.507494730007357,26.42,218.81,0
1:2454,41.878205313066985,12.507494730007357,26.42,213.33,0
1:2455,41.878205313066985,12.507494730007357,26.42,205.4,0
1:2456,41.878205313066985,12.507494730007357,26.42,199.7,0
1:2457,41.878205313066985,12.507494730007357,26.42,192.03,0
1:2458,41.878205313066985,12.507494730007357,26.42,185.34,0
1:2459,41.878205313066985,12.507494730007357,26.42,177.87,0
1:2460,41.878205313066985,12.507494730007357,26.42,171.7,0
1:2461,41.878205313066985,12.507494730007357,26.42,164.51,0
1:2462,41.878205313066985,12.507494730007357,26.42,157.89,0
1:2463,41.878205313066985,12.507494730007357,26.42,149.81999,0
1:2464,41.878205313066985,12.507494730007357,26.42,143.23999,0
1:2465,41.878205313066985,12.507494730007357,26.42,135.84,0
1:2466,41.878205313066985,12.507494730007357,26.42,127.81,0
1:2467,41.878205313066985,12.507494730007357,26.42,121.25,0
1:2468,41.878205313066985,12.507494730007357,26.42,114.28,0
1:2469,41.878205313066985,12.507494730007357,26.42,108.299995,0
1:2470,41.878205313066985,12.507494730007357,26.42,101.14,0
1:2471,41.878205313066985,12.507494730007357,26.42,93.689995,0
1:2472,41.878205313066985,12.507494730007357,26.42,86.18,0
1:2473,41.878205313066985,12.507494730007357,26.42,81.72,0
1:2474,41.878205313066985,12.507494730007357,26.42,63.379997,0
1:2475,41.878205313066985,12.507494730007357,26.42,53.329998,0
1:2476,41.878205313066985,12.507494730007357,26.42,59.809998,0
1:2477,41.878205313066985,12.507494730007357,26.42,50.41,0
1:2478,41.878205313066985,12.507494730007357,26.42,43.579998,0
1:2479,41.878206184242934,12.507495029871329,26.42,36.13,0
1:2480,41.878206184242934,12.507495029871329,26.42,29.779999,0
1:2481,41.878206184242934,12.507495029871329,26.42,23.59,0
1:2482,41.878206184242934,12.507495029871329,26.42,13.059999,0
1:2483,41.878206184242934,12.507495029871329,26.42,8.88,0
1:2484,41.878206184242934,12.507495029871329,26.42,4.02,0
1:2485,41.878206184242934,12.507495029871329,26.42,3.24,0
1:2486,41.878206184242934,12.507495029871329,26.42,2.76,0
1:2487,41.878206184242934,12.507495029871329,26.42,9.38,0
1:2488,41.878206184242934,12.507495029871329,26.42,6.15,0
1:2489,41.878206184242934,12.507495029871329,26.42,13.599999,0
1:2490,41.878203051591086,12.507496154038689,26.41,-11.01,0
1:2491,41.878203051591086,12.507496154038689,26.41,-1.7099999,0
1:2492,41.87819268228499,12.50749372130698,26.39,-1.8399999,0
1:2493,41.87819268228499,12.50749372130698,26.39,-0.13,0
1:2494,41.87818756288266,12.507483790778005,26.369999,4.3399997,0
1:2495,41.87818756288266,12.507483790778005,26.369999,5.7999997,0
1:2496,41.87818756288266,12.507483790778005,26.369999,7.94,0
1:2497,41.87818852057927,12.507480194253398,26.369999,2.46,0
1:2498,41.87818852057927,12.507480194253398,26.369999,4.31,0
1:2499,41.878179757497406,12.507476178757818,26.42,3.6799998,0
1:2500,41.878178892771054,12.507476510552602,26.42,6.24,0
1:2501,41.878178892771054,12.507476510552602,26.42,4.15,0
1:2502,41.878178892771054,12.507476510552602,26.42,0.34,0
1:2503,41.878178892771054,12.507476510552602,26.42,4.11,0
1:2504,41.878178892771054,12.507476510552602,26.42,1.16,0
1:2505,41.87816870933687,12.507478121653342,26.439999,-65.21,0
1:2506,41.87816597216885,12.507493904321684,26.449999,-16.84,0
1:2507,41.87816597216885,12.507493904321684,26.449999,27.83,0
1:2508,41.87817675713092,12.507497564707919,26.449999,-14.929999,0
1:2509,41.87818718846294,12.50748898448834,26.449999,-14.929999,0
1:2510,41.87819692989385,12.507479048614526,26.46,-1.6999999,0
1:2511,41.87819692989385,12.507479048614526,26.46,10.9,0
1:2512,41.878206133881186,12.507476556260201,26.47,-43.68,0
1:2513,41.87820979855621,12.507488598277552,26.47,-12.99,0
1:2514,41.87820979855621,12.507488598277552,26.47,-5.1099997,0
1:2515,41.878218876776394,12.50749960901718,26.46,-1.8299999,0
1:2516,41.878229353598655,12.50750401146077,26.439999,0.9,0
1:2517,41.878229353598655,12.50750401146077,26.439999,-41.12,0
1:2518,41.87823232116825,12.507496266879325,26.449999,-1.01,0
1:2519,41.87823232116825,12.507496266879325,26.449999,13.32,0
1:2520,41.87822607095936,12.50750503518199,26.449999,3.02,0
1:2521,41.8782146553776,12.507507082762665,26.439999,5.2599998,0
1:2522,41.8782146553776,12.507507082762665,26.439999,-7.7599998,0
1:2523,41.87820533083768,12.507502030644522,26.47,-8.62,0
1:2524,41.878194071144065,12.507507977977339,26.47,0.39999998,0
1:2525,41.878194071144065,12.507507977977339,26.47,-6.98,0
1:2526,41.878198677254495,12.507522155212312,26.46,20.789999,0
1:2527,41.87820652737525,12.507532461400622,26.47,35.649998,0
1:2528,41.87820652737525,12.507532461400622,26.47,12.21,0
1:2529,41.878215712562685,12.50753926036002,26.48,-19.59,0
1:2530,41.87822465486103,12.507529073555167,26.49,1.75,0
1:2531,41.87822465486103,12.507529073555167,26.49,-16.82,0
1:2532,41.87822962029637,12.507515221802537,26.51,-4.94,0
1:2533,41.87823624801256,12.507505735079613,26.51,7.3199997,0
1:2534,41.87823624801256,12.507505735079613,26.51,2.59,0
1:2535,41.87824360638581,12.507508942767089,26.519999,-40.82,0
1:2536,41.8782521272647,12.507519761599307,26.519999,22.65,0
1:2537,41.8782521272647,12.507519761599307,26.519999,82.159996,0
1:2538,41.87825331982273,12.507535932551864,26.5,21.15,0
1:2539,41.878252928455666,12.507551057850925,26.49,21.15,0
1:2540,41.87824745473714,12.507558300524218,26.49,71.799995,0
1:2541,41.87824745473714,12.507558300524218,26.49,46.059998,0
1:2542,41.8782454089797,12.50757502950575,26.519999,43.079998,0
1:2543,41.878244086469145,12.507588196750211,26.519999,5.87,0
1:2544,41.878244086469145,12.507588196750211,26.519999,1.8,0
1:2545,41.87824707469118,12.507593984290732,26.529999,9.16,0
1:2546,41.87825180656876,12.507595369387666,26.529999,-29.179998,0
1:2547,41.87825180656876,12.507595369387666,26.529999,-0.049999997,0
1:2548,41.878245873213494,12.507588074878637,26.519999,2.12,0
1:2549,41.878245873213494,12.507588074878637,26.519999,2.3899999,0
1:2550,41.87824077432637,12.507579546494794,26.529999,3.55,0
1:2551,41.87824077432637,12.507579546494794,26.529999,4.5899997,0
1:2552,41.87824077432637,12.507579546494794,26.529999,3.8799999,0
1:2553,41.87824077432637,12.507579546494794,26.529999,4.5299997,0
1:2554,41.87824077432637,12.507579546494794,26.529999,5.1099997,0
1:2555,41.87824077432637,12.507579546494794,26.529999,4.92,0
1:2556,41.87824077432637,12.507579546494794,26.529999,6.15,0
1:2557,41.87824077432637,12.507579546494794,26.529999,5.8199997,0
1:2558,41.87824077432637,12.507579546494794,26.529999,5.44,0
1:2559,41.87824077432637,12.507579546494794,26.529999,7.1299996,0
1:2560,41.87824077432637,12.507579546494794,26.529999,8.55,0
1:2561,41.87824077432637,12.507579546494794,26.529999,7.24,0
1:2562,41.87824077432637,12.507579546494794,26.529999,6.5699997,0
1:2563,41.87824077432637,12.507579546494794,26.529999,8.08,0
1:2564,41.87824077432637,12.507579546494794,26.529999,7.16,0
1:2565,41.87824077432637,12.507579546494794,26.529999,6.3399997,0
1:2566,41.87824077432637,12.507579546494794,26.529999,7.3799996,0
1:2567,41.87824077432637,12.507579546494794,26.529999,6.8399997,0
1:2568,41.87824077432637,12.507579546494794,26.529999,6.89,0
1:2569,41.87824077432637,12.507579546494794,26.529999,7.6699996,0
1:2570,41.87824077432637,12.507579546494794,26.529999,7.06,0
1:2571,41.87824077432637,12.507579546494794,26.529999,4.45,0
1:2572,41.87824077432637,12.507579546494794,26.529999,4.7799997,0
1:2573,41.87824077432637,12.507579546494794,26.529999,7.22,0
1:2574,41.87824077432637,12.507579546494794,26.529999,6.8799996,0
1:2575,41.87824077432637,12.507579546494794,26.529999,6.25,0
1:2576,41.87824077432637,12.507579546494794,26.529999,6.8799996,0
1:2577,41.87824077432637,12.507579546494794,26.529999,7.02,0
1:2578,41.87824077432637,12.507579546494794,26.529999,6.8999996,0
1:2579,41.87824077432637,12.507579546494794,26.529999,6.5299997,0
1:2580,41.87824077432637,12.507579546494794,26.529999,6.75,0
1:2581,41.87824077432637,12.507579546494794,26.529999,6.2599998,0
1:2582,41.87824077432637,12.507579546494794,26.529999,6.23,0
1:2583,41.87824077432637,12.507579546494794,26.529999,5.2599998,0
1:2584,41.87824077432637,12.507579546494794,26.529999,6.62,0
1:2585,41.87824077432637,12.507579546494794,26.529999,6.27,0
1:2586,41.87824077432637,12.507579546494794,26.529999,3.8799999,0
1:2587,41.87824077432637,12.507579546494794,26.529999,3.3999999,0
1:2588,41.87824077432637,12.507579546494794,26.529999,-22.949999,0
1:2589,41.87824077432637,12.507579546494794,26.529999,-1.9799999,0
1:2590,41.87824077432637,12.507579546494794,26.529999,9.929999,0
1:2591,41.87824077432637,12.507579546494794,26.529999,13.98,0
1:2592,41.87823987632284,12.507579611139716,26.529999,6.92,0
1:2593,41.87823987632284,12.507579611139716,26.529999,5.58,0
1:2594,41.878244486412804,12.507584245669172,26.529999,1.41,0
1:2595,41.878244486412804,12.507584245669172,26.529999,5.81,0
1:2596,41.878248093727585,12.507585915332776,26.519999,4.7599998,0
1:2597,41.878248093727585,12.507585915332776,26.519999,5.7799997,0
1:2598,41.878248093727585,12.507585915332776,26.519999,4.61,0
1:2599,41.878248093727585,12.507585915332776,26.519999,4.6,0
1:2600,41.878248093727585,12.507585915332776,26.519999,6.31,0
1:2601,41.878248093727585,12.507585915332776,26.519999,5.02,0
1:2602,41.878248093727585,12.507585915332776,26.519999,5.85,0
1:2603,41.878248093727585,12.507585915332776,26.519999,5.48,0
1:2604,41.878248093727585,12.507585915332776,26.519999,5.24,0
1:2605,41.878248093727585,12.507585915332776,26.519999,5.35,0
1:2606,41.878248093727585,12.507585915332776,26.519999,5.66,0
1:2607,41.878248093727585,12.507585915332776,26.519999,5.5099998,0
1:2608,41.878248093727585,12.507585915332776,26.519999,5.5499997,0
1:2609,41.878248093727585,12.507585915332776,26.519999,4.48,0
1:2610,41.878248093727585,12.507585915332776,26.519999,10.73,0
1:2611,41.878248093727585,12.507585915332776,26.519999,-5.31,0
1:2612,41.878248093727585,12.507585915332776,26.519999,9.88,0
1:2613,41.878248093727585,12.507585915332776,26.519999,49.539997,0
1:2614,41.878248093727585,12.507585915332776,26.519999,29.74,0
1:2615,41.87824684229983,12.507575661763497,26.529999,29.13,0
1:2616,41.878246995786526,12.507560194993648,26.519999,13.78,0
1:2617,41.878246497314976,12.507552489945592,26.51,12.32,0
1:2618,41.878246497314976,12.507552489945592,26.51,-40.32,0
1:2619,41.878244455399845,12.507559198180932,26.519999,-16.44,0
1:2620,41.878249309476715,12.507571208175316,26.519999,33.239998,0
1:2621,41.878249309476715,12.507571208175316,26.519999,14.71,0
1:2622,41.87825568524693,12.507584089793355,26.519999,67.25,0
1:2623,41.87825670263663,12.507597360893593,26.539999,24.93,0
1:2624,41.87825670263663,12.507597360893593,26.539999,11.05,0
1:2625,41.87826393613469,12.507613803142872,26.529999,-4.8399997,0
1:2626,41.87827727115784,12.507618180751384,26.529999,28.01,0
1:2627,41.87828700058153,12.507626970479487,26.55,22.07,0
1:2628,41.878289591673024,12.507643026333675,26.57,-0.97999996,0
1:2629,41.87828849400642,12.507651439020155,26.57,4.93,0
1:2630,41.87828948230432,12.507656675120602,26.56,1.74,0
1:2631,41.87828948230432,12.507656675120602,26.56,1.5799999,0
1:2632,41.87829090444057,12.507658154074774,26.56,11.2699995,0
1:2633,41.87829090444057,12.507658154074774,26.56,8.34,0
1:2634,41.87829090444057,12.507658154074774,26.56,9.01,0
1:2635,41.87828764108145,12.507662960192032,26.56,7.6299996,0
1:2636,41.87828764108145,12.507662960192032,26.56,7.5899997,0
1:2637,41.87828764108145,12.507662960192032,26.56,7.62,0
1:2638,41.87828764108145,12.507662960192032,26.56,7.4199996,0
1:2639,41.87828764108145,12.507662960192032,26.56,6.85,0
1:2640,41.87828764108145,12.507662960192032,26.56,6.8399997,0
1:2641,41.87828764108145,12.507662960192032,26.56,6.93,0
1:2642,41.87828764108145,12.507662960192032,26.56,5.8599997,0
1:2643,41.87828764108145,12.507662960192032,26.56,5.5499997,0
1:2644,41.87828764108145,12.507662960192032,26.56,6.2,0
1:2645,41.87828764108145,12.507662960192032,26.56,6.5299997,0
1:2646,41.87828764108145,12.507662960192032,26.56,6.08,0
1:2647,41.87828764108145,12.507662960192032,26.56,6.5299997,0
1:2648,41.87828764108145,12.507662960192032,26.56,6.43,0
1:2649,41.87828764108145,12.507662960192032,26.56,6.31,0
1:2650,41.87828764108145,12.507662960192032,26.56,5.29,0
1:2651,41.87828764108145,12.507662960192032,26.56,6.49,0
1:2652,41.87828764108145,12.507662960192032,26.56,6.73,0
1:2653,41.87828764108145,12.507662960192032,26.56,6.44,0
1:2654,41.87828764108145,12.507662960192032,26.56,6.2799997,0
1:2655,41.87828764108145,12.507662960192032,26.56,6.62,0
1:2656,41.87828764108145,12.507662960192032,26.56,6.3199997,0
1:2657,41.87828764108145,12.507662960192032,26.56,6.5299997,0
1:2658,41.87828764108145,12.507662960192032,26.56,5.85,0
1:2659,41.87828764108145,12.507662960192032,26.56,6,0
1:2660,41.87828764108145,12.507662960192032,26.56,6.46,0
1:2661,41.87828764108145,12.507662960192032,26.56,6.5699997,0
1:2662,41.87828764108145,12.507662960192032,26.56,6.85,0
1:2663,41.87828764108145,12.507662960192032,26.56,6.52,0
1:2664,41.87828764108145,12.507662960192032,26.56,6.85,0
1:2665,41.87828764108145,12.507662960192032,26.56,6.54,0
1:2666,41.87828764108145,12.507662960192032,26.56,6.42,0
1:2667,41.87828764108145,12.507662960192032,26.56,8.0199995,0
1:2668,41.87828764108145,12.507662960192032,26.56,6.15,0
1:2669,41.87828764108145,12.507662960192032,26.56,7.5,0
1:2670,41.87828764108145,12.507662960192032,26.56,5.97,0
1:2671,41.87828764108145,12.507662960192032,26.56,2.6599998,0
1:2672,41.87828764108145,12.507662960192032,26.56,4.2599998,0
1:2673,41.87828764108145,12.507662960192032,26.56,5.39,0
1:2674,41.87828764108145,12.507662960192032,26.56,3.33,0
1:2675,41.878288574832226,12.507667779855698,26.56,30.82,0
1:2676,41.878288574832226,12.507667779855698,26.56,23.13,0
1:2677,41.87828904482949,12.507670405877105,26.55,25.72,0
1:2678,41.87828904482949,12.507670405877105,26.55,-9.059999,0
1:2679,41.87828904482949,12.507670405877105,26.55,14.75,0
1:2680,41.87829574500073,12.507667574816566,26.56,1.4699999,0
1:2681,41.87829574500073,12.507667574816566,26.56,29.91,0
1:2682,41.87830417654584,12.507655133272403,26.56,11.63,0
1:2683,41.87830581700783,12.507638194229433,26.55,41.03,0
1:2684,41.87829714209333,12.507627598498223,26.539999,7.25,0
1:2685,41.87829714209333,12.507627598498223,26.539999,13.0199995,0
1:2686,41.878287894125236,12.507615872056832,26.55,-5.24,0
1:2687,41.87828561659396,12.507601652800354,26.55,41.809998,0
1:2688,41.878281213645856,12.507586907491794,26.55,14.94,0
1:2689,41.878281213645856,12.507586907491794,26.55,57.6,0
1:2690,41.87826765988529,12.507581947802528,26.539999,33.51,0
1:2691,41.87825503534705,12.5075792639094,26.539999,34.59,0
1:2692,41.87824895193573,12.507592672915735,26.55,32.809998,0
1:2693,41.87824895193573,12.507592672915735,26.55,16.73,0
1:2694,41.878250773535356,12.507609664623812,26.55,20.39,0
1:2695,41.8782525904007,12.50762657113698,26.56,14.57,0
1:2696,41.8782525904007,12.50762657113698,26.56,10.889999,0
1:2697,41.87825793924403,12.507633980053237,26.55,20.6,0
1:2698,41.87825793924403,12.507633980053237,26.55,16.76,0
1:2699,41.87825793924403,12.507633980053237,26.55,11.469999,0
1:2700,41.8782551411479,12.507634662718356,26.539999,8.46,0
1:2701,41.8782551411479,12.507634662718356,26.539999,9.4,0
1:2702,41.8782551411479,12.507634662718356,26.539999,9.11,0
1:2703,41.8782551411479,12.507634662718356,26.539999,7.43,0
1:2704,41.8782551411479,12.507634662718356,26.539999,8.37,0
1:2705,41.8782551411479,12.507634662718356,26.539999,9.929999,0
1:2706,41.8782551411479,12.507634662718356,26.539999,9.75,0
1:2707,41.8782551411479,12.507634662718356,26.539999,10.139999,0
1:2708,41.8782551411479,12.507634662718356,26.539999,11.36,0
1:2709,41.8782551411479,12.507634662718356,26.539999,10.2699995,0
1:2710,41.8782551411479,12.507634662718356,26.539999,11.139999,0
1:2711,41.8782551411479,12.507634662718356,26.539999,10.389999,0
1:2712,41.8782551411479,12.507634662718356,26.539999,8.61,0
1:2713,41.8782551411479,12.507634662718356,26.539999,10.679999,0
1:2714,41.8782551411479,12.507634662718356,26.539999,9.809999,0
1:2715,41.8782551411479,12.507634662718356,26.539999,9.91,0
1:2716,41.8782551411479,12.507634662718356,26.539999,9.22,0
1:2717,41.8782551411479,12.507634662718356,26.539999,8.91,0
1:2718,41.8782551411479,12.507634662718356,26.539999,9.099999,0
1:2719,41.8782551411479,12.507634662718356,26.539999,8.79,0
1:2720,41.8782551411479,12.507634662718356,26.539999,9.469999,0
1:2721,41.8782551411479,12.507634662718356,26.539999,9.94,0
1:2722,41.8782551411479,12.507634662718356,26.539999,8.059999,0
1:2723,41.8782551411479,12.507634662718356,26.539999,8.94,0
1:2724,41.8782551411479,12.507634662718356,26.539999,7.22,0
1:2725,41.8782551411479,12.507634662718356,26.539999,7.89,0
1:2726,41.8782551411479,12.507634662718356,26.539999,9.2,0
1:2727,41.8782551411479,12.507634662718356,26.539999,7.85,0
1:2728,41.8782551411479,12.507634662718356,26.539999,6.12,0
1:2729,41.8782551411479,12.507634662718356,26.539999,8.4,0
1:2730,41.8782551411479,12.507634662718356,26.539999,8.99,0
1:2731,41.8782551411479,12.507634662718356,26.539999,9.139999,0
1:2732,41.8782551411479,12.507634662718356,26.539999,9.639999,0
1:2733,41.8782551411479,12.507634662718356,26.539999,8.929999,0
1:2734,41.8782551411479,12.507634662718356,26.539999,8.94,0
1:2735,41.8782551411479,12.507634662718356,26.539999,9.16,0
1:2736,41.8782551411479,12.507634662718356,26.539999,10.34,0
1:2737,41.8782551411479,12.507634662718356,26.539999,10.9,0
1:2738,41.8782551411479,12.507634662718356,26.539999,9.42,0
1:2739,41.8782551411479,12.507634662718356,26.539999,7.7799997,0
1:2740,41.8782551411479,12.507634662718356,26.539999,8.99,0
1:2741,41.8782551411479,12.507634662718356,26.539999,9.09,0
1:2742,41.8782551411479,12.507634662718356,26.539999,9.4,0
1:2743,41.8782551411479,12.507634662718356,26.539999,11.29,0
1:2744,41.8782551411479,12.507634662718356,26.539999,13.969999,0
1:2745,41.8782551411479,12.507634662718356,26.539999,13.45,0
1:2746,41.8782551411479,12.507634662718356,26.539999,12.509999,0
1:2747,41.8782551411479,12.507634662718356,26.539999,10.69,0
1:2748,41.8782551411479,12.507634662718356,26.539999,11.08,0
1:2749,41.8782551411479,12.507634662718356,26.539999,10.3,0
1:2750,41.8782551411479,12.507634662718356,26.539999,10.29,0
1:2751,41.8782551411479,12.507634662718356,26.539999,10.45,0
1:2752,41.8782551411479,12.507634662718356,26.539999,11.2699995,0
1:2753,41.8782551411479,12.507634662718356,26.539999,11.71,0
1:2754,41.8782551411479,12.507634662718356,26.539999,15.099999,0
1:2755,41.8782551411479,12.507634662718356,26.539999,13.009999,0
1:2756,41.8782551411479,12.507634662718356,26.539999,12.12,0
1:2757,41.8782551411479,12.507634662718356,26.539999,10.349999,0
1:2758,41.8782551411479,12.507634662718356,26.539999,10.2,0
1:2759,41.8782551411479,12.507634662718356,26.539999,10.0199995,0
1:2760,41.8782551411479,12.507634662718356,26.539999,11.62,0
1:2761,41.8782551411479,12.507634662718356,26.539999,10.429999,0
1:2762,41.8782551411479,12.507634662718356,26.539999,9.7,0
1:2763,41.8782551411479,12.507634662718356,26.539999,11.13,0
1:2764,41.8782551411479,12.507634662718356,26.539999,10.23,0
1:2765,41.8782551411479,12.507634662718356,26.539999,8.849999,0
1:2766,41.8782551411479,12.507634662718356,26.539999,9.3,0
1:2767,41.8782551411479,12.507634662718356,26.539999,10.16,0
1:2768,41.8782551411479,12.507634662718356,26.539999,10.82,0
1:2769,41.8782551411479,12.507634662718356,26.539999,10.55,0
1:2770,41.8782551411479,12.507634662718356,26.539999,10.13,0
1:2771,41.8782551411479,12.507634662718356,26.539999,11.59,0
1:2772,41.8782551411479,12.507634662718356,26.539999,11.38,0
1:2773,41.8782551411479,12.507634662718356,26.539999,10.19,0
1:2774,41.8782551411479,12.507634662718356,26.539999,15.32,0
1:2775,41.8782551411479,12.507634662718356,26.539999,8.639999,0
1:2776,41.8782551411479,12.507634662718356,26.539999,5.71,0
1:2777,41.8782551411479,12.507634662718356,26.539999,6.8199997,0
1:2778,41.8782551411479,12.507634662718356,26.539999,6.94,0
1:2779,41.8782551411479,12.507634662718356,26.539999,8.58,0
1:2780,41.8782551411479,12.507634662718356,26.539999,8.599999,0
1:2781,41.8782551411479,12.507634662718356,26.539999,8.53,0
1:2782,41.8782551411479,12.507634662718356,26.539999,9.3,0
1:2783,41.8782551411479,12.507634662718356,26.539999,9.599999,0
1:2784,41.8782551411479,12.507634662718356,26.539999,9.49,0
1:2785,41.8782551411479,12.507634662718356,26.539999,8.73,0
1:2786,41.8782551411479,12.507634662718356,26.539999,8.389999,0
1:2787,41.8782551411479,12.507634662718356,26.539999,8.9,0
1:2788,41.8782551411479,12.507634662718356,26.539999,9.139999,0
1:2789,41.8782551411479,12.507634662718356,26.539999,9.5,0
1:2790,41.8782551411479,12.507634662718356,26.539999,8.65,0
1:2791,41.8782551411479,12.507634662718356,26.539999,9.03,0
1:2792,41.8782551411479,12.507634662718356,26.539999,8.389999,0
1:2793,41.8782551411479,12.507634662718356,26.539999,8.24,0
1:2794,41.8782551411479,12.507634662718356,26.539999,8.62,0
1:2795,41.8782551411479,12.507634662718356,26.539999,8.429999,0
1:2796,41.8782551411479,12.507634662718356,26.539999,7.68,0
1:2797,41.8782551411479,12.507634662718356,26.539999,8.48,0
1:2798,41.8782551411479,12.507634662718356,26.539999,8.79,0
1:2799,41.8782551411479,12.507634662718356,26.539999,7.8999996,0
1:2800,41.8782551411479,12.507634662718356,26.539999,7.97,0
1:2801,41.8782551411479,12.507634662718356,26.539999,8.72,0
1:2802,41.8782551411479,12.507634662718356,26.539999,9.33,0
1:2803,41.8782551411479,12.507634662718356,26.539999,9.01,0
1:2804,41.8782551411479,12.507634662718356,26.539999,8.65,0
1:2805,41.8782551411479,12.507634662718356,26.539999,9.95,0
1:2806,41.8782551411479,12.507634662718356,26.539999,8.7699995,0
1:2807,41.8782551411479,12.507634662718356,26.539999,8.45,0
1:2808,41.8782551411479,12.507634662718356,26.539999,8.099999,0
1:2809,41.8782551411479,12.507634662718356,26.539999,8.58,0
1:2810,41.8782551411479,12.507634662718356,26.539999,8.99,0
1:2811,41.8782551411479,12.507634662718356,26.539999,8.15,0
1:2812,41.8782551411479,12.507634662718356,26.539999,7.04,0
1:2813,41.8782551411479,12.507634662718356,26.539999,8.32,0
1:2814,41.8782551411479,12.507634662718356,26.539999,8.45,0
1:2815,41.8782551411479,12.507634662718356,26.539999,8.79,0
1:2816,41.8782551411479,12.507634662718356,26.539999,8.82,0
1:2817,41.8782551411479,12.507634662718356,26.539999,8.24,0
1:2818,41.8782551411479,12.507634662718356,26.539999,9.44,0
1:2819,41.8782551411479,12.507634662718356,26.539999,9.4,0
1:2820,41.8782551411479,12.507634662718356,26.539999,9.66,0
1:2821,41.8782551411479,12.507634662718356,26.539999,9.69,0
1:2822,41.8782551411479,12.507634662718356,26.539999,9.25,0
1:2823,41.8782551411479,12.507634662718356,26.539999,10.66,0
1:2824,41.8782551411479,12.507634662718356,26.539999,9.53,0
1:2825,41.8782551411479,12.507634662718356,26.539999,9.66,0
1:2826,41.8782551411479,12.507634662718356,26.539999,8.59,0
1:2827,41.8782551411479,12.507634662718356,26.539999,8,0
1:2828,41.8782551411479,12.507634662718356,26.539999,7.8599997,0
1:2829,41.8782551411479,12.507634662718356,26.539999,8.69,0
1:2830,41.8782551411479,12.507634662718356,26.539999,9.08,0
1:2831,41.8782551411479,12.507634662718356,26.539999,8.08,0
1:2832,41.8782551411479,12.507634662718356,26.539999,8.059999,0
1:2833,41.8782551411479,12.507634662718356,26.539999,13.599999,0
1:2834,41.8782551411479,12.507634662718356,26.539999,10.01,0
1:2835,41.8782551411479,12.507634662718356,26.539999,9.96,0
1:2836,41.87825697077521,12.507633541914561,26.55,9.53,0
1:2837,41.87825697077521,12.507633541914561,26.55,9.01,0
1:2838,41.87825697077521,12.507633541914561,26.55,7.6699996,0
1:2839,41.87825697077521,12.507633541914561,26.55,8.98,0
1:2840,41.87825697077521,12.507633541914561,26.55,7.14,0
1:2841,41.87825697077521,12.507633541914561,26.55,7.87,0
1:2842,41.87825697077521,12.507633541914561,26.55,8.0199995,0
1:2843,41.87825697077521,12.507633541914561,26.55,8.51,0
1:2844,41.87825697077521,12.507633541914561,26.55,8.08,0
1:2845,41.87825697077521,12.507633541914561,26.55,6.95,0
1:2846,41.87825697077521,12.507633541914561,26.55,8.559999,0
1:2847,41.87825697077521,12.507633541914561,26.55,8.3,0
1:2848,41.87825697077521,12.507633541914561,26.55,12.139999,0
1:2849,41.87825697077521,12.507633541914561,26.55,5.89,0
1:2850,41.87825697077521,12.507633541914561,26.55,13.66,0
1:2851,41.87825697077521,12.507633541914561,26.55,8.8,0
1:2852,41.87825697077521,12.507633541914561,26.55,-27.08,0
1:2853,41.878258330748324,12.507637495391563,26.55,-0.13,0
1:2854,41.878258330748324,12.507637495391563,26.55,62.449997,0
1:2855,41.87826293034054,12.507648751302703,26.56,23.73,0
1:2856,41.87826941884148,12.507663442840327,26.56,28.38,0
1:2857,41.87827505421161,12.507678024163658,26.56,-16.56,0
1:2858,41.87827505421161,12.507678024163658,26.56,4.52,0
1:2859,41.878276446569934,12.507691233752157,26.57,21.02,0
1:2860,41.878268898070786,12.50770498153382,26.58,12.559999,0
1:2861,41.8782626317379,12.50772084310767,26.59,14.41,0
1:2862,41.87825957373671,12.507737772036913,26.59,13.57,0
1:2863,41.87826390409254,12.507747035221106,26.59,3.78,0
1:2864,41.87826390409254,12.507747035221106,26.59,6.41,0
1:2865,41.87826840062842,12.507746996079366,26.59,6.02,0
1:2866,41.878269058693206,12.507746172766618,26.59,7.77,0
1:2867,41.878269058693206,12.507746172766618,26.59,8.24,0
1:2868,41.878269058693206,12.507746172766618,26.59,9.33,0
1:2869,41.878269058693206,12.507746172766618,26.59,9.9,0
1:2870,41.878269058693206,12.507746172766618,26.59,9.889999,0
1:2871,41.878269058693206,12.507746172766618,26.59,9.32,0
1:2872,41.878269058693206,12.507746172766618,26.59,9.2,0
1:2873,41.878269058693206,12.507746172766618,26.59,10.3,0
1:2874,41.878269058693206,12.507746172766618,26.59,10.17,0
1:2875,41.878269058693206,12.507746172766618,26.59,9.429999,0
1:2876,41.878269058693206,12.507746172766618,26.59,10.29,0
1:2877,41.878269058693206,12.507746172766618,26.59,9.03,0
1:2878,41.878269058693206,12.507746172766618,26.59,10.5199995,0
1:2879,41.878269058693206,12.507746172766618,26.59,10.059999,0
1:2880,41.878269058693206,12.507746172766618,26.59,9.61,0
1:2881,41.878269058693206,12.507746172766618,26.59,9.65,0
1:2882,41.878269058693206,12.507746172766618,26.59,9.69,0
1:2883,41.878269058693206,12.507746172766618,26.59,9.679999,0
1:2884,41.878269058693206,12.507746172766618,26.59,9.83,0
1:2885,41.878269058693206,12.507746172766618,26.59,9.099999,0
1:2886,41.878269058693206,12.507746172766618,26.59,9.03,0
1:2887,41.878269058693206,12.507746172766618,26.59,10.01,0
1:2888,41.878269058693206,12.507746172766618,26.59,10.719999,0
1:2889,41.878269058693206,12.507746172766618,26.59,10.08,0
1:2890,41.878269058693206,12.507746172766618,26.59,9.96,0
1:2891,41.878269058693206,12.507746172766618,26.59,9.48,0
1:2892,41.878269058693206,12.507746172766618,26.59,8.59,0
1:2893,41.878269058693206,12.507746172766618,26.59,8.389999,0
1:2894,41.878269058693206,12.507746172766618,26.59,8.75,0
1:2895,41.878269058693206,12.507746172766618,26.59,9.65,0
1:2896,41.878269058693206,12.507746172766618,26.59,8.75,0
1:2897,41.878269058693206,12.507746172766618,26.59,8.639999,0
1:2898,41.878269058693206,12.507746172766618,26.59,9.53,0
1:2899,41.878269058693206,12.507746172766618,26.59,9.969999,0
1:2900,41.878269058693206,12.507746172766618,26.59,9.28,0
1:2901,41.878269058693206,12.507746172766618,26.59,7.8799996,0
1:2902,41.878269058693206,12.507746172766618,26.59,9.46,0
1:2903,41.878269058693206,12.507746172766618,26.59,13.03,0
1:2904,41.878269058693206,12.507746172766618,26.59,10.61,0
1:2905,41.878269058693206,12.507746172766618,26.59,15.799999,0
1:2906,41.878268193829626,12.507747425164068,26.59,18.779999,0
1:2907,41.878268193829626,12.507747425164068,26.59,17.56,0
1:2908,41.878268193829626,12.507747425164068,26.59,-5.33,0
1:2909,41.87827264446359,12.507738926338114,26.58,6.81,0
1:2910,41.87828084265677,12.507731107988658,26.57,40.649998,0
1:2911,41.87828084265677,12.507731107988658,26.57,15.92,0
1:2912,41.878288256194665,12.507722228388909,26.59,37.02,0
1:2913,41.87828160048448,12.507730351509451,26.59,22.689999,0
1:2914,41.87828160048448,12.507730351509451,26.59,8.349999,0
1:2915,41.878275407429996,12.507743724322921,26.59,10.62,0
1:2916,41.87827699423682,12.507751995002524,26.599998,18.93,0
1:2917,41.87827699423682,12.507751995002524,26.599998,17.18,0
1:2918,41.87827699423682,12.507751995002524,26.599998,14.45,0
1:2919,41.87827699423682,12.507751995002524,26.599998,12.759999,0
1:2920,41.87827699423682,12.507751995002524,26.599998,12.3,0
1:2921,41.87827699423682,12.507751995002524,26.599998,12.61,0
1:2922,41.87827699423682,12.507751995002524,26.599998,11.36,0
1:2923,41.87827699423682,12.507751995002524,26.599998,9.91,0
1:2924,41.87827699423682,12.507751995002524,26.599998,12.69,0
1:2925,41.87827699423682,12.507751995002524,26.599998,14.36,0
1:2926,41.87827699423682,12.507751995002524,26.599998,12.53,0
1:2927,41.87827699423682,12.507751995002524,26.599998,13.79,0
1:2928,41.87827699423682,12.507751995002524,26.599998,12.34,0
1:2929,41.87827699423682,12.507751995002524,26.599998,12.53,0
1:2930,41.87827699423682,12.507751995002524,26.599998,11.09,0
1:2931,41.87827699423682,12.507751995002524,26.599998,11.099999,0
1:2932,41.87827699423682,12.507751995002524,26.599998,11.759999,0
1:2933,41.87827699423682,12.507751995002524,26.599998,11.13,0
1:2934,41.87827699423682,12.507751995002524,26.599998,11.99,0
1:2935,41.87827699423682,12.507751995002524,26.599998,10.96,0
1:2936,41.87827699423682,12.507751995002524,26.599998,11.389999,0
1:2937,41.87827699423682,12.507751995002524,26.599998,10.34,0
1:2938,41.87827699423682,12.507751995002524,26.599998,8.62,0
1:2939,41.87827699423682,12.507751995002524,26.599998,10.059999,0
1:2940,41.87827699423682,12.507751995002524,26.599998,10.45,0
1:2941,41.87827699423682,12.507751995002524,26.599998,10.46,0
1:2942,41.87827699423682,12.507751995002524,26.599998,10.4,0
1:2943,41.87827699423682,12.507751995002524,26.599998,11.75,0
1:2944,41.87827699423682,12.507751995002524,26.599998,11.469999,0
1:2945,41.87827699423682,12.507751995002524,26.599998,10.309999,0
1:2946,41.87827699423682,12.507751995002524,26.599998,11.34,0
1:2947,41.87827699423682,12.507751995002524,26.599998,11.889999,0
1:2948,41.87827699423682,12.507751995002524,26.599998,11.12,0
1:2949,41.87827699423682,12.507751995002524,26.599998,11.95,0
1:2950,41.87827699423682,12.507751995002524,26.599998,12.28,0
1:2951,41.87827699423682,12.507751995002524,26.599998,11.719999,0
1:2952,41.87827699423682,12.507751995002524,26.599998,10.969999,0
1:2953,41.87827699423682,12.507751995002524,26.599998,10.04,0
1:2954,41.87827699423682,12.507751995002524,26.599998,6.48,0
1:2955,41.87827699423682,12.507751995002524,26.599998,-2.9099998,0
1:2956,41.87827699423682,12.507751995002524,26.599998,0.81,0
1:2957,41.87827699423682,12.507751995002524,26.599998,3.07,0
1:2958,41.87827699423682,12.507751995002524,26.599998,8.4,0
1:2959,41.87827772345302,12.507751288101318,26.599998,7.56,0
1:2960,41.87827772345302,12.507751288101318,26.599998,6.2,0
1:2961,41.87827772345302,12.507751288101318,26.599998,11.36,0
1:2962,41.87827772345302,12.507751288101318,26.599998,12.04,0
1:2963,41.87827772345302,12.507751288101318,26.599998,13.2,0
1:2964,41.87827772345302,12.507751288101318,26.599998,3.6299999,0
1:2965,41.87827772345302,12.507751288101318,26.599998,25.609999,0
1:2966,41.87828579539876,12.507747779305813,26.59,-9.67,0
1:2967,41.87828579539876,12.507747779305813,26.59,-7.41,0
1:2968,41.878299271215255,12.507748604761106,26.59,-27.8,0
1:2969,41.87830227638463,12.507733869174626,26.599998,-10.78,0
1:2970,41.87829186879262,12.507722598403909,26.58,21.8,0
1:2971,41.87827938724334,12.507715725469158,26.58,28.32,0
1:2972,41.87827938724334,12.507715725469158,26.58,4.7999997,0
1:2973,41.8782722260631,12.50770429267145,26.599998,-53.76,0
1:2974,41.87827218839471,12.50768585555268,26.599998,-23.41,0
1:2975,41.87827230551665,12.507678123043204,26.609999,-20.59,0
1:2976,41.87827230551665,12.507678123043204,26.609999,-8.179999,0
1:2977,41.878272217760966,12.507676418960672,26.609999,-1.73,0
1:2978,41.87827503108912,12.507673174826914,26.59,2.26,0
1:2979,41.87827503108912,12.507673174826914,26.59,4.24,0
1:2980,41.87827503108912,12.507673174826914,26.59,5.0699997,0
1:2981,41.87827503108912,12.507673174826914,26.59,5.92,0
1:2982,41.87827503108912,12.507673174826914,26.59,6.81,0
1:2983,41.87827503108912,12.507673174826914,26.59,7.0099998,0
1:2984,41.87827503108912,12.507673174826914,26.59,7.74,0
1:2985,41.87827503108912,12.507673174826914,26.59,7.69,0
1:2986,41.87827503108912,12.507673174826914,26.59,7.54,0
1:2987,41.87827503108912,12.507673174826914,26.59,8.76,0
1:2988,41.87827503108912,12.507673174826914,26.59,8.73,0
1:2989,41.87827503108912,12.507673174826914,26.59,8.5,0
1:2990,41.87827503108912,12.507673174826914,26.59,6.75,0
1:2991,41.87827503108912,12.507673174826914,26.59,7.52,0
1:2992,41.87827503108912,12.507673174826914,26.59,8.17,0
1:2993,41.87827503108912,12.507673174826914,26.59,8.41,0
1:2994,41.87827503108912,12.507673174826914,26.59,7.3399997,0
1:2995,41.87827503108912,12.507673174826914,26.59,7.41,0
1:2996,41.87827503108912,12.507673174826914,26.59,8.28,0
1:2997,41.87827503108912,12.507673174826914,26.59,7.93,0
1:2998,41.87827503108912,12.507673174826914,26.59,8.46,0
1:2999,41.87827503108912,12.507673174826914,26.59,8.16,0
1:3000,41.87827503108912,12.507673174826914,26.59,8.22,0
1:3001,41.87827503108912,12.507673174826914,26.59,7.94,0
1:3002,41.87827503108912,12.507673174826914,26.59,6.7,0
1:3003,41.87827503108912,12.507673174826914,26.59,6.5,0
1:3004,41.87827503108912,12.507673174826914,26.59,1.37,0
1:3005,41.87827503108912,12.507673174826914,26.59,4.92,0
1:3006,41.87827503108912,12.507673174826914,26.59,3.9599998,0
1:3007,41.87827503108912,12.507673174826914,26.59,4.7799997,0
1:3008,41.87827503108912,12.507673174826914,26.59,5.97,0
1:3009,41.87827503108912,12.507673174826914,26.59,7.16,0
1:3010,41.87827503108912,12.507673174826914,26.59,7.6699996,0
1:3011,41.87827503108912,12.507673174826914,26.59,8.38,0
1:3012,41.87827503108912,12.507673174826914,26.59,7.64,0
1:3013,41.87827503108912,12.507673174826914,26.59,7.1099997,0
1:3014,41.87827503108912,12.507673174826914,26.59,7.3199997,0
1:3015,41.87827503108912,12.507673174826914,26.59,8.2699995,0
1:3016,41.87827503108912,12.507673174826914,26.59,7.35,0
1:3017,41.87827503108912,12.507673174826914,26.59,7.6,0
1:3018,41.87827503108912,12.507673174826914,26.59,7.5299997,0
1:3019,41.87827503108912,12.507673174826914,26.59,8.44,0
1:3020,41.87827503108912,12.507673174826914,26.59,7.2,0
1:3021,41.87827503108912,12.507673174826914,26.59,7.3599997,0
1:3022,41.87827503108912,12.507673174826914,26.59,6.67,0
1:3023,41.87827503108912,12.507673174826914,26.59,6.94,0
1:3024,41.87827503108912,12.507673174826914,26.59,6.39,0
1:3025,41.87827503108912,12.507673174826914,26.59,6.96,0
1:3026,41.87827503108912,12.507673174826914,26.59,8.08,0
1:3027,41.87827503108912,12.507673174826914,26.59,7.5,0
1:3028,41.87827503108912,12.507673174826914,26.59,6.74,0
1:3029,41.87827503108912,12.507673174826914,26.59,6.93,0
1:3030,41.87827503108912,12.507673174826914,26.59,6.58,0
1:3031,41.87827503108912,12.507673174826914,26.59,6.93,0
1:3032,41.87827503108912,12.507673174826914,26.59,6.3399997,0
1:3033,41.87827503108912,12.507673174826914,26.59,6.1299996,0
1:3034,41.87827503108912,12.507673174826914,26.59,6.0699997,0
1:3035,41.87827503108912,12.507673174826914,26.59,6.66,0
1:3036,41.87827503108912,12.507673174826914,26.59,5.7999997,0
1:3037,41.87827503108912,12.507673174826914,26.59,6.23,0
1:3038,41.87827503108912,12.507673174826914,26.59,7.41,0
1:3039,41.87827503108912,12.507673174826914,26.59,3.57,0
1:3040,41.87827503108912,12.507673174826914,26.59,4.97,0
1:3041,41.87827503108912,12.507673174826914,26.59,5.33,0
1:3042,41.87827503108912,12.507673174826914,26.599998,5.74,0
1:3043,41.87827503108912,12.507673174826914,26.599998,5.83,0
1:3044,41.87827503108912,12.507673174826914,26.599998,5.93,0
1:3045,41.87827503108912,12.507673174826914,26.599998,6.47,0
1:3046,41.87827503108912,12.507673174826914,26.599998,6.42,0
1:3047,41.87827503108912,12.507673174826914,26.599998,6.3399997,0
1:3048,41.87827503108912,12.507673174826914,26.599998,6.31,0
1:3049,41.87827503108912,12.507673174826914,26.599998,6.27,0
1:3050,41.87827503108912,12.507673174826914,26.599998,6.1299996,0
1:3051,41.87827503108912,12.507673174826914,26.599998,6.27,0
1:3052,41.87827503108912,12.507673174826914,26.599998,6.12,0
1:3053,41.87827503108912,12.507673174826914,26.599998,6.6299996,0
1:3054,41.87827503108912,12.507673174826914,26.599998,7.1299996,0
1:3055,41.87827503108912,12.507673174826914,26.599998,7.85,0
1:3056,41.87827503108912,12.507673174826914,26.599998,7.1299996,0
1:3057,41.87827503108912,12.507673174826914,26.599998,6.8599997,0
1:3058,41.87827503108912,12.507673174826914,26.599998,6.87,0
1:3059,41.87827503108912,12.507673174826914,26.599998,6.97,0
1:3060,41.87827503108912,12.507673174826914,26.599998,6.31,0
1:3061,41.87827503108912,12.507673174826914,26.599998,5.87,0
1:3062,41.87827503108912,12.507673174826914,26.599998,7.41,0
1:3063,41.87827503108912,12.507673174826914,26.599998,7.77,0
1:3064,41.87827503108912,12.507673174826914,26.599998,6.97,0
1:3065,41.87827503108912,12.507673174826914,26.599998,7.31,0
1:3066,41.87827503108912,12.507673174826914,26.599998,6.0499997,0
1:3067,41.87827503108912,12.507673174826914,26.599998,6.2599998,0
1:3068,41.87827503108912,12.507673174826914,26.599998,6.1299996,0
1:3069,41.87827503108912,12.507673174826914,26.599998,7.3799996,0
1:3070,41.87827503108912,12.507673174826914,26.599998,8.72,0
1:3071,41.87827503108912,12.507673174826914,26.599998,7.4199996,0
1:3072,41.87827503108912,12.507673174826914,26.599998,8.15,0
1:3073,41.87827503108912,12.507673174826914,26.599998,7.58,0
1:3074,41.87827503108912,12.507673174826914,26.599998,7.04,0
1:3075,41.87827503108912,12.507673174826914,26.599998,7.83,0
1:3076,41.87827503108912,12.507673174826914,26.599998,7.68,0
1:3077,41.87827503108912,12.507673174826914,26.599998,6.6499996,0
1:3078,41.87827503108912,12.507673174826914,26.599998,6.29,0
1:3079,41.87827503108912,12.507673174826914,26.599998,6.6099997,0
1:3080,41.87827503108912,12.507673174826914,26.599998,7.3599997,0
1:3081,41.87827503108912,12.507673174826914,26.599998,7.0299997,0
1:3082,41.87827503108912,12.507673174826914,26.599998,8.05,0
1:3083,41.87827503108912,12.507673174826914,26.599998,6.8399997,0
1:3084,41.87827503108912,12.507673174826914,26.599998,6.43,0
1:3085,41.87827503108912,12.507673174826914,26.599998,7.5899997,0
1:3086,41.87827503108912,12.507673174826914,26.599998,7.6499996,0
1:3087,41.87827503108912,12.507673174826914,26.599998,7.5299997,0
1:3088,41.87827503108912,12.507673174826914,26.599998,6.5899997,0
1:3089,41.87827503108912,12.507673174826914,26.599998,7.31,0
1:3090,41.87827503108912,12.507673174826914,26.599998,6.79,0
1:3091,41.87827503108912,12.507673174826914,26.599998,6.42,0
1:3092,41.87827503108912,12.507673174826914,26.599998,7.47,0
1:3093,41.87827503108912,12.507673174826914,26.599998,6.56,0
1:3094,41.87827503108912,12.507673174826914,26.599998,6.2799997,0
1:3095,41.87827503108912,12.507673174826914,26.599998,5.93,0
1:3096,41.87827503108912,12.507673174826914,26.599998,5.93,0
1:3097,41.87827503108912,12.507673174826914,26.599998,6.3799996,0
1:3098,41.87827503108912,12.507673174826914,26.599998,6.46,0
1:3099,41.87827503108912,12.507673174826914,26.599998,6.87,0
1:3100,41.87827503108912,12.507673174826914,26.599998,6.5899997,0
1:3101,41.87827503108912,12.507673174826914,26.599998,7.74,0
1:3102,41.87827503108912,12.507673174826914,26.599998,7.02,0
1:3103,41.87827503108912,12.507673174826914,26.599998,6.14,0
1:3104,41.87827503108912,12.507673174826914,26.599998,5.64,0
1:3105,41.87827503108912,12.507673174826914,26.599998,6.8799996,0
1:3106,41.87827503108912,12.507673174826914,26.599998,6.85,0
1:3107,41.87827503108912,12.507673174826914,26.599998,6.81,0
1:3108,41.87827503108912,12.507673174826914,26.599998,6.83,0
1:3109,41.87827503108912,12.507673174826914,26.599998,6.47,0
1:3110,41.87827503108912,12.507673174826914,26.599998,6.39,0
1:3111,41.87827503108912,12.507673174826914,26.599998,6.75,0
1:3112,41.87827503108912,12.507673174826914,26.599998,6.2,0
1:3113,41.87827503108912,12.507673174826914,26.599998,6.92,0
1:3114,41.87827503108912,12.507673174826914,26.599998,6.75,0
1:3115,41.87827503108912,12.507673174826914,26.599998,6.72,0
1:3116,41.87827503108912,12.507673174826914,26.599998,7.24,0
1:3117,41.87827503108912,12.507673174826914,26.599998,6.67,0
1:3118,41.87827503108912,12.507673174826914,26.599998,6.6499996,0
1:3119,41.87827503108912,12.507673174826914,26.599998,6.5299997,0
1:3120,41.87827503108912,12.507673174826914,26.599998,6.22,0
1:3121,41.87827503108912,12.507673174826914,26.599998,6.6299996,0
1:3122,41.87827503108912,12.507673174826914,26.599998,6.52,0
1:3123,41.87827503108912,12.507673174826914,26.599998,6.5699997,0
1:3124,41.87827503108912,12.507673174826914,26.599998,6.5,0
1:3125,41.87827503108912,12.507673174826914,26.599998,5.25,0
1:3126,41.87827503108912,12.507673174826914,26.599998,5.71,0
1:3127,41.87827503108912,12.507673174826914,26.599998,5.89,0
1:3128,41.87827503108912,12.507673174826914,26.58,6.3599997,0
1:3129,41.87827503108912,12.507673174826914,26.58,7.08,0
1:3130,41.87827503108912,12.507673174826914,26.58,7.16,0
1:3131,41.87827503108912,12.507673174826914,26.58,6.69,0
1:3132,41.87827503108912,12.507673174826914,26.58,6.5299997,0
1:3133,41.87827503108912,12.507673174826914,26.58,6.8799996,0
1:3134,41.87827503108912,12.507673174826914,26.58,6.8999996,0
1:3135,41.87827503108912,12.507673174826914,26.58,7.2,0
1:3136,41.87827503108912,12.507673174826914,26.58,6.5299997,0
1:3137,41.87827503108912,12.507673174826914,26.58,7.29,0
1:3138,41.87827503108912,12.507673174826914,26.58,6.95,0
1:3139,41.87827503108912,12.507673174826914,26.58,6.19,0
1:3140,41.87827503108912,12.507673174826914,26.58,4.81,0
1:3141,41.87827503108912,12.507673174826914,26.58,5.3399997,0
1:3142,41.87827503108912,12.507673174826914,26.58,5.89,0
1:3143,41.87827503108912,12.507673174826914,26.58,5.95,0
1:3144,41.87827503108912,12.507673174826914,26.58,6.43,0
1:3145,41.87827503108912,12.507673174826914,26.58,5.9,0
1:3146,41.87827503108912,12.507673174826914,26.58,6.81,0
1:3147,41.87827503108912,12.507673174826914,26.58,6.5699997,0
1:3148,41.87827503108912,12.507673174826914,26.58,7.0899997,0
1:3149,41.87827503108912,12.507673174826914,26.58,6.7599998,0
1:3150,41.87827503108912,12.507673174826914,26.58,6.5899997,0
1:3151,41.87827503108912,12.507673174826914,26.58,6.0699997,0
1:3152,41.87827503108912,12.507673174826914,26.58,6.18,0
1:3153,41.87827503108912,12.507673174826914,26.58,6.29,0
1:3154,41.87827503108912,12.507673174826914,26.58,6.3999996,0
1:3155,41.87827503108912,12.507673174826914,26.58,5.92,0
1:3156,41.87827503108912,12.507673174826914,26.58,5.5899997,0
1:3157,41.87827503108912,12.507673174826914,26.58,5.1099997,0
1:3158,41.87827503108912,12.507673174826914,26.58,5.62,0
1:3159,41.87827503108912,12.507673174826914,26.58,4.92,0
1:3160,41.87827503108912,12.507673174826914,26.58,5.62,0
1:3161,41.87827503108912,12.507673174826914,26.58,5.6099997,0
1:3162,41.87827503108912,12.507673174826914,26.58,5.6099997,0
1:3163,41.87827503108912,12.507673174826914,26.58,6.25,0
1:3164,41.87827503108912,12.507673174826914,26.58,5.95,0
1:3165,41.87827503108912,12.507673174826914,26.58,5.95,0
1:3166,41.87827503108912,12.507673174826914,26.58,6.62,0
1:3167,41.87827503108912,12.507673174826914,26.58,6.45,0
1:3168,41.87827503108912,12.507673174826914,26.58,5.85,0
1:3169,41.87827503108912,12.507673174826914,26.58,5.74,0
1:3170,41.87827503108912,12.507673174826914,26.58,6.35,0
1:3171,41.87827503108912,12.507673174826914,26.58,6.74,0
1:3172,41.87827503108912,12.507673174826914,26.58,6.18,0
1:3173,41.87827503108912,12.507673174826914,26.58,6.27,0
1:3174,41.87827503108912,12.507673174826914,26.58,7,0
1:3175,41.87827503108912,12.507673174826914,26.58,7.06,0
1:3176,41.87827503108912,12.507673174826914,26.58,6.66,0
1:3177,41.87827503108912,12.507673174826914,26.58,5.95,0
1:3178,41.87827503108912,12.507673174826914,26.58,6.33,0
1:3179,41.87827503108912,12.507673174826914,26.58,5.7999997,0
1:3180,41.87827503108912,12.507673174826914,26.58,5.85,0
1:3181,41.87827503108912,12.507673174826914,26.58,5.64,0
1:3182,41.87827503108912,12.507673174826914,26.58,7.12,0
1:3183,41.87827503108912,12.507673174826914,26.58,6.72,0
1:3184,41.87827503108912,12.507673174826914,26.58,6.81,0
1:3185,41.87827503108912,12.507673174826914,26.58,6.22,0
1:3186,41.87827503108912,12.507673174826914,26.58,6.94,0
1:3187,41.87827503108912,12.507673174826914,26.58,6.3399997,0
1:3188,41.87827503108912,12.507673174826914,26.58,6.31,0
1:3189,41.87827503108912,12.507673174826914,26.58,7.1499996,0
1:3190,41.87827503108912,12.507673174826914,26.58,7.5899997,0
1:3191,41.87827503108912,12.507673174826914,26.58,7.52,0
1:3192,41.87827503108912,12.507673174826914,26.58,8.61,0
1:3193,41.87827503108912,12.507673174826914,26.58,7.81,0
1:3194,41.87827503108912,12.507673174826914,26.58,7.4199996,0
1:3195,41.87827503108912,12.507673174826914,26.58,7.18,0
1:3196,41.87827503108912,12.507673174826914,26.58,7.04,0
1:3197,41.87827503108912,12.507673174826914,26.58,6.8999996,0
1:3198,41.87827503108912,12.507673174826914,26.58,7.08,0
1:3199,41.87827503108912,12.507673174826914,26.58,6.43,0
1:3200,41.87827503108912,12.507673174826914,26.58,5.7999997,0
1:3201,41.87827503108912,12.507673174826914,26.58,5.98,0
1:3202,41.87827503108912,12.507673174826914,26.58,7.37,0
1:3203,41.87827503108912,12.507673174826914,26.58,6.85,0
1:3204,41.87827503108912,12.507673174826914,26.58,7.3399997,0
1:3205,41.87827503108912,12.507673174826914,26.58,8.03,0
1:3206,41.87827503108912,12.507673174826914,26.58,6.7999997,0
1:3207,41.87827503108912,12.507673174826914,26.58,6.3599997,0
1:3208,41.87827503108912,12.507673174826914,26.58,6.1299996,0
1:3209,41.87827503108912,12.507673174826914,26.58,5.44,0
1:3210,41.87827503108912,12.507673174826914,26.58,5.23,0
1:3211,41.87827503108912,12.507673174826914,26.58,5.91,0
1:3212,41.87827503108912,12.507673174826914,26.58,5.87,0
1:3213,41.87827503108912,12.507673174826914,26.58,6.18,0
1:3214,41.87827503108912,12.507673174826914,26.58,5.6,0
1:3215,41.87827503108912,12.507673174826914,26.58,5.74,0
1:3216,41.87827503108912,12.507673174826914,26.58,6.31,0
1:3217,41.87827503108912,12.507673174826914,26.58,7.2599998,0
1:3218,41.87827503108912,12.507673174826914,26.58,5.7599998,0
1:3219,41.87827503108912,12.507673174826914,26.58,6.48,0
1:3220,41.87827503108912,12.507673174826914,26.58,6.46,0
1:3221,41.87827503108912,12.507673174826914,26.58,6.31,0
1:3222,41.87827503108912,12.507673174826914,26.58,6.3599997,0
1:3223,41.87827503108912,12.507673174826914,26.58,6.5099998,0
1:3224,41.87827503108912,12.507673174826914,26.58,7.48,0
1:3225,41.87827503108912,12.507673174826914,26.58,7.74,0
1:3226,41.87827503108912,12.507673174826914,26.58,7.46,0
1:3227,41.87827503108912,12.507673174826914,26.58,7.5699997,0
1:3228,41.87827503108912,12.507673174826914,26.58,6.23,0
1:3229,41.87827503108912,12.507673174826914,26.58,6.89,0
1:3230,41.87827503108912,12.507673174826914,26.58,6.31,0
1:3231,41.87827503108912,12.507673174826914,26.58,6.92,0
1:3232,41.87827503108912,12.507673174826914,26.58,6.5099998,0
1:3233,41.87827503108912,12.507673174826914,26.58,6.8999996,0
1:3234,41.87827503108912,12.507673174826914,26.58,6.97,0
1:3235,41.87827503108912,12.507673174826914,26.58,6.8799996,0
1:3236,41.87827503108912,12.507673174826914,26.58,7.44,0
1:3237,41.87827503108912,12.507673174826914,26.58,6.62,0
1:3238,41.87827503108912,12.507673174826914,26.58,7.04,0
1:3239,41.87827503108912,12.507673174826914,26.58,7.1099997,0
1:3240,41.87827503108912,12.507673174826914,26.58,7.2599998,0
1:3241,41.87827503108912,12.507673174826914,26.58,6.5699997,0
1:3242,41.87827503108912,12.507673174826914,26.58,7.2,0
1:3243,41.87827503108912,12.507673174826914,26.58,7.43,0
1:3244,41.87827503108912,12.507673174826914,26.58,6.29,0
1:3245,41.87827503108912,12.507673174826914,26.58,6.71,0
1:3246,41.87827503108912,12.507673174826914,26.58,7.43,0
1:3247,41.87827503108912,12.507673174826914,26.58,7,0
1:3248,41.87827503108912,12.507673174826914,26.58,7.27,0
1:3249,41.87827503108912,12.507673174826914,26.58,7.8999996,0
1:3250,41.87827503108912,12.507673174826914,26.58,7.1099997,0
1:3251,41.87827503108912,12.507673174826914,26.58,6.89,0
1:3252,41.87827503108912,12.507673174826914,26.58,6.8599997,0
1:3253,41.87827503108912,12.507673174826914,26.58,7.48,0
1:3254,41.87827503108912,12.507673174826914,26.58,6.81,0
1:3255,41.87827503108912,12.507673174826914,26.58,6.5499997,0
1:3256,41.87827503108912,12.507673174826914,26.58,6.6,0
1:3257,41.87827503108912,12.507673174826914,26.58,6.79,0
1:3258,41.87827503108912,12.507673174826914,26.58,7.06,0
1:3259,41.87827503108912,12.507673174826914,26.58,6.8999996,0
1:3260,41.87827503108912,12.507673174826914,26.58,6.74,0
1:3261,41.87827503108912,12.507673174826914,26.58,7.3799996,0
1:3262,41.87827503108912,12.507673174826914,26.58,6.56,0
1:3263,41.87827503108912,12.507673174826914,26.58,6.99,0
1:3264,41.87827503108912,12.507673174826914,26.58,6.7799997,0
1:3265,41.87827503108912,12.507673174826914,26.58,5.4,0
1:3266,41.87827503108912,12.507673174826914,26.58,5.75,0
1:3267,41.87827503108912,12.507673174826914,26.58,6.16,0
1:3268,41.87827503108912,12.507673174826914,26.58,5.92,0
1:3269,41.87827503108912,12.507673174826914,26.58,5.91,0
1:3270,41.87827503108912,12.507673174826914,26.58,6.3199997,0
1:3271,41.87827503108912,12.507673174826914,26.58,6.6299996,0
1:3272,41.87827503108912,12.507673174826914,26.58,6.25,0
1:3273,41.87827503108912,12.507673174826914,26.58,6.0699997,0
1:3274,41.87827503108912,12.507673174826914,26.58,6.72,0
1:3275,41.87827503108912,12.507673174826914,26.58,6.62,0
1:3276,41.87827503108912,12.507673174826914,26.58,7.3399997,0
1:3277,41.87827503108912,12.507673174826914,26.58,6.6,0
1:3278,41.87827503108912,12.507673174826914,26.58,6.29,0
1:3279,41.87827503108912,12.507673174826914,26.58,6.0899997,0
1:3280,41.87827503108912,12.507673174826914,26.58,7.0899997,0
1:3281,41.87827503108912,12.507673174826914,26.58,7.3599997,0
1:3282,41.87827503108912,12.507673174826914,26.58,7.31,0
1:3283,41.87827503108912,12.507673174826914,26.58,7.64,0
1:3284,41.87827503108912,12.507673174826914,26.58,7.93,0
1:3285,41.87827503108912,12.507673174826914,26.58,8.05,0
1:3286,41.87827503108912,12.507673174826914,26.58,7.83,0
1:3287,41.87827503108912,12.507673174826914,26.58,7.56,0
1:3288,41.87827503108912,12.507673174826914,26.58,6.5,0
1:3289,41.87827503108912,12.507673174826914,26.58,6.62,0
1:3290,41.87827503108912,12.507673174826914,26.58,7.08,0
1:3291,41.87827503108912,12.507673174826914,26.58,6.8999996,0
1:3292,41.87827503108912,12.507673174826914,26.58,7.04,0
1:3293,41.87827503108912,12.507673174826914,26.58,7.0099998,0
1:3294,41.87827503108912,12.507673174826914,26.58,7.37,0
1:3295,41.87827503108912,12.507673174826914,26.58,6.64,0
1:3296,41.87827503108912,12.507673174826914,26.58,7.22,0
1:3297,41.87827503108912,12.507673174826914,26.58,7.2799997,0
1:3298,41.87827503108912,12.507673174826914,26.58,6.75,0
1:3299,41.87827503108912,12.507673174826914,26.58,6.0699997,0
1:3300,41.87827503108912,12.507673174826914,26.58,5.91,0
1:3301,41.87827503108912,12.507673174826914,26.58,5.97,0
1:3302,41.87827503108912,12.507673174826914,26.58,7,0
1:3303,41.87827503108912,12.507673174826914,26.58,6.35,0
1:3304,41.87827503108912,12.507673174826914,26.58,6.3399997,0
1:3305,41.87827503108912,12.507673174826914,26.58,7.31,0
1:3306,41.87827503108912,12.507673174826914,26.58,8.309999,0
1:3307,41.87827503108912,12.507673174826914,26.58,7.7999997,0
1:3308,41.87827503108912,12.507673174826914,26.58,7.2799997,0
1:3309,41.87827503108912,12.507673174826914,26.58,7.0499997,0
1:3310,41.87827503108912,12.507673174826914,26.58,6.0699997,0
1:3311,41.87827503108912,12.507673174826914,26.58,6.23,0
1:3312,41.87827503108912,12.507673174826914,26.58,6.95,0
1:3313,41.87827503108912,12.507673174826914,26.58,6.0499997,0
1:3314,41.87827503108912,12.507673174826914,26.58,6.49,0
1:3315,41.87827503108912,12.507673174826914,26.58,6.87,0
1:3316,41.87827503108912,12.507673174826914,26.58,7.39,0
1:3317,41.87827503108912,12.507673174826914,26.58,6.5699997,0
1:3318,41.87827503108912,12.507673174826914,26.58,5.6299996,0
1:3319,41.87827503108912,12.507673174826914,26.58,6.15,0
1:3320,41.87827503108912,12.507673174826914,26.58,6.68,0
1:3321,41.87827503108912,12.507673174826914,26.58,6.8799996,0
1:3322,41.87827503108912,12.507673174826914,26.58,7.16,0
1:3323,41.87827503108912,12.507673174826914,26.58,7.25,0
1:3324,41.87827503108912,12.507673174826914,26.58,6.3799996,0
1:3325,41.87827503108912,12.507673174826914,26.58,5.43,0
1:3326,41.87827503108912,12.507673174826914,26.58,5.08,0
1:3327,41.87827503108912,12.507673174826914,26.58,5.5099998,0
1:3328,41.87827503108912,12.507673174826914,26.58,4.96,0
1:3329,41.87827503108912,12.507673174826914,26.58,6.1099997,0
1:3330,41.87827503108912,12.507673174826914,26.58,6.45,0
1:3331,41.87827503108912,12.507673174826914,26.58,5.64,0
1:3332,41.87827503108912,12.507673174826914,26.58,5.62,0
1:3333,41.87827503108912,12.507673174826914,26.58,5.7799997,0
1:3334,41.87827503108912,12.507673174826914,26.58,5.97,0
1:3335,41.87827503108912,12.507673174826914,26.58,6.46,0
1:3336,41.87827503108912,12.507673174826914,26.58,6.92,0
1:3337,41.87827503108912,12.507673174826914,26.58,5.41,0
1:3338,41.87827503108912,12.507673174826914,26.58,5.92,0
1:3339,41.87827503108912,12.507673174826914,26.58,6.43,0
1:3340,41.87827503108912,12.507673174826914,26.58,5.5499997,0
1:3341,41.87827503108912,12.507673174826914,26.58,5.1,0
1:3342,41.87827503108912,12.507673174826914,26.58,5.41,0
1:3343,41.87827503108912,12.507673174826914,26.58,4.95,0
1:3344,41.87827503108912,12.507673174826914,26.58,6.18,0
1:3345,41.87827503108912,12.507673174826914,26.58,5.06,0
1:3346,41.87827503108912,12.507673174826914,26.58,5.58,0
1:3347,41.87827503108912,12.507673174826914,26.58,4.92,0
1:3348,41.87827503108912,12.507673174826914,26.58,5.68,0
1:3349,41.87827503108912,12.507673174826914,26.58,5.72,0
1:3350,41.87827503108912,12.507673174826914,26.58,4.61,0
1:3351,41.87827503108912,12.507673174826914,26.58,3.9299998,0
1:3352,41.87827503108912,12.507673174826914,26.58,5.25,0
1:3353,41.87827503108912,12.507673174826914,26.58,5.08,0
1:3354,41.87827503108912,12.507673174826914,26.58,4.97,0
1:3355,41.87827503108912,12.507673174826914,26.58,5.3399997,0
1:3356,41.87827503108912,12.507673174826914,26.58,5.14,0
1:3357,41.87827503108912,12.507673174826914,26.58,4.89,0
1:3358,41.87827503108912,12.507673174826914,26.58,5.81,0
1:3359,41.87827503108912,12.507673174826914,26.58,5.0099998,0
1:3360,41.87827503108912,12.507673174826914,26.58,5.52,0
1:3361,41.87827503108912,12.507673174826914,26.58,5.5299997,0
1:3362,41.87827503108912,12.507673174826914,26.58,5.68,0
1:3363,41.87827503108912,12.507673174826914,26.58,6.39,0
1:3364,41.87827503108912,12.507673174826914,26.58,5.6099997,0
1:3365,41.87827503108912,12.507673174826914,26.58,6.67,0
1:3366,41.87827503108912,12.507673174826914,26.58,6.0299997,0
1:3367,41.87827503108912,12.507673174826914,26.58,5.8599997,0
1:3368,41.87827503108912,12.507673174826914,26.58,5.5299997,0
1:3369,41.87827503108912,12.507673174826914,26.58,4.36,0
1:3370,41.87827503108912,12.507673174826914,26.58,5.2,0
1:3371,41.87827503108912,12.507673174826914,26.58,5.7799997,0
1:3372,41.87827503108912,12.507673174826914,26.58,5.3399997,0
1:3373,41.87827503108912,12.507673174826914,26.58,5.0899997,0
1:3374,41.87827503108912,12.507673174826914,26.58,4.5699997,0
1:3375,41.87827503108912,12.507673174826914,26.58,4.11,0
1:3376,41.87827503108912,12.507673174826914,26.58,4.94,0
1:3377,41.87827503108912,12.507673174826914,26.58,4.7599998,0
1:3378,41.87827503108912,12.507673174826914,26.58,4.7799997,0
1:3379,41.87827503108912,12.507673174826914,26.58,5.5099998,0
1:3380,41.87827503108912,12.507673174826914,26.58,5.5099998,0
1:3381,41.87827503108912,12.507673174826914,26.58,5.1099997,0
1:3382,41.87827503108912,12.507673174826914,26.58,5.1099997,0
1:3383,41.87827503108912,12.507673174826914,26.58,4.71,0
1:3384,41.87827503108912,12.507673174826914,26.58,5.29,0
1:3385,41.87827503108912,12.507673174826914,26.58,5.5899997,0
1:3386,41.87827503108912,12.507673174826914,26.58,5.46,0
1:3387,41.87827503108912,12.507673174826914,26.58,5.45,0
1:3388,41.87827503108912,12.507673174826914,26.58,4.92,0
1:3389,41.87827503108912,12.507673174826914,26.58,4.18,0
1:3390,41.87827503108912,12.507673174826914,26.58,5.44,0
1:3391,41.87827503108912,12.507673174826914,26.58,4.5499997,0
1:3392,41.87827503108912,12.507673174826914,26.58,4.0099998,0
1:3393,41.87827503108912,12.507673174826914,26.58,4.75,0
1:3394,41.87827503108912,12.507673174826914,26.58,5.0899997,0
1:3395,41.87827503108912,12.507673174826914,26.58,5.39,0
1:3396,41.87827503108912,12.507673174826914,26.58,6.5899997,0
1:3397,41.87827503108912,12.507673174826914,26.58,5.87,0
1:3398,41.87827503108912,12.507673174826914,26.58,6.14,0
1:3399,41.87827503108912,12.507673174826914,26.58,5.6299996,0
1:3400,41.87827503108912,12.507673174826914,26.58,5.2799997,0
1:3401,41.87827503108912,12.507673174826914,26.58,5.2999997,0
1:3402,41.87827503108912,12.507673174826914,26.58,5.65,0
1:3403,41.87827503108912,12.507673174826914,26.58,5.5699997,0
1:3404,41.87827503108912,12.507673174826914,26.58,6.0699997,0
1:3405,41.87827503108912,12.507673174826914,26.58,5.4,0
1:3406,41.87827503108912,12.507673174826914,26.58,5.3599997,0
1:3407,41.87827503108912,12.507673174826914,26.58,5.5299997,0
1:3408,41.87827503108912,12.507673174826914,26.58,5.85,0
1:3409,41.87827503108912,12.507673174826914,26.58,4.8599997,0
1:3410,41.87827503108912,12.507673174826914,26.58,4.81,0
1:3411,41.87827503108912,12.507673174826914,26.58,4.7599998,0
1:3412,41.87827503108912,12.507673174826914,26.58,5.08,0
1:3413,41.87827503108912,12.507673174826914,26.58,6.0699997,0
1:3414,41.87827503108912,12.507673174826914,26.58,5.99,0
1:3415,41.87827503108912,12.507673174826914,26.58,5.3199997,0
1:3416,41.87827503108912,12.507673174826914,26.58,4.95,0
1:3417,41.87827503108912,12.507673174826914,26.58,4.9,0
1:3418,41.87827503108912,12.507673174826914,26.58,5.75,0
1:3419,41.87827503108912,12.507673174826914,26.58,5.94,0
1:3420,41.87827503108912,12.507673174826914,26.58,6.3799996,0
1:3421,41.87827503108912,12.507673174826914,26.58,5.33,0
1:3422,41.87827503108912,12.507673174826914,26.58,5.33,0
1:3423,41.87827503108912,12.507673174826914,26.58,6.29,0
1:3424,41.87827503108912,12.507673174826914,26.58,5.5,0
1:3425,41.87827503108912,12.507673174826914,26.58,4.46,0
1:3426,41.87827503108912,12.507673174826914,26.58,4.73,0
1:3427,41.87827503108912,12.507673174826914,26.58,5.97,0
1:3428,41.87827503108912,12.507673174826914,26.58,5,0
1:3429,41.87827503108912,12.507673174826914,26.58,5.08,0
1:3430,41.87827503108912,12.507673174826914,26.58,5.67,0
1:3431,41.87827503108912,12.507673174826914,26.58,6.2799997,0
1:3432,41.87827503108912,12.507673174826914,26.58,5.2799997,0
1:3433,41.87827503108912,12.507673174826914,26.58,5.5699997,0
1:3434,41.87827503108912,12.507673174826914,26.58,3.9199998,0
1:3435,41.87827503108912,12.507673174826914,26.58,4.5299997,0
1:3436,41.87827503108912,12.507673174826914,26.58,4.97,0
1:3437,41.87827503108912,12.507673174826914,26.58,5.08,0
1:3438,41.87827503108912,12.507673174826914,26.58,5.5,0
1:3439,41.87827503108912,12.507673174826914,26.58,5.79,0
1:3440,41.87827503108912,12.507673174826914,26.58,4.67,0
1:3441,41.87827503108912,12.507673174826914,26.58,4.85,0
1:3442,41.87827503108912,12.507673174826914,26.58,5.06,0
1:3443,41.87827503108912,12.507673174826914,26.58,6.42,0
1:3444,41.87827503108912,12.507673174826914,26.58,5.25,0
1:3445,41.87827503108912,12.507673174826914,26.58,5.44,0
1:3446,41.87827503108912,12.507673174826914,26.58,6.08,0
1:3447,41.87827503108912,12.507673174826914,26.58,6.22,0
1:3448,41.87827503108912,12.507673174826914,26.58,6.1099997,0
1:3449,41.87827503108912,12.507673174826914,26.58,5.89,0
1:3450,41.87827503108912,12.507673174826914,26.58,5.64,0
1:3451,41.87827503108912,12.507673174826914,26.58,6.06,0
1:3452,41.87827503108912,12.507673174826914,26.58,5.5899997,0
1:3453,41.87827503108912,12.507673174826914,26.58,4.65,0
1:3454,41.87827503108912,12.507673174826914,26.58,4.35,0
1:3455,41.87827503108912,12.507673174826914,26.58,4.39,0
1:3456,41.87827503108912,12.507673174826914,26.58,5.25,0
1:3457,41.87827503108912,12.507673174826914,26.58,5.29,0
1:3458,41.87827503108912,12.507673174826914,26.58,5.44,0
1:3459,41.87827503108912,12.507673174826914,26.58,5.1099997,0
1:3460,41.87827503108912,12.507673174826914,26.58,5.5,0
1:3461,41.87827503108912,12.507673174826914,26.58,5.3599997,0
1:3462,41.87827503108912,12.507673174826914,26.58,5.48,0
1:3463,41.87827503108912,12.507673174826914,26.58,5.08,0
1:3464,41.87827503108912,12.507673174826914,26.58,5.1,0
1:3465,41.87827503108912,12.507673174826914,26.58,4.94,0
1:3466,41.87827503108912,12.507673174826914,26.58,4.48,0
1:3467,41.87827503108912,12.507673174826914,26.58,5.8599997,0
1:3468,41.87827503108912,12.507673174826914,26.58,4.3199997,0
1:3469,41.87827503108912,12.507673174826914,26.58,3.6899998,0
1:3470,41.87827503108912,12.507673174826914,26.58,4.7,0
1:3471,41.87827503108912,12.507673174826914,26.58,5.06,0
1:3472,41.87827503108912,12.507673174826914,26.58,4.72,0
1:3473,41.87827503108912,12.507673174826914,26.58,4.5,0
1:3474,41.87827503108912,12.507673174826914,26.58,5.12,0
1:3475,41.87827503108912,12.507673174826914,26.58,4.58,0
1:3476,41.87827503108912,12.507673174826914,26.58,4.98,0
1:3477,41.87827503108912,12.507673174826914,26.58,5.68,0
1:3478,41.87827503108912,12.507673174826914,26.58,5.4,0
1:3479,41.87827503108912,12.507673174826914,26.58,5.24,0
1:3480,41.87827503108912,12.507673174826914,26.58,5.5099998,0
1:3481,41.87827503108912,12.507673174826914,26.58,5.27,0
1:3482,41.87827503108912,12.507673174826914,26.58,4.5499997,0
1:3483,41.87827503108912,12.507673174826914,26.58,4.5,0
1:3484,41.87827503108912,12.507673174826914,26.58,4.93,0
1:3485,41.87827503108912,12.507673174826914,26.58,6.23,0
1:3486,41.87827503108912,12.507673174826914,26.58,5.46,0
1:3487,41.87827503108912,12.507673174826914,26.58,5.5,0
1:3488,41.87827503108912,12.507673174826914,26.58,5.66,0
1:3489,41.87827503108912,12.507673174826914,26.58,4.5,0
1:3490,41.87827503108912,12.507673174826914,26.58,4.06,0
1:3491,41.87827503108912,12.507673174826914,26.58,4.81,0
1:3492,41.87827503108912,12.507673174826914,26.58,4.56,0
1:3493,41.87827503108912,12.507673174826914,26.58,5.08,0
1:3494,41.87827503108912,12.507673174826914,26.58,4.5299997,0
1:3495,41.87827503108912,12.507673174826914,26.58,3.6699998,0
1:3496,41.87827503108912,12.507673174826914,26.58,4.41,0
1:3497,41.87827503108912,12.507673174826914,26.58,4.97,0
1:3498,41.87827503108912,12.507673174826914,26.58,4.7599998,0
1:3499,41.87827503108912,12.507673174826914,26.58,4.81,0
1:3500,41.87827503108912,12.507673174826914,26.58,4.36,0
1:3501,41.87827503108912,12.507673174826914,26.58,5.25,0
1:3502,41.87827503108912,12.507673174826914,26.58,5.44,0
1:3503,41.87827503108912,12.507673174826914,26.58,4.81,0
1:3504,41.87827503108912,12.507673174826914,26.58,4.83,0
1:3505,41.87827503108912,12.507673174826914,26.58,5.67,0
1:3506,41.87827503108912,12.507673174826914,26.58,4.74,0
1:3507,41.87827503108912,12.507673174826914,26.58,4.83,0
1:3508,41.87827503108912,12.507673174826914,26.58,5.44,0
1:3509,41.87827503108912,12.507673174826914,26.58,4.5699997,0
1:3510,41.87827503108912,12.507673174826914,26.58,3.99,0
1:3511,41.87827503108912,12.507673174826914,26.58,3.9399998,0
1:3512,41.87827503108912,12.507673174826914,26.58,4.58,0
1:3513,41.87827503108912,12.507673174826914,26.58,5.04,0
1:3514,41.87827503108912,12.507673174826914,26.58,4.96,0
1:3515,41.87827503108912,12.507673174826914,26.58,5.1099997,0
1:3516,41.87827503108912,12.507673174826914,26.58,4.81,0
1:3517,41.87827503108912,12.507673174826914,26.58,5.0899997,0
1:3518,41.87827503108912,12.507673174826914,26.58,5.24,0
1:3519,41.87827503108912,12.507673174826914,26.58,4.66,0
1:3520,41.87827503108912,12.507673174826914,26.58,4.31,0
1:3521,41.87827503108912,12.507673174826914,26.58,5.8399997,0
1:3522,41.87827503108912,12.507673174826914,26.58,4.97,0
1:3523,41.87827503108912,12.507673174826914,26.58,4.39,0
1:3524,41.87827503108912,12.507673174826914,26.58,5.1099997,0
1:3525,41.87827503108912,12.507673174826914,26.58,5.6099997,0
1:3526,41.87827503108912,12.507673174826914,26.58,6.15,0
1:3527,41.87827503108912,12.507673174826914,26.58,4.38,0
1:3528,41.87827503108912,12.507673174826914,26.58,4.27,0
1:3529,41.87827503108912,12.507673174826914,26.58,3.9499998,0
1:3530,41.87827503108912,12.507673174826914,26.58,4.95,0
1:3531,41.87827503108912,12.507673174826914,26.58,4.2,0
1:3532,41.87827503108912,12.507673174826914,26.58,5.3399997,0
1:3533,41.87827503108912,12.507673174826914,26.58,4.83,0
1:3534,41.87827503108912,12.507673174826914,26.58,4.95,0
1:3535,41.87827503108912,12.507673174826914,26.58,5.0899997,0
1:3536,41.87827503108912,12.507673174826914,26.58,4.9,0
1:3537,41.87827503108912,12.507673174826914,26.58,4.31,0
1:3538,41.87827503108912,12.507673174826914,26.58,5.3199997,0
1:3539,41.87827503108912,12.507673174826914,26.58,5.0699997,0
1:3540,41.87827503108912,12.507673174826914,26.58,4.97,0
1:3541,41.87827503108912,12.507673174826914,26.58,4.16,0
1:3542,41.87827503108912,12.507673174826914,26.58,4,0
1:3543,41.87827503108912,12.507673174826914,26.58,4.19,0
1:3544,41.87827503108912,12.507673174826914,26.58,4.63,0
1:3545,41.87827503108912,12.507673174826914,26.58,4.65,0
1:3546,41.87827503108912,12.507673174826914,26.58,4.91,0
1:3547,41.87827503108912,12.507673174826914,26.58,5.0699997,0
1:3548,41.87827503108912,12.507673174826914,26.58,4.97,0
1:3549,41.87827503108912,12.507673174826914,26.58,4.69,0
1:3550,41.87827503108912,12.507673174826914,26.58,4.7,0
1:3551,41.87827503108912,12.507673174826914,26.58,4.61,0
1:3552,41.87827503108912,12.507673174826914,26.58,4.67,0
1:3553,41.87827503108912,12.507673174826914,26.58,4.21,0
1:3554,41.87827503108912,12.507673174826914,26.58,5.04,0
1:3555,41.87827503108912,12.507673174826914,26.58,5.58,0
1:3556,41.87827503108912,12.507673174826914,26.58,6.15,0
1:3557,41.87827503108912,12.507673174826914,26.58,5.5,0
1:3558,41.87827503108912,12.507673174826914,26.58,4.88,0
1:3559,41.87827503108912,12.507673174826914,26.58,5.06,0
1:3560,41.87827503108912,12.507673174826914,26.58,4.95,0
1:3561,41.87827503108912,12.507673174826914,26.58,4.71,0
1:3562,41.87827503108912,12.507673174826914,26.58,4.06,0
1:3563,41.87827503108912,12.507673174826914,26.58,3.3899999,0
1:3564,41.87827503108912,12.507673174826914,26.58,3.62,0
1:3565,41.87827503108912,12.507673174826914,26.58,4.43,0
1:3566,41.87827503108912,12.507673174826914,26.58,5.2799997,0
1:3567,41.87827503108912,12.507673174826914,26.58,4.39,0
1:3568,41.87827503108912,12.507673174826914,26.58,4.49,0
1:3569,41.87827503108912,12.507673174826914,26.58,3.83,0
1:3570,41.87827503108912,12.507673174826914,26.58,4.5499997,0
1:3571,41.87827503108912,12.507673174826914,26.58,3.99,0
1:3572,41.87827503108912,12.507673174826914,26.58,3.85,0
1:3573,41.87827503108912,12.507673174826914,26.58,3.6699998,0
1:3574,41.87827503108912,12.507673174826914,26.58,4.24,0
1:3575,41.87827503108912,12.507673174826914,26.58,1.41,0
1:3576,41.87827503108912,12.507673174826914,26.58,1.22,0
1:3577,41.87827503108912,12.507673174826914,26.58,-1.3199999,0
1:3578,41.87827503108912,12.507673174826914,26.58,-21.71,0
1:3579,41.87827503108912,12.507673174826914,26.58,-10.05,0
1:3580,41.87827739390603,12.507666225981609,26.58,-11.509999,0
1:3581,41.87827739390603,12.507666225981609,26.58,4.96,0
1:3582,41.87827070683983,12.50766100121591,26.599998,-28.019999,0
1:3583,41.87827070683983,12.50766100121591,26.599998,-11.24,0
1:3584,41.87826562222415,12.507659278702894,26.599998,-6.5699997,0
1:3585,41.87826562222415,12.507659278702894,26.599998,8.95,0
1:3586,41.87826604817204,12.507660342556497,26.609999,2.87,0
1:3587,41.87826804219547,12.5076599931606,26.609999,12.7,0
1:3588,41.87826804219547,12.5076599931606,26.609999,-3.99,0
1:3589,41.87826804219547,12.5076599931606,26.609999,5.9,0
1:3590,41.878267341453565,12.507659236082402,26.619999,9.679999,0
1:3591,41.878267341453565,12.507659236082402,26.619999,4.74,0
1:3592,41.87826450424817,12.507661344437595,26.619999,51.52,0
1:3593,41.87826450424817,12.507661344437595,26.619999,21.75,0
1:3594,41.87826450424817,12.507661344437595,26.619999,11.8,0
1:3595,41.87825905852365,12.507674758328006,26.619999,7.97,0
1:3596,41.87825905852365,12.507674758328006,26.619999,4.2,0
1:3597,41.87826557536165,12.507687850652552,26.609999,13.13,0
1:3598,41.87827727582351,12.507696867697634,26.609999,-22.96,0
1:3599,41.87827727582351,12.507696867697634,26.609999,-14.87,0
1:3600,41.878287517990195,12.50770373192398,26.63,-7.3799996,0
1:3601,41.87828665360691,12.507718821767398,26.619999,39.379997,0
1:3602,41.878275506575406,12.507721869317008,26.63,27.26,0
1:3603,41.878275506575406,12.507721869317008,26.63,10.04,0
1:3604,41.8782699144313,12.507718829300858,26.65,13.009999,0
1:3605,41.87825988853196,12.507724457878457,26.609999,3.74,0
1:3606,41.87825988853196,12.507724457878457,26.609999,-9.48,0
1:3607,41.87824799492524,12.507727440391497,26.609999,-0.72999996,0
1:3608,41.87824799492524,12.507727440391497,26.609999,-0.72999996,0
1:3609,41.878237468633195,12.50772744778673,26.619999,-4.3199997,0
1:3610,41.87823964194172,12.50773067973333,26.63,21.88,0
1:3611,41.87823964194172,12.50773067973333,26.63,5.52,0
1:3612,41.87823964194172,12.50773067973333,26.63,13.54,0
1:3613,41.87824555642848,12.507720592245747,26.63,12.7699995,0
1:3614,41.87824555642848,12.507720592245747,26.63,8.48,0
1:3615,41.87824227145635,12.50771798555331,26.64,5.89,0
1:3616,41.87824227145635,12.50771798555331,26.64,4.73,0
1:3617,41.87824227145635,12.50771798555331,26.64,4.92,0
1:3618,41.87824227145635,12.50771798555331,26.64,4.39,0
1:3619,41.87824227145635,12.50771798555331,26.64,3.4099998,0
1:3620,41.87824227145635,12.50771798555331,26.64,2.6399999,0
1:3621,41.87824227145635,12.50771798555331,26.64,1.99,0
1:3622,41.87824227145635,12.50771798555331,26.64,2.31,0
1:3623,41.87824227145635,12.50771798555331,26.64,2.6699998,0
1:3624,41.87824227145635,12.50771798555331,26.64,3.1599998,0
1:3625,41.87824227145635,12.50771798555331,26.64,4.22,0
1:3626,41.87824227145635,12.50771798555331,26.64,4.95,0
1:3627,41.87824227145635,12.50771798555331,26.64,4.5,0
1:3628,41.87824227145635,12.50771798555331,26.64,4.67,0
1:3629,41.87824227145635,12.50771798555331,26.64,-11.139999,0
1:3630,41.87824227145635,12.50771798555331,26.64,-2.72,0
1:3631,41.87824227145635,12.50771798555331,26.64,0.78,0
1:3632,41.87824227145635,12.50771798555331,26.64,3.07,0
1:3633,41.87824299902584,12.507712025849031,26.64,2.84,0
1:3634,41.87824299902584,12.507712025849031,26.64,1.12,0
1:3635,41.87824299902584,12.507712025849031,26.64,1.3399999,0
1:3636,41.87824299902584,12.507712025849031,26.64,2.53,0
1:3637,41.87824299902584,12.507712025849031,26.64,3.6699998,0
1:3638,41.87824299902584,12.507712025849031,26.64,5.3399997,0
1:3639,41.87824299902584,12.507712025849031,26.64,4.0499997,0
1:3640,41.87824299902584,12.507712025849031,26.64,3.79,0
1:3641,41.87824299902584,12.507712025849031,26.64,4.99,0
1:3642,41.87824299902584,12.507712025849031,26.64,3.1999998,0
1:3643,41.87824299902584,12.507712025849031,26.64,3.4399998,0
1:3644,41.87824299902584,12.507712025849031,26.64,3.6499999,0
1:3645,41.87824299902584,12.507712025849031,26.64,3.53,0
1:3646,41.87824299902584,12.507712025849031,26.64,4.69,0
1:3647,41.87824299902584,12.507712025849031,26.64,4.88,0
1:3648,41.87824299902584,12.507712025849031,26.64,3.46,0
1:3649,41.87824299902584,12.507712025849031,26.64,1.9699999,0
1:3650,41.87824299902584,12.507712025849031,26.64,2.69,0
1:3651,41.87824299902584,12.507712025849031,26.64,-10.28,0
1:3652,41.87824299902584,12.507712025849031,26.64,6.25,0
1:3653,41.87824299902584,12.507712025849031,26.64,4.92,0
1:3654,41.87824299902584,12.507712025849031,26.64,5.1,0
1:3655,41.87824543395474,12.507721739105639,26.64,2.69,0
1:3656,41.87824543395474,12.507721739105639,26.64,6.18,0
1:3657,41.878247925077474,12.507713880854187,26.65,3.1799998,0
1:3658,41.878247925077474,12.507713880854187,26.65,2.56,0
1:3659,41.878247925077474,12.507713880854187,26.65,4.39,0
1:3660,41.878247925077474,12.507713880854187,26.65,-3.9199998,0
1:3661,41.878247925077474,12.507713880854187,26.65,-0.87,0
1:3662,41.878247925077474,12.507713880854187,26.65,-0.55,0
1:3663,41.878246528396545,12.507715824026171,26.64,1.93,0
1:3664,41.878246528396545,12.507715824026171,26.64,2.35,0
1:3665,41.878246528396545,12.507715824026171,26.64,3.9399998,0
1:3666,41.878246528396545,12.507715824026171,26.64,2.01,0
1:3667,41.878246528396545,12.507715824026171,26.64,16.43,0
1:3668,41.878246528396545,12.507715824026171,26.64,10.74,0
1:3669,41.878246528396545,12.507715824026171,26.64,7.3799996,0
1:3670,41.878246528396545,12.507715824026171,26.64,5.66,0
1:3671,41.878246528396545,12.507715824026171,26.64,3.9199998,0
1:3672,41.878246528396545,12.507715824026171,26.64,4.31,0
1:3673,41.878246528396545,12.507715824026171,26.64,4.23,0
1:3674,41.878246528396545,12.507715824026171,26.64,4.15,0
1:3675,41.878246528396545,12.507715824026171,26.64,4.18,0
1:3676,41.878246528396545,12.507715824026171,26.64,2.6499999,0
1:3677,41.878246528396545,12.507715824026171,26.64,2.1399999,0
1:3678,41.878246528396545,12.507715824026171,26.64,1.4699999,0
1:3679,41.878246528396545,12.507715824026171,26.64,2.12,0
1:3680,41.878246528396545,12.507715824026171,26.64,3.27,0
1:3681,41.878246528396545,12.507715824026171,26.64,5.08,0
1:3682,41.878246528396545,12.507715824026171,26.64,2.97,0
1:3683,41.878246528396545,12.507715824026171,26.64,4.1,0
1:3684,41.878246528396545,12.507715824026171,26.64,4.61,0
1:3685,41.878246528396545,12.507715824026171,26.64,5.48,0
1:3686,41.878246528396545,12.507715824026171,26.64,4.9,0
1:3687,41.878246528396545,12.507715824026171,26.64,4.41,0
1:3688,41.878246528396545,12.507715824026171,26.64,4.29,0
1:3689,41.878246528396545,12.507715824026171,26.64,2.74,0
1:3690,41.878246528396545,12.507715824026171,26.64,10.91,0
1:3691,41.878246528396545,12.507715824026171,26.64,5.37,0
1:3692,41.878246528396545,12.507715824026171,26.64,4.2999997,0
1:3693,41.878246528396545,12.507715824026171,26.64,5.23,0
1:3694,41.878246528396545,12.507715824026171,26.64,3.4399998,0
1:3695,41.878246528396545,12.507715824026171,26.64,3.73,0
1:3696,41.878246528396545,12.507715824026171,26.64,4.81,0
1:3697,41.878246528396545,12.507715824026171,26.64,3.87,0
1:3698,41.878246528396545,12.507715824026171,26.64,4.0899997,0
1:3699,41.878246528396545,12.507715824026171,26.64,4.71,0
1:3700,41.878246528396545,12.507715824026171,26.64,3.36,0
1:3701,41.878246528396545,12.507715824026171,26.64,3.25,0
1:3702,41.878246528396545,12.507715824026171,26.64,4.43,0
1:3703,41.878246528396545,12.507715824026171,26.64,5.45,0
1:3704,41.878246528396545,12.507715824026171,26.64,3.72,0
1:3705,41.878246528396545,12.507715824026171,26.64,1.51,0
1:3706,41.878246528396545,12.507715824026171,26.64,0.42999998,0
1:3707,41.878246528396545,12.507715824026171,26.64,1.9699999,0
1:3708,41.878246528396545,12.507715824026171,26.64,2.4199998,0
1:3709,41.878246528396545,12.507715824026171,26.64,2.53,0
1:3710,41.878246528396545,12.507715824026171,26.64,3.25,0
1:3711,41.878246528396545,12.507715824026171,26.64,4.2,0
1:3712,41.878246528396545,12.507715824026171,26.64,3.48,0
1:3713,41.878246528396545,12.507715824026171,26.64,2.72,0
1:3714,41.878246528396545,12.507715824026171,26.64,-1.54,0
1:3715,41.878246528396545,12.507715824026171,26.64,-0.59,0
1:3716,41.878246528396545,12.507715824026171,26.64,1.53,0
1:3717,41.878246528396545,12.507715824026171,26.64,2.6,0
1:3718,41.878246528396545,12.507715824026171,26.64,2.01,0
1:3719,41.878246528396545,12.507715824026171,26.64,3.9199998,0
1:3720,41.878246528396545,12.507715824026171,26.64,-0.32,0
1:3721,41.878246528396545,12.507715824026171,26.64,7.95,0
1:3722,41.878246528396545,12.507715824026171,26.64,2.85,0
1:3723,41.878246528396545,12.507715824026171,26.64,-3.1299999,0
1:3724,41.878243863271905,12.507716387653403,26.64,-1.8299999,0
1:3725,41.878243863271905,12.507716387653403,26.64,-1.4,0
1:3726,41.8782430203644,12.507716808859072,26.65,-0.74,0
1:3727,41.8782430203644,12.507716808859072,26.65,-0.68,0
1:3728,41.8782430203644,12.507716808859072,26.65,0.81,0
1:3729,41.8782430203644,12.507716808859072,26.65,0.78,0
1:3730,41.8782430203644,12.507716808859072,26.65,0.65,0
1:3731,41.8782430203644,12.507716808859072,26.65,0.84,0
1:3732,41.8782430203644,12.507716808859072,26.65,0.24,0
1:3733,41.8782430203644,12.507716808859072,26.65,0.97999996,0
1:3734,41.8782430203644,12.507716808859072,26.65,0.11,0
1:3735,41.8782430203644,12.507716808859072,26.65,0.7,0
1:3736,41.8782430203644,12.507716808859072,26.65,0.71999997,0
1:3737,41.8782430203644,12.507716808859072,26.65,1.61,0
1:3738,41.8782430203644,12.507716808859072,26.65,2.3799999,0
1:3739,41.8782430203644,12.507716808859072,26.65,-1.3299999,0
1:3740,41.8782430203644,12.507716808859072,26.65,14.15,0
1:3741,41.8782430203644,12.507716808859072,26.65,8.309999,0
1:3742,41.8782430203644,12.507716808859072,26.65,6.52,0
1:3743,41.87824348370623,12.507720577409208,26.65,3.56,0
1:3744,41.87824348370623,12.507720577409208,26.65,2.97,0
1:3745,41.87824348370623,12.507720577409208,26.65,1.25,0
1:3746,41.87824348370623,12.507720577409208,26.65,2.81,0
1:3747,41.87824348370623,12.507720577409208,26.65,3.6,0
1:3748,41.87824348370623,12.507720577409208,26.65,3.1899998,0
1:3749,41.87824348370623,12.507720577409208,26.65,2.46,0
1:3750,41.87824348370623,12.507720577409208,26.65,3.8799999,0
1:3751,41.87824348370623,12.507720577409208,26.65,2.97,0
1:3752,41.87824348370623,12.507720577409208,26.65,2.98,0
1:3753,41.87824348370623,12.507720577409208,26.65,1.62,0
1:3754,41.87824348370623,12.507720577409208,26.65,-0.25,0
1:3755,41.87824348370623,12.507720577409208,26.65,1.78,0
1:3756,41.87824348370623,12.507720577409208,26.65,1.3,0
1:3757,41.87824348370623,12.507720577409208,26.65,1.9499999,0
1:3758,41.87824348370623,12.507720577409208,26.65,1.64,0
1:3759,41.87824348370623,12.507720577409208,26.65,2.4099998,0
1:3760,41.87824348370623,12.507720577409208,26.65,3.73,0
1:3761,41.87824348370623,12.507720577409208,26.65,3.05,0
1:3762,41.87824348370623,12.507720577409208,26.65,2.5,0
1:3763,41.87824348370623,12.507720577409208,26.65,2.73,0
1:3764,41.87824348370623,12.507720577409208,26.65,3.53,0
1:3765,41.87824348370623,12.507720577409208,26.65,1.43,0
1:3766,41.87824348370623,12.507720577409208,26.65,-1.1999999,0
1:3767,41.87824348370623,12.507720577409208,26.65,17.43,0
1:3768,41.87824348370623,12.507720577409208,26.65,16.57,0
1:3769,41.87824348370623,12.507720577409208,26.65,-0.52,0
1:3770,41.87824625785652,12.507722832194595,26.65,12.15,0
1:3771,41.87824625785652,12.507722832194595,26.65,11.34,0
1:3772,41.87824625785652,12.507722832194595,26.65,10.11,0
1:3773,41.87823966204525,12.507719589189705,26.66,7.3199997,0
1:3774,41.87823966204525,12.507719589189705,26.66,3.6599998,0
1:3775,41.87823579640351,12.507715670914926,26.67,7.85,0
1:3776,41.87823579640351,12.507715670914926,26.67,6.75,0
1:3777,41.87823579640351,12.507715670914926,26.67,13.59,0
1:3778,41.87823519871793,12.507716573409642,26.66,9.13,0
1:3779,41.87823519871793,12.507716573409642,26.66,14.349999,0
1:3780,41.87823519871793,12.507716573409642,26.66,14.349999,0
1:3781,41.87823519871793,12.507716573409642,26.66,18.44,0
1:3782,41.87823519871793,12.507716573409642,26.66,26.24,0
1:3783,41.87823519871793,12.507716573409642,26.66,33.489998,0
1:3784,41.87823519871793,12.507716573409642,26.66,40.52,0
1:3785,41.87823519871793,12.507716573409642,26.66,48.07,0
1:3786,41.87823519871793,12.507716573409642,26.66,55.6,0
1:3787,41.87823519871793,12.507716573409642,26.66,58.379997,0
1:3788,41.87823519871793,12.507716573409642,26.66,67.63,0
1:3789,41.87823519871793,12.507716573409642,26.66,74.77,0
1:3790,41.87823519871793,12.507716573409642,26.66,82.299995,0
1:3791,41.87823519871793,12.507716573409642,26.66,90.479996,0
1:3792,41.87823519871793,12.507716573409642,26.66,97.42,0
1:3793,41.87823519871793,12.507716573409642,26.66,106.06,0
1:3794,41.87823519871793,12.507716573409642,26.66,112.74,0
1:3795,41.87823519871793,12.507716573409642,26.66,120.29,0
1:3796,41.87823519871793,12.507716573409642,26.66,127.85,0
1:3797,41.87823519871793,12.507716573409642,26.66,133.18,0
1:3798,41.87823519871793,12.507716573409642,26.66,142.03,0
1:3799,41.87823519871793,12.507716573409642,26.66,148.62999,0
1:3800,41.87823519871793,12.507716573409642,26.66,156.34999,0
1:3801,41.87823519871793,12.507716573409642,26.66,162.66,0
1:3802,41.87823519871793,12.507716573409642,26.66,171.25,0
1:3803,41.87823519871793,12.507716573409642,26.66,176.03,0
1:3804,41.87823519871793,12.507716573409642,26.66,183,0
1:3805,41.87823519871793,12.507716573409642,26.66,191.62,0
1:3806,41.87823519871793,12.507716573409642,26.66,200.5,0
1:3807,41.87823519871793,12.507716573409642,26.66,209.39,0
1:3808,41.87823519871793,12.507716573409642,26.66,214.36,0
1:3809,41.87823519871793,12.507716573409642,26.66,219.56,0
1:3810,41.87823519871793,12.507716573409642,26.66,225.06999,0
1:3811,41.87823519871793,12.507716573409642,26.66,229.59999,0
1:3812,41.87823519871793,12.507716573409642,26.66,229.87999,0
1:3813,41.87823519871793,12.507716573409642,26.66,238.93,0
1:3814,41.87823519871793,12.507716573409642,26.66,239.29999,0
1:3815,41.878233727386345,12.507713786582263,26.619999,229.12999,0
1:3816,41.878233727386345,12.507713786582263,26.619999,244.78,0
1:3817,41.878233727386345,12.507713786582263,26.619999,249.51999,0
1:3818,41.878233727386345,12.507713786582263,26.619999,243.34,0
1:3819,41.87823326452481,12.507716414907481,26.619999,232.9,0
1:3820,41.87823326452481,12.507716414907481,26.619999,235.26,0
1:3821,41.87823212356356,12.507730417237163,26.64,221.65999,0
1:3822,41.87823212356356,12.507730417237163,26.64,283.03,0
1:3823,41.87823212356356,12.507730417237163,26.64,272.13,0
1:3824,41.878226648884464,12.507724032479853,26.64,199.64,0
1:3825,41.878215820490524,12.507723847046147,26.64,202.87,0
1:3826,41.878215820490524,12.507723847046147,26.64,212.81999,0
1:3827,41.87820348515499,12.507728007197988,26.64,209.5,0
1:3828,41.87819894340331,12.507743824907287,26.64,231.70999,0
1:3829,41.878204130183356,12.507760374629324,26.65,227.31999,0
1:3830,41.878204130183356,12.507760374629324,26.65,289.33,0
1:3831,41.878212677272316,12.507774182033604,26.66,276.63998,0
1:3832,41.87821857817375,12.507787791033724,26.67,240.48999,0
1:3833,41.87822361139848,12.507799481535672,26.71,267.47,0
1:3834,41.87822361139848,12.507799481535672,26.71,252.64,0
1:3835,41.87823647196454,12.507798625624003,26.789999,239.95999,0
1:3836,41.87824730063293,12.507789268375229,26.789999,254.68,0
1:3837,41.87824730063293,12.507789268375229,26.789999,241.42,0
1:3838,41.87825481118924,12.507775804446053,26.81,195.67,0
1:3839,41.87825836635833,12.50775832707169,26.82,188.54,0
1:3840,41.87825836635833,12.50775832707169,26.82,236.22,0
1:3841,41.87825672870947,12.50774050613007,26.769999,240.39,0
1:3842,41.87825502690769,12.507722696062434,26.769999,246.12,0
1:3843,41.87825750327868,12.507709331980406,26.71,235.47,0
1:3844,41.87825750327868,12.507709331980406,26.71,247.26,0
1:3845,41.87825195882043,12.50769299275753,26.71,230.54999,0
1:3846,41.87823970403625,12.507683306294238,26.63,230.54999,0
1:3847,41.87823970403625,12.507683306294238,26.63,317.78998,0
1:3848,41.878230702113434,12.507684391250743,26.599998,277.06,0
1:3849,41.878230702113434,12.507684391250743,26.599998,288.18,0
1:3850,41.878223771677845,12.507693559264526,26.51,278.38998,0
1:3851,41.878223771677845,12.507693559264526,26.51,244.81999,0
1:3852,41.87822352014354,12.507705450520518,26.5,220.40999,0
1:3853,41.87822738077656,12.507717742915991,26.49,234.45999,0
1:3854,41.87822738077656,12.507717742915991,26.49,212.5,0
1:3855,41.87823877501975,12.507719210189844,26.48,207.45999,0
1:3856,41.8782483221394,12.507721715791078,26.49,233.15,0
1:3857,41.8782483221394,12.507721715791078,26.49,199.01,0
1:3858,41.878260563063805,12.507725285199836,26.49,222.06999,0
1:3859,41.878268294141456,12.507718442030317,26.49,233.86,0
1:3860,41.878268294141456,12.507718442030317,26.49,259.37,0
1:3861,41.87827324660899,12.50771281877452,26.49,254.53,0
1:3862,41.87827324660899,12.50771281877452,26.49,243.70999,0
1:3863,41.878280030350545,12.507705075298906,26.49,236.14,0
1:3864,41.8782853911325,12.507702522239176,26.5,236.48,0
1:3865,41.8782853911325,12.507702522239176,26.5,237.12999,0
1:3866,41.8782853911325,12.507702522239176,26.5,242.93999,0
1:3867,41.8782853911325,12.507702522239176,26.5,240.15,0
1:3868,41.8782853911325,12.507702522239176,26.5,235.93,0
1:3869,41.8782853911325,12.507702522239176,26.5,237.15,0
1:3870,41.8782853911325,12.507702522239176,26.5,233.48999,0
1:3871,41.87828598346628,12.507703431069372,26.49,233.93999,0
1:3872,41.87828598346628,12.507703431069372,26.49,234.64,0
1:3873,41.87828598346628,12.507703431069372,26.49,234.40999,0
1:3874,41.87828598346628,12.507703431069372,26.49,234.2,0
1:3875,41.87828598346628,12.507703431069372,26.49,233.79999,0
1:3876,41.87828598346628,12.507703431069372,26.49,235.47,0
1:3877,41.87828598346628,12.507703431069372,26.49,234.73,0
1:3878,41.87828598346628,12.507703431069372,26.49,236.95999,0
1:3879,41.87828598346628,12.507703431069372,26.49,235.47,0
1:3880,41.87828598346628,12.507703431069372,26.49,226.42,0
1:3881,41.87828598346628,12.507703431069372,26.49,229.34,0
1:3882,41.87828598346628,12.507703431069372,26.49,234.65999,0
1:3883,41.87828506282054,12.507700025000775,26.49,234.34,0
1:3884,41.87828506282054,12.507700025000775,26.49,231.98999,0
1:3885,41.87828506282054,12.507700025000775,26.49,233.23999,0
1:3886,41.87828506282054,12.507700025000775,26.49,232.54999,0
1:3887,41.87828506282054,12.507700025000775,26.49,233.31,0
1:3888,41.87828506282054,12.507700025000775,26.49,232.76,0
1:3889,41.87828506282054,12.507700025000775,26.49,232.45999,0
1:3890,41.87828506282054,12.507700025000775,26.49,234.54999,0
1:3891,41.87828506282054,12.507700025000775,26.49,236.87,0
1:3892,41.87828506282054,12.507700025000775,26.49,233.18,0
1:3893,41.87828506282054,12.507700025000775,26.49,232.45,0
1:3894,41.87828506282054,12.507700025000775,26.49,231.09,0
1:3895,41.87828506282054,12.507700025000775,26.49,232.79999,0
1:3896,41.87828506282054,12.507700025000775,26.49,234.03,0
1:3897,41.87828506282054,12.507700025000775,26.49,234.18999,0
1:3898,41.87828506282054,12.507700025000775,26.49,231.51,0
1:3899,41.87828506282054,12.507700025000775,26.49,232.15999,0
1:3900,41.87828506282054,12.507700025000775,26.49,241.18,0
1:3901,41.87828506282054,12.507700025000775,26.49,198.76,0
1:3902,41.878286601324,12.507696812590487,26.49,211.83,0
1:3903,41.878286601324,12.507696812590487,26.49,217.86,0
1:3904,41.878286601324,12.507696812590487,26.49,225.62,0
1:3905,41.878285092735695,12.507699816736308,26.49,231.01999,0
1:3906,41.87828625098735,12.507702024639153,26.5,232.15,0
1:3907,41.87828625098735,12.507702024639153,26.5,233.61,0
1:3908,41.87828625098735,12.507702024639153,26.5,234.22,0
1:3909,41.87828625098735,12.507702024639153,26.5,233.73999,0
1:3910,41.87828625098735,12.507702024639153,26.5,233.84999,0
1:3911,41.87828625098735,12.507702024639153,26.5,234.76,0
1:3912,41.87828625098735,12.507702024639153,26.5,235.83,0
1:3913,41.87828625098735,12.507702024639153,26.5,234.83,0
1:3914,41.87828625098735,12.507702024639153,26.5,233.78,0
1:3915,41.87828625098735,12.507702024639153,26.5,234.43999,0
1:3916,41.87828625098735,12.507702024639153,26.5,241.72,0
1:3917,41.87828625098735,12.507702024639153,26.5,234.87999,0
1:3918,41.87828625098735,12.507702024639153,26.5,248.4,0
1:3919,41.87828373488958,12.507703804908697,26.5,244.95999,0
1:3920,41.87828373488958,12.507703804908697,26.5,241.11,0
1:3921,41.87828069507077,12.507701221484744,26.5,237.09999,0
1:3922,41.87828069507077,12.507701221484744,26.5,234.84999,0
1:3923,41.87828069507077,12.507701221484744,26.5,234.84999,0
1:3924,41.87828069507077,12.507701221484744,26.5,235.79,0
1:3925,41.87828069507077,12.507701221484744,26.5,235.72,0
1:3926,41.87828069507077,12.507701221484744,26.5,236.81999,0
1:3927,41.87828069507077,12.507701221484744,26.5,235.43,0
1:3928,41.87828069507077,12.507701221484744,26.5,235.36,0
1:3929,41.87828069507077,12.507701221484744,26.5,236.20999,0
1:3930,41.87828069507077,12.507701221484744,26.5,235.56999,0
1:3931,41.87828069507077,12.507701221484744,26.5,234.43,0
1:3932,41.87828069507077,12.507701221484744,26.5,234.43999,0
1:3933,41.87828069507077,12.507701221484744,26.5,234.84999,0
1:3934,41.87828069507077,12.507701221484744,26.5,235.83,0
1:3935,41.87828069507077,12.507701221484744,26.5,234.98,0
1:3936,41.87828069507077,12.507701221484744,26.5,234.48,0
1:3937,41.87828069507077,12.507701221484744,26.5,235.26,0
1:3938,41.87828069507077,12.507701221484744,26.5,235.79,0
1:3939,41.87828069507077,12.507701221484744,26.5,235.47,0
1:3940,41.87828069507077,12.507701221484744,26.5,235.22,0
1:3941,41.87828069507077,12.507701221484744,26.5,235.15,0
1:3942,41.87828069507077,12.507701221484744,26.5,234.12,0
1:3943,41.87828069507077,12.507701221484744,26.5,233.34999,0
1:3944,41.87828069507077,12.507701221484744,26.5,233.29,0
1:3945,41.87828069507077,12.507701221484744,26.5,234.01,0
1:3946,41.87828069507077,12.507701221484744,26.5,234.5,0
1:3947,41.87828069507077,12.507701221484744,26.5,235.12999,0
1:3948,41.87828069507077,12.507701221484744,26.5,234.67,0
1:3949,41.87828069507077,12.507701221484744,26.5,235.33,0
1:3950,41.87828069507077,12.507701221484744,26.5,234.59999,0
1:3951,41.87828069507077,12.507701221484744,26.5,244.09,0
1:3952,41.87828069507077,12.507701221484744,26.5,237.09,0
1:3953,41.87828069507077,12.507701221484744,26.5,216.59999,0
1:3954,41.87827703492418,12.507700424158978,26.49,229.18,0
1:3955,41.87827703492418,12.507700424158978,26.49,230.65,0
1:3956,41.87827879559569,12.507700917704296,26.49,233.73,0
1:3957,41.87827879559569,12.507700917704296,26.49,234.68,0
1:3958,41.87827879559569,12.507700917704296,26.49,235.29,0
1:3959,41.87827879559569,12.507700917704296,26.49,234.93,0
1:3960,41.87827879559569,12.507700917704296,26.49,234.23,0
1:3961,41.87827879559569,12.507700917704296,26.49,233.47,0
1:3962,41.87827879559569,12.507700917704296,26.49,233.33,0
1:3963,41.87827879559569,12.507700917704296,26.49,234.18,0
1:3964,41.87827879559569,12.507700917704296,26.49,234.28,0
1:3965,41.87827879559569,12.507700917704296,26.49,234.75,0
1:3966,41.87827879559569,12.507700917704296,26.49,235.33,0
1:3967,41.87827879559569,12.507700917704296,26.49,235.18999,0
1:3968,41.87827879559569,12.507700917704296,26.49,234.47,0
1:3969,41.87827879559569,12.507700917704296,26.49,235.23999,0
1:3970,41.87827879559569,12.507700917704296,26.49,235.95999,0
1:3971,41.87827879559569,12.507700917704296,26.49,237.01,0
1:3972,41.87827879559569,12.507700917704296,26.49,235.26,0
1:3973,41.87827879559569,12.507700917704296,26.49,235.31,0
1:3974,41.87827879559569,12.507700917704296,26.49,234.59,0
1:3975,41.87827879559569,12.507700917704296,26.49,235.18,0
1:3976,41.87827879559569,12.507700917704296,26.49,235.45,0
1:3977,41.87827879559569,12.507700917704296,26.49,235.4,0
1:3978,41.87827879559569,12.507700917704296,26.49,235.29,0
1:3979,41.87827879559569,12.507700917704296,26.49,234.81999,0
1:3980,41.87827879559569,12.507700917704296,26.49,234.54,0
1:3981,41.87827879559569,12.507700917704296,26.49,234.06999,0
1:3982,41.87827879559569,12.507700917704296,26.49,234.29999,0
1:3983,41.87827879559569,12.507700917704296,26.49,233.90999,0
1:3984,41.87827879559569,12.507700917704296,26.49,233.98,0
1:3985,41.87827879559569,12.507700917704296,26.49,235.26999,0
1:3986,41.87827879559569,12.507700917704296,26.49,239.20999,0
1:3987,41.87827879559569,12.507700917704296,26.49,234.28,0
1:3988,41.87827879559569,12.507700917704296,26.49,219.18,0
1:3989,41.87827879559569,12.507700917704296,26.49,175.26999,0
1:3990,41.87827879559569,12.507700917704296,26.49,202.68,0
1:3991,41.878275718725995,12.507697887225921,26.49,216.45999,0
1:3992,41.878275718725995,12.507697887225921,26.49,224.92,0
1:3993,41.87827434139386,12.507699855163867,26.49,230.65,0
1:3994,41.87827434139386,12.507699855163867,26.49,232.95,0
1:3995,41.87827434139386,12.507699855163867,26.49,234.93999,0
1:3996,41.87827434139386,12.507699855163867,26.49,235.23999,0
1:3997,41.87827434139386,12.507699855163867,26.49,234.95999,0
1:3998,41.87827434139386,12.507699855163867,26.49,235.11,0
1:3999,41.87827434139386,12.507699855163867,26.49,238,0
1:4000,41.87827434139386,12.507699855163867,26.49,236.47,0
1:4001,41.87827434139386,12.507699855163867,26.49,235.4,0
1:4002,41.87827434139386,12.507699855163867,26.49,235.47,0
1:4003,41.87827434139386,12.507699855163867,26.49,236.37,0
1:4004,41.87827434139386,12.507699855163867,26.49,236.47,0
1:4005,41.87827434139386,12.507699855163867,26.49,236.86,0
1:4006,41.87827434139386,12.507699855163867,26.49,237.12,0
1:4007,41.87827434139386,12.507699855163867,26.49,235.06999,0
1:4008,41.87827434139386,12.507699855163867,26.49,233.37999,0
1:4009,41.87827434139386,12.507699855163867,26.49,233.43,0
1:4010,41.87827434139386,12.507699855163867,26.49,257.04,0
1:4011,41.87827434139386,12.507699855163867,26.49,248.48999,0
1:4012,41.87827434139386,12.507699855163867,26.49,216.06999,0
1:4013,41.878273703226775,12.507700706237532,26.49,231.20999,0
1:4014,41.878273703226775,12.507700706237532,26.49,215.36,0
1:4015,41.87828467824613,12.507700385155466,26.51,215.76,0
1:4016,41.87829721331335,12.507697028641834,26.529999,248.68,0
1:4017,41.87829721331335,12.507697028641834,26.529999,248.59,0
1:4018,41.87830813989213,12.507690050054334,26.529999,261.61,0
1:4019,41.87831815549955,12.507684014255197,26.529999,248.84999,0
1:4020,41.87831815549955,12.507684014255197,26.529999,244.43999,0
1:4021,41.878320843335004,12.507682766373215,26.539999,240.93999,0
1:4022,41.878320843335004,12.507682766373215,26.539999,238.36,0
1:4023,41.878320843335004,12.507682766373215,26.539999,236.78,0
1:4024,41.878320843335004,12.507682766373215,26.539999,213.37,0
1:4025,41.878320843335004,12.507682766373215,26.539999,239.14,0
1:4026,41.878320843335004,12.507682766373215,26.539999,249.64,0
1:4027,41.878320843335004,12.507682766373215,26.539999,244.48,0
1:4028,41.87831128372785,12.50768266675645,26.539999,240.5,0
1:4029,41.87831128372785,12.50768266675645,26.539999,237.58,0
1:4030,41.87831128372785,12.50768266675645,26.539999,236.17,0
1:4031,41.87831128372785,12.50768266675645,26.539999,236.64,0
1:4032,41.87831128372785,12.50768266675645,26.539999,235.51999,0
1:4033,41.87831128372785,12.50768266675645,26.539999,239.29,0
1:4034,41.87831128372785,12.50768266675645,26.539999,234.84999,0
1:4035,41.87831128372785,12.50768266675645,26.539999,233.01999,0
1:4036,41.87831128372785,12.50768266675645,26.539999,234.12999,0
1:4037,41.87831128372785,12.50768266675645,26.539999,233.04,0
1:4038,41.87831128372785,12.50768266675645,26.539999,233.76999,0
1:4039,41.87831128372785,12.50768266675645,26.539999,233.89,0
1:4040,41.87831128372785,12.50768266675645,26.539999,234,0
1:4041,41.87831128372785,12.50768266675645,26.539999,233.92,0
1:4042,41.87831128372785,12.50768266675645,26.539999,214.98999,0
1:4043,41.87831128372785,12.50768266675645,26.539999,223.01,0
1:4044,41.87831128372785,12.50768266675645,26.539999,227.03,0
1:4045,41.87831128372785,12.50768266675645,26.539999,229.84,0
1:4046,41.87831201013092,12.507683378864268,26.539999,232.25,0
1:4047,41.87831201013092,12.507683378864268,26.539999,233.56999,0
1:4048,41.87831201013092,12.507683378864268,26.539999,233.79,0
1:4049,41.87831201013092,12.507683378864268,26.539999,233.43,0
