Temperature,Pressure,Altitude,Day,Month,Year,Hour,Minute,Second,Latitude,Longitude,Operator Id,Message Counter,Step Counter,Flags,Position Estimation Inertial Magnetic X,Position Estimation Inertial Magnetic Y,Position Estimation Inertial X,Position Estimation Inertial Y,Position Estimation Inertial Z,Altitude Estimation Pressometer,Latitude Estimation GPS,Longitude Estimation GPS,GPS Estimation Quality,North Alignment Angle Inertial Path,Yaw Drift Inertial Path,CRC-CCITT,thesia_string
15.89,100970.73,29.53,19,9,2024,2,34,31,47.614913,-122.177781,89,0,0,0049,0.0,0.0,0.0,0.0,0.0,6551.3,0.0,0.0,0,0.0,0.0,4B97,59000000000049000000000000000000000000FFE9000000000000000000000000004B97
15.88,100969.77,29.61,19,9,2024,2,34,32,47.614913,-122.17778399999999,89,1,0,0049,0.0,0.0,0.0,0.0,0.0,6547.0,0.0,0.0,0,0.0,0.0,9AC9,59000100000049000000000000000000000000FFBE000000000000000000000000009AC9
15.87,100968.78,29.69,19,9,2024,2,34,33,47.614913,-122.177782,89,2,0,0049,0.0,0.0,0.0,0.0,0.0,6544.5,0.0,0.0,0,0.0,0.0,0097,59000200000049000000000000000000000000FFA5000000000000000000000000000097
15.86,100968.12,29.75,19,9,2024,2,34,34,47.614911,-122.177782,89,3,0,0049,0.0,0.0,0.0,0.0,0.0,6553.2,0.0,0.0,0,0.0,0.0,5035,59000300000049000000000000000000000000FFFC000000000000000000000000005035
15.86,100969.27,29.65,19,9,2024,2,34,35,47.614911,-122.177779,89,4,0,0049,0.0,0.0,0.0,0.0,0.0,6551.4,0.0,0.0,0,0.0,0.0,6CB1,59000400000049000000000000000000000000FFEA000000000000000000000000006CB1
15.86,100970.59,29.54,19,9,2024,2,34,36,47.614912,-122.17777699999999,89,5,0,0049,0.0,0.0,0.0,0.0,0.0,6551.5,0.0,0.0,0,0.0,0.0,40E7,59000500000049000000000000000000000000FFEB0000000000000000000000000040E7
15.85,100971.14,29.5,19,9,2024,2,34,37,47.614912,-122.17777699999999,89,6,1,0049,0.0,0.0,0.0,0.0,0.0,6549.7,0.0,0.0,0,0.0,0.0,A255,59000600010049000000000000000000000000FFD900000000000000000000000000A255
15.85,100972.14,29.41,19,9,2024,2,34,38,47.614913,-122.17777699999999,89,7,1,0049,0.0,0.0,0.0,0.0,0.0,6550.6,0.0,0.0,0,0.0,0.0,01A7,59000700010049000000000000000000000000FFE20000000000000000000000000001A7
15.85,100972.12,29.42,19,9,2024,2,34,39,47.614913,-122.177775,89,8,1,0049,0.0,0.0,0.0,0.0,0.0,1.4,0.0,0.0,0,0.0,0.0,DA84,59000800010049000000000000000000000000000E00000000000000000000000000DA84
15.85,100972.67,29.37,19,9,2024,2,34,40,47.614911,-122.177775,89,9,1,0049,0.0,0.0,0.0,0.0,0.0,8.3,0.0,0.0,0,0.0,0.0,C30E,59000900010049000000000000000000000000005300000000000000000000000000C30E
15.85,100973.0,29.34,19,9,2024,2,34,40,47.614911,-122.177775,89,10,1,0049,0.0,0.0,0.0,0.0,0.0,6553.3,0.0,0.0,0,0.0,0.0,7706,59000A00010049000000000000000000000000FFFD000000000000000000000000007706
15.82,100968.36,29.73,19,9,2024,2,34,40,47.614911,-122.177775,89,11,1,0049,0.0,0.0,0.0,0.0,0.0,6553.3,0.0,0.0,0,0.0,0.0,4302,59000B00010049000000000000000000000000FFFD000000000000000000000000004302
15.81,100966.27,29.91,19,9,2024,2,34,40,47.614911,-122.177775,89,12,1,0049,0.0,0.0,0.0,0.0,0.0,6546.4,0.0,0.0,0,0.0,0.0,FFE0,59000C00010049000000000000000000000000FFB800000000000000000000000000FFE0
15.81,100963.02,30.18,19,9,2024,2,34,40,47.614911,-122.177775,89,13,2,0049,0.0,0.0,0.0,0.0,0.0,6540.3,0.0,0.0,0,0.0,0.0,8026,59000D00020049000000000000000000000000FF7B000000000000000000000000008026
15.82,100963.25,30.16,19,9,2024,2,34,40,47.614911,-122.177775,89,14,6,0049,0.0,0.0,0.0,0.0,0.0,6537.7,0.0,0.0,0,0.0,0.0,FE38,59000E00060049000000000000000000000000FF6100000000000000000000000000FE38
15.84,100963.88,30.1,19,9,2024,2,34,40,47.614911,-122.177775,89,15,6,0049,0.0,0.0,0.0,0.0,0.0,6543.8,0.0,0.0,0,0.0,0.0,972F,59000F00060049000000000000000000000000FF9E00000000000000000000000000972F
15.86,100963.92,30.1,19,9,2024,2,34,40,47.614911,-122.177775,89,16,6,0049,0.0,0.0,0.0,0.0,0.0,6544.7,0.0,0.0,0,0.0,0.0,3C56,59001000060049000000000000000000000000FFA7000000000000000000000000003C56
15.88,100963.73,30.12,19,9,2024,2,34,48,47.61483,-122.177791,89,17,7,0049,-0.2,0.5,-0.2,0.5,-1.3,6544.7,0.0,0.0,0,0.0,0.0,A052,59001100070049FFFFE00005FFFFE00005FFF3FFA700000000000000000000000000A052
15.92,100963.86,30.11,19,9,2024,2,34,48,47.61483,-122.177791,89,18,8,0049,-0.2,0.5,-0.2,0.5,-1.3,6547.3,0.0,0.0,0,0.0,0.0,9286,59001200080049FFFFE00005FFFFE00005FFF3FFC1000000000000000000000000009286
15.95,100963.66,30.12,19,9,2024,2,34,50,47.614841,-122.177815,89,19,9,0049,-0.2,0.5,-0.2,0.5,-1.3,6548.2,0.0,0.0,0,0.0,0.0,E7C2,59001300090049FFFFE00005FFFFE00005FFF3FFCA00000000000000000000000000E7C2
15.98,100963.19,30.16,19,9,2024,2,34,51,47.614858999999996,-122.177815,89,20,9,0049,-0.2,0.5,-0.2,0.5,-1.3,1.5,0.0,0.0,0,0.0,0.0,BB9F,59001400090049FFFFE00005FFFFE00005FFF3000F00000000000000000000000000BB9F
16.01,100962.61,30.21,19,9,2024,2,34,52,47.614875999999995,-122.17783899999999,89,21,9,0049,-0.2,0.5,-0.2,0.5,-1.3,6548.2,0.0,0.0,0,0.0,0.0,8FCA,59001500090049FFFFE00005FFFFE00005FFF3FFCA000000000000000000000000008FCA
16.02,100962.72,30.2,19,9,2024,2,34,53,47.614875,-122.17783999999999,89,22,9,0049,-0.2,0.5,-0.2,0.5,-1.3,6546.4,0.0,0.0,0,0.0,0.0,E2EA,59001600090049FFFFE00005FFFFE00005FFF3FFB800000000000000000000000000E2EA
16.04,100962.73,30.2,19,9,2024,2,34,54,47.614871,-122.177842,89,23,10,0049,-1.2000000000000002,1.0,-1.2000000000000002,1.0,-1.7000000000000002,6546.4,0.0,0.0,0,0.0,0.0,354C,590017000A0049FFFF40000AFFFF40000AFFEFFFB800000000000000000000000000354C
16.07,100961.48,30.3,19,9,2024,2,34,55,47.614864999999995,-122.177855,89,24,12,0049,-2.1,0.8,-2.1,0.8,-2.1,6549.0,0.0,0.0,0,0.0,0.0,8BA1,590018000C0049FFFEB00008FFFEB00008FFEBFFD2000000000000000000000000008BA1
16.1,100960.89,30.35,19,9,2024,2,34,56,47.614864,-122.17786,89,25,13,0049,-3.0,0.0,-3.0,0.0,-2.8000000000000003,6548.2,0.0,0.0,0,0.0,0.0,8100,590019000D0049FFFE200000FFFE200000FFE4FFCA000000000000000000000000008100
16.12,100960.48,30.39,19,9,2024,2,34,57,47.614866,-122.177849,89,26,14,0049,-3.6,-1.2000000000000002,-3.6,-1.2000000000000002,-3.5,6542.9,0.0,0.0,0,0.0,0.0,829A,59001A000E0049FFFDCFFFF4FFFDCFFFF4FFDDFF9500000000000000000000000000829A
16.15,100959.89,30.44,19,9,2024,2,34,58,47.614861999999995,-122.17786699999999,89,27,15,0049,-3.6,-1.2000000000000002,-3.6,-1.2000000000000002,-3.5,6537.8,0.0,0.0,0,0.0,0.0,E802,59001B000F0049FFFDCFFFF4FFFDCFFFF4FFDDFF6200000000000000000000000000E802
16.18,100959.52,30.47,19,9,2024,2,34,59,47.614861999999995,-122.17787899999999,89,28,16,0049,-3.6,-2.6,-3.6,-2.6,-4.5,6537.7,0.0,0.0,0,0.0,0.0,3B19,59001C00100049FFFDCFFFE6FFFDCFFFE6FFD3FF61000000000000000000000000003B19
16.21,100960.04,30.42,19,9,2024,2,35,0,47.614861,-122.177887,89,29,18,0049,-3.5,-3.9000000000000004,-3.5,-3.9000000000000004,-4.6000000000000005,6539.4,0.0,0.0,0,0.0,0.0,39B7,59001D00120049FFFDDFFFD9FFFDDFFFD9FFD2FF720000000000000000000000000039B7
16.25,100960.77,30.36,19,9,2024,2,35,1,47.614861,-122.17788999999999,89,30,19,0049,-5.9,-0.2,-3.0,-5.1000000000000005,-4.0,6539.4,0.0,0.0,0,1.005615234375,0.0,72F8,59001E00130049FFFC5FFFFEFFFE2FFFCDFFD8FF72000000000000000000202E000072F8
16.28,100961.22,30.33,19,9,2024,2,35,2,47.61486,-122.17789099999999,89,31,21,0049,-6.300000000000001,-1.6,-2.1,-6.2,-3.7,6542.1,0.0,0.0,0,1.005615234375,0.0,E4A1,59001F00150049FFFC1FFFF0FFFEBFFFC2FFDBFF8D000000000000000000202E0000E4A1
16.32,100961.31,30.32,19,9,2024,2,35,3,47.614861999999995,-122.17788999999999,89,32,22,0049,-6.1000000000000005,-2.9000000000000004,-0.8,-6.7,-4.3,6542.1,0.0,0.0,0,1.005615234375,0.0,FDF4,59002000160049FFFC3FFFE3FFFF8FFFBDFFD5FF8D000000000000000000202E0000FDF4
16.35,100961.97,30.26,19,9,2024,2,35,4,47.614864,-122.177882,89,33,23,0049,-4.9,-3.5,0.30000000000000004,-6.0,-5.0,6542.9,0.0,0.0,0,1.005615234375,0.0,0B4F,59002100170049FFFCFFFFDD00003FFFC4FFCEFF95000000000000000000202E00000B4F
16.37,100961.81,30.28,19,9,2024,2,35,5,47.614866,-122.17786799999999,89,34,24,0049,-3.8000000000000003,-4.2,1.5,-5.4,-5.4,6542.9,0.0,0.0,0,1.005615234375,0.0,1033,59002200180049FFFDAFFFD60000FFFFCAFFCAFF95000000000000000000202E00001033
16.4,100962.33,30.23,19,9,2024,2,35,6,47.614872,-122.177852,89,35,25,0049,-3.8000000000000003,-4.2,1.5,-5.4,-5.4,6541.2,0.0,0.0,0,1.005615234375,0.0,9763,59002300190049FFFDAFFFD60000FFFFCAFFCAFF84000000000000000000202E00009763
16.43,100962.7,30.2,19,9,2024,2,35,7,47.614877,-122.177837,89,36,26,0049,-2.4000000000000004,-4.5,2.5,-4.5,-5.300000000000001,6547.3,0.0,0.0,0,1.005615234375,0.0,5422,590024001A0049FFFE8FFFD300019FFFD3FFCBFFC1000000000000000000202E00005422
16.45,100963.05,30.17,19,9,2024,2,35,8,47.614889,-122.17782799999999,89,37,27,0049,-1.5,-3.7,2.4000000000000004,-3.2,-5.6000000000000005,6548.9,0.0,0.0,0,1.005615234375,0.0,7DDD,590025001B0049FFFF1FFFDB00018FFFE0FFC8FFD1000000000000000000202E00007DDD
16.48,100961.52,30.3,19,9,2024,2,35,9,47.614897,-122.177824,89,38,28,0049,-1.0,-2.5,1.6,-2.2,-6.6000000000000005,6544.6,0.0,0.0,0,1.005615234375,0.0,450A,590026001C0049FFFF6FFFE700010FFFEAFFBEFFA6000000000000000000202E0000450A
16.5,100959.48,30.47,19,9,2024,2,35,10,47.614902,-122.17782,89,39,29,0049,-1.0,-1.1,0.4,-1.4000000000000001,-8.1,6546.4,0.0,0.0,0,1.005615234375,0.0,0767,590027001D0049FFFF6FFFF500004FFFF2FFAFFFB8000000000000000000202E00000767
16.52,100957.79,30.61,19,9,2024,2,35,11,47.614905,-122.17781799999999,89,40,29,0049,-1.0,-1.1,0.4,-1.4000000000000001,-8.1,6549.8,0.0,0.0,0,1.005615234375,0.0,45BB,590028001D0049FFFF6FFFF500004FFFF2FFAFFFDA000000000000000000202E000045BB
16.54,100956.33,30.73,19,9,2024,2,35,12,47.614906999999995,-122.17781699999999,89,41,30,0049,-0.7000000000000001,0.1,-0.5,-0.5,-8.3,6553.3,0.0,0.0,0,1.005615234375,0.0,448B,590029001E0049FFFF900001FFFFBFFFFBFFADFFFD000000000000000000202E0000448B
16.54,100953.79,30.95,19,9,2024,2,35,13,47.614912,-122.177814,89,42,32,0049,0.30000000000000004,0.30000000000000004,-0.1,0.5,-8.4,6547.3,0.0,0.0,0,1.005615234375,0.0,D47F,59002A002000490000300003FFFFF00005FFACFFC1000000000000000000202E0000D47F
16.59,100954.84,30.86,19,9,2024,2,35,14,47.614925,-122.177808,89,43,33,0049,0.30000000000000004,0.30000000000000004,-0.1,0.5,-8.4,6546.4,0.0,0.0,0,1.005615234375,0.0,DFE7,59002B002100490000300003FFFFF00005FFACFFB8000000000000000000202E0000DFE7
16.62,100955.75,30.78,19,9,2024,2,35,15,47.614937,-122.177804,89,44,33,0049,0.30000000000000004,0.30000000000000004,-0.1,0.5,-8.4,6548.2,0.0,0.0,0,1.005615234375,0.0,953F,59002C002100490000300003FFFFF00005FFACFFCA000000000000000000202E0000953F
16.65,100956.37,30.73,19,9,2024,2,35,16,47.614948999999996,-122.17780099999999,89,45,33,0049,0.30000000000000004,0.30000000000000004,-0.1,0.5,-8.4,6545.5,0.0,0.0,0,1.005615234375,0.0,CDD1,59002D002100490000300003FFFFF00005FFACFFAF000000000000000000202E0000CDD1
16.69,100957.15,30.67,19,9,2024,2,35,17,47.614962,-122.177803,89,46,34,0049,0.8,0.30000000000000004,0.2,0.8,-8.4,6545.5,0.0,0.0,0,1.005615234375,0.0,0CA3,59002E0022004900008000030000200008FFACFFAF000000000000000000202E00000CA3
16.7,100956.72,30.7,19,9,2024,2,35,18,47.614978,-122.17778999999999,89,47,36,0049,2.3000000000000003,0.2,1.1,2.0,-8.6,6544.6,0.0,0.0,0,1.005615234375,0.0,FAE2,59002F0024004900017000020000B00014FFAAFFA6000000000000000000202E0000FAE2
16.73,100956.83,30.69,19,9,2024,2,35,19,47.614993999999996,-122.177781,89,48,37,0049,3.7,0.2,1.8,3.2,-9.3,6544.6,0.0,0.0,0,1.005615234375,0.0,85DE,5900300025004900025000020001200020FFA3FFA6000000000000000000202E000085DE
16.76,100957.0,30.68,19,9,2024,2,35,20,47.615015,-122.17777199999999,89,49,39,0049,5.1000000000000005,-0.1,2.7,4.3,-9.700000000000001,6545.5,0.0,0.0,0,1.03369140625,0.0,10B5,5900310027004900033FFFFF0001B0002BFF9FFFAF0000000000000000002114000010B5
16.78,100955.2,30.83,19,9,2024,2,35,21,47.615030999999995,-122.177763,89,50,41,0049,6.5,-0.6000000000000001,3.9000000000000004,5.300000000000001,-10.100000000000001,6542.8,0.0,0.0,0,1.03369140625,0.0,67EB,5900320029004900041FFFFA0002700035FF9BFF940000000000000000002114000067EB
16.79,100953.83,30.94,19,9,2024,2,35,22,47.615044999999995,-122.17775499999999,89,51,42,0049,8.0,-0.9,4.9,6.4,-10.200000000000001,6542.9,0.0,0.0,0,1.03369140625,0.0,F82A,590033002A004900050FFFF70003100040FF9AFF9500000000000000000021140000F82A
16.81,100951.62,31.13,19,9,2024,2,35,23,47.615057,-122.177752,89,52,43,0049,9.4,-1.4000000000000001,6.0,7.4,-11.0,6545.5,0.0,0.0,0,1.03369140625,0.0,8AFD,590034002B00490005EFFFF20003C0004AFF92FFAF000000000000000000211400008AFD
16.83,100949.8,31.28,19,9,2024,2,35,24,47.615068,-122.177751,89,53,44,0049,10.9,-1.9000000000000001,7.2,8.4,-11.9,6545.5,0.0,0.0,0,1.03369140625,0.0,457E,590035002C00490006DFFFED0004800054FF89FFAF00000000000000000021140000457E
16.85,100948.88,31.36,19,9,2024,2,35,25,47.615078999999994,-122.17774899999999,89,54,46,0049,12.4,-2.3000000000000003,8.3,9.5,-12.600000000000001,6544.6,0.0,0.0,0,1.03369140625,0.0,405C,590036002E00490007CFFFE9000530005FFF82FFA600000000000000000021140000405C
16.87,100949.89,31.27,19,9,2024,2,35,26,47.615089999999995,-122.177748,89,55,48,0049,13.8,-2.8000000000000003,9.5,10.4,-13.4,6544.6,0.0,0.0,0,1.03369140625,0.0,5879,590037003000490008AFFFE40005F00068FF7AFFA6000000000000000000211400005879
16.92,100950.5,31.22,19,9,2024,2,35,27,47.615102,-122.177747,89,56,49,0049,15.3,-3.3000000000000003,10.700000000000001,11.4,-14.200000000000001,6543.7,0.0,0.0,0,1.03369140625,0.0,473C,5900380031004900099FFFDF0006B00072FF72FF9D00000000000000000021140000473C
16.95,100951.27,31.16,19,9,2024,2,35,28,47.615117999999995,-122.177753,89,57,51,0049,16.7,-3.7,11.700000000000001,12.5,-15.100000000000001,6542.8,0.0,0.0,0,1.03369140625,0.0,B7DF,59003900330049000A7FFFDB000750007DFF69FF9400000000000000000021140000B7DF
16.98,100951.45,31.14,19,9,2024,2,35,29,47.615131,-122.177754,89,58,53,0049,18.2,-4.4,13.0,13.4,-15.8,6544.6,0.0,0.0,0,1.03369140625,0.0,722E,59003A00350049000B6FFFD40008200086FF62FFA600000000000000000021140000722E
17.01,100952.22,31.08,19,9,2024,2,35,30,47.615144,-122.17776099999999,89,59,55,0049,19.6,-4.800000000000001,14.100000000000001,14.4,-16.0,6544.6,0.0,0.0,0,1.03369140625,0.0,0E5A,59003B00370049000C4FFFD00008D00090FF60FFA6000000000000000000211400000E5A
17.03,100952.12,31.09,19,9,2024,2,35,31,47.615159,-122.177763,89,60,57,0049,21.1,-5.300000000000001,15.3,15.4,-16.6,6547.2,0.0,0.0,0,1.03369140625,0.0,BD4E,59003C00390049000D3FFFCB000990009AFF5AFFC000000000000000000021140000BD4E
17.06,100952.08,31.09,19,9,2024,2,35,32,47.615176,-122.177754,89,61,58,0049,21.1,-5.300000000000001,15.3,15.4,-16.6,6541.0,0.0,0.0,0,1.03369140625,0.0,2F25,59003D003A0049000D3FFFCB000990009AFF5AFF82000000000000000000211400002F25
17.09,100951.25,31.16,19,9,2024,2,35,33,47.615187,-122.17775599999999,89,62,59,0049,22.3,-6.5,16.400000000000002,16.400000000000002,-17.3,6541.0,0.0,0.0,0,1.06640625,0.0,C169,59003E003B0049000DFFFFBF000A4000A4FF53FF8200000000000000000022200000C169
17.11,100948.89,31.36,19,9,2024,2,35,34,47.615198,-122.177759,89,63,61,0049,23.6,-7.1000000000000005,17.6,17.2,-17.8,6543.7,0.0,0.0,0,1.06640625,0.0,E174,59003F003D0049000ECFFFB9000B0000ACFF4EFF9D00000000000000000022200000E174
17.12,100946.85,31.53,19,9,2024,2,35,35,47.615212,-122.177764,89,64,63,0049,25.0,-7.6000000000000005,18.7,18.2,-18.8,6540.1,0.0,0.0,0,1.06640625,0.0,DCE2,590040003F0049000FAFFFB4000BB000B6FF44FF7900000000000000000022200000DCE2
17.15,100944.98,31.68,19,9,2024,2,35,36,47.615227999999995,-122.17777099999999,89,65,65,0049,26.3,-8.1,19.8,19.1,-19.900000000000002,6539.2,0.0,0.0,0,1.06640625,0.0,11C9,5900410041004900107FFFAF000C6000BFFF39FF700000000000000000002220000011C9
17.17,100942.61,31.88,19,9,2024,2,35,37,47.615244999999994,-122.177782,89,66,66,0049,27.6,-8.700000000000001,21.0,20.0,-20.8,6537.5,0.0,0.0,0,1.06640625,0.0,6D9A,5900420042004900114FFFA9000D2000C8FF30FF5F000000000000000000222000006D9A
17.19,100940.47,32.06,19,9,2024,2,35,38,47.615263999999996,-122.17778799999999,89,67,67,0049,28.900000000000002,-9.3,22.200000000000003,20.8,-21.200000000000003,6537.5,0.0,0.0,0,1.06640625,0.0,98D7,5900430043004900121FFFA3000DE000D0FF2CFF5F0000000000000000002220000098D7
17.21,100941.34,31.99,19,9,2024,2,35,39,47.61528,-122.177793,89,68,69,0049,30.200000000000003,-10.100000000000001,23.400000000000002,21.6,-22.0,6539.2,0.0,0.0,0,1.06640625,0.0,6E74,590044004500490012EFFF9B000EA000D8FF24FF70000000000000000000222000006E74
17.25,100941.45,31.98,19,9,2024,2,35,40,47.615294999999996,-122.17779499999999,89,69,71,0049,31.700000000000003,-10.700000000000001,24.700000000000003,22.6,-23.0,6538.3,0.0,0.0,0,1.06640625,0.0,FC90,590045004700490013DFFF95000F7000E2FF1AFF6700000000000000000022200000FC90
17.29,100942.02,31.93,19,9,2024,2,35,41,47.615307,-122.177792,89,70,72,0049,32.9,-11.700000000000001,26.1,23.1,-23.8,6535.8,0.0,0.0,0,1.06640625,0.0,F182,5900460048004900149FFF8B00105000E7FF12FF4E00000000000000000022200000F182
17.32,100942.96,31.85,19,9,2024,2,35,42,47.615319,-122.177786,89,71,73,0049,34.1,-12.600000000000001,27.5,23.8,-24.700000000000003,6533.2,0.0,0.0,0,1.06640625,0.0,9BC5,5900470049004900155FFF8200113000EEFF09FF34000000000000000000222000009BC5
17.35,100943.33,31.82,19,9,2024,2,35,43,47.615328999999996,-122.17778,89,72,74,0049,35.5,-13.200000000000001,28.700000000000003,24.700000000000003,-25.6,6534.9,0.0,0.0,0,1.06640625,0.0,E49A,590048004A004900163FFF7C0011F000F7FF00FF4500000000000000000022200000E49A
17.36,100943.44,31.81,19,9,2024,2,35,44,47.615338,-122.17777,89,73,76,0049,37.0,-13.5,29.700000000000003,25.900000000000002,-26.400000000000002,6535.7,0.0,0.0,0,1.06640625,0.0,65E5,590049004C004900172FFF790012900103FEF8FF4D0000000000000000002220000065E5
17.39,100943.33,31.82,19,9,2024,2,35,45,47.615345999999995,-122.17775599999999,89,74,77,0049,38.5,-13.5,30.400000000000002,27.200000000000003,-27.200000000000003,6532.2,0.0,0.0,0,1.06640625,0.0,FEB4,59004A004D004900181FFF790013000110FEF0FF2A00000000000000000022200000FEB4
17.42,100943.39,31.82,19,9,2024,2,35,46,47.61535,-122.177736,89,75,79,0049,39.800000000000004,-13.9,31.0,28.6,-27.700000000000003,6531.3,0.0,0.0,0,1.08056640625,0.0,7EA9,59004B004F00490018EFFF75001360011EFEEBFF21000000000000000000229400007EA9
17.43,100941.17,32.0,19,9,2024,2,35,47,47.615351,-122.17771499999999,89,76,80,0049,41.300000000000004,-13.4,31.3,30.1,-28.700000000000003,6532.2,0.0,0.0,0,1.08056640625,0.0,E1A9,59004C005000490019DFFF7A001390012DFEE1FF2A00000000000000000022940000E1A9
17.45,100939.42,32.15,19,9,2024,2,35,48,47.615353,-122.177695,89,77,81,0049,42.6,-12.600000000000001,31.200000000000003,31.6,-29.8,6528.7,0.0,0.0,0,1.08056640625,0.0,7E41,59004D00510049001AAFFF82001380013CFED6FF07000000000000000000229400007E41
17.45,100937.27,32.33,19,9,2024,2,35,49,47.615351,-122.177674,89,78,82,0049,43.400000000000006,-11.4,30.5,32.9,-31.5,6528.7,0.0,0.0,0,1.08056640625,0.0,BEE3,59004E00520049001B2FFF8E0013100149FEC5FF0700000000000000000022940000BEE3
17.48,100935.38,32.48,19,9,2024,2,35,50,47.615353,-122.17765999999999,89,79,82,0049,43.400000000000006,-11.4,30.5,32.9,-31.5,6528.7,0.0,0.0,0,1.08056640625,0.0,8AE7,59004F00520049001B2FFF8E0013100149FEC5FF07000000000000000000229400008AE7
17.49,100932.86,32.69,19,9,2024,2,35,51,47.615355,-122.177641,89,80,83,0049,44.1,-10.0,29.6,34.2,-33.4,6521.7,0.0,0.0,0,1.08056640625,0.0,0A8A,59005000530049001B9FFF9C0012800156FEB2FEC1000000000000000000229400000A8A
17.54,100932.41,32.73,19,9,2024,2,35,53,47.615356,-122.177602,89,82,85,0049,45.400000000000006,-7.2,27.8,36.7,-36.5,6523.5,0.0,0.0,0,1.08056640625,0.0,85EA,59005200550049001C6FFFB8001160016FFE93FED30000000000000000002294000085EA
17.57,100932.06,32.76,19,9,2024,2,35,54,47.615353999999996,-122.177583,89,83,86,0049,46.1,-5.9,26.900000000000002,37.9,-39.0,6520.9,0.0,0.0,0,1.08056640625,0.0,B75B,59005300560049001CDFFFC50010D0017BFE7AFEB900000000000000000022940000B75B
17.61,100930.91,32.86,19,9,2024,2,35,56,47.615348999999995,-122.177544,89,85,88,0049,47.5,-3.2,25.200000000000003,40.5,-42.2,6520.8,0.0,0.0,0,1.08056640625,0.0,B886,59005500580049001DBFFFE0000FC00195FE5AFEB800000000000000000022940000B886
17.62,100930.03,32.93,19,9,2024,2,35,57,47.615345,-122.177526,89,86,89,0049,48.300000000000004,-1.8,24.400000000000002,41.800000000000004,-43.900000000000006,6520.8,0.0,0.0,0,1.08056640625,0.0,0ECB,59005600590049001E3FFFEE000F4001A2FE49FEB8000000000000000000229400000ECB
17.66,100929.14,33.01,19,9,2024,2,35,59,47.615348999999995,-122.17747999999999,89,88,92,0049,49.5,1.0,22.5,44.1,-47.6,6520.8,0.0,0.0,0,1.08056640625,0.0,8529,590058005C0049001EF0000A000E1001B9FE24FEB8000000000000000000229400008529
17.67,100926.27,33.25,19,9,2024,2,36,0,47.615356,-122.177458,89,89,94,0049,50.0,2.4000000000000004,21.400000000000002,45.300000000000004,-49.0,6514.7,0.0,0.0,0,1.08056640625,0.0,C391,590059005E0049001F400018000D6001C5FE16FE7B00000000000000000022940000C391
17.68,100923.17,33.5,19,9,2024,2,36,1,47.615362,-122.177433,89,90,96,0049,50.6,3.8000000000000003,20.5,46.400000000000006,-50.300000000000004,6514.7,0.0,0.0,0,1.08056640625,0.0,BC72,59005A00600049001FA00026000CD001D0FE09FE7B00000000000000000022940000BC72
17.68,100920.3,33.74,19,9,2024,2,36,2,47.615367,-122.17740699999999,89,91,97,0049,51.400000000000006,5.1000000000000005,19.6,47.7,-51.900000000000006,6513.9,0.0,0.0,0,1.08056640625,0.0,B7CA,59005B006100490020200033000C4001DDFDF9FE7300000000000000000022940000B7CA
17.7,100917.21,34.0,19,9,2024,2,36,4,47.615373,-122.17737299999999,89,93,101,0049,53.1,9.700000000000001,18.7,50.7,-54.0,6512.9,0.0,0.0,0,1.0372314453125,0.0,E67E,59005D006500490021300061000BB001FBFDE4FE6900000000000000000021310000E67E
17.73,100916.83,34.03,19,9,2024,2,36,5,47.61537,-122.17735499999999,89,94,103,0049,54.2,10.9,18.2,52.2,-54.800000000000004,6513.0,0.0,0.0,0,1.0372314453125,0.0,7EF4,59005E006700490021E0006D000B60020AFDDCFE6A000000000000000000213100007EF4
17.77,100917.48,33.98,19,9,2024,2,36,7,47.615375,-122.17732099999999,89,96,106,0049,55.900000000000006,13.3,16.900000000000002,54.900000000000006,-56.800000000000004,6513.0,0.0,0.0,0,1.0372314453125,0.0,685E,590060006A00490022F00085000A900225FDC8FE6A00000000000000000021310000685E
17.79,100917.59,33.97,19,9,2024,2,36,8,47.615376,-122.177308,89,97,107,0049,56.2,14.9,15.8,55.900000000000006,-57.5,6514.7,0.0,0.0,0,1.0372314453125,0.0,44B8,590061006B004900232000950009E0022FFDC1FE7B0000000000000000002131000044B8
17.81,100917.42,33.98,19,9,2024,2,36,9,47.615378,-122.177291,89,98,109,0049,56.5,16.3,14.700000000000001,57.0,-58.400000000000006,6519.8,0.0,0.0,0,1.0372314453125,0.0,C6A7,590062006D004900235000A3000930023AFDB8FEAE00000000000000000021310000C6A7
17.82,100917.24,34.0,19,9,2024,2,36,10,47.615378,-122.177281,89,99,110,0049,57.2,17.7,13.8,58.300000000000004,-59.400000000000006,6512.9,0.0,0.0,0,1.0372314453125,0.0,D28F,590063006E00490023C000B10008A00247FDAEFE6900000000000000000021310000D28F
17.84,100917.08,34.01,19,9,2024,2,36,11,47.615372,-122.177278,89,100,110,0049,57.2,17.7,13.8,58.300000000000004,-59.400000000000006,6512.9,0.0,0.0,0,1.0372314453125,0.0,A97B,590064006E00490023C000B10008A00247FDAEFE6900000000000000000021310000A97B
17.85,100917.08,34.01,19,9,2024,2,36,12,47.615364,-122.177284,89,101,111,0049,58.1,19.0,13.100000000000001,59.7,-60.1,6512.9,0.0,0.0,0,1.0372314453125,0.0,E5E2,590065006F004900245000BE0008300255FDA7FE6900000000000000000021310000E5E2
17.85,100914.27,34.25,19,9,2024,2,36,13,47.615372,-122.17731599999999,89,102,112,0049,59.0,20.3,12.5,61.1,-61.300000000000004,6508.5,0.0,0.0,0,1.0372314453125,0.0,C380,590066007000490024E000CB0007D00263FD9BFE3D00000000000000000021310000C380
17.86,100912.66,34.38,19,9,2024,2,36,14,47.615373999999996,-122.177342,89,103,113,0049,59.400000000000006,21.6,11.600000000000001,62.2,-62.6,6505.9,0.0,0.0,0,1.0372314453125,0.0,573C,5900670071004900252000D8000740026EFD8EFE2300000000000000000021310000573C
17.86,100910.66,34.55,19,9,2024,2,36,15,47.615368,-122.177359,89,104,114,0049,58.7,22.6,10.4,62.1,-63.2,6509.4,0.0,0.0,0,1.0372314453125,0.0,0B92,590068007200490024B000E2000680026DFD88FE46000000000000000000213100000B92
17.86,100908.67,34.72,19,9,2024,2,36,16,47.615359,-122.177375,89,105,115,0049,57.400000000000006,22.5,9.8,60.800000000000004,-63.1,6509.4,0.0,0.0,0,1.0372314453125,0.0,D3DE,590069007300490023E000E10006200260FD89FE4600000000000000000021310000D3DE
17.85,100905.14,35.01,19,9,2024,2,36,17,47.615345999999995,-122.177385,89,106,115,0049,57.400000000000006,22.5,9.8,60.800000000000004,-63.1,6507.6,0.0,0.0,0,1.0372314453125,0.0,56B9,59006A007300490023E000E10006200260FD89FE340000000000000000002131000056B9
17.86,100905.03,35.02,19,9,2024,2,36,18,47.615334,-122.177388,89,107,117,0049,54.7,20.5,10.200000000000001,57.5,-63.1,6509.3,0.0,0.0,0,1.0372314453125,0.0,48D2,59006B0075004900223000CD000660023FFD89FE450000000000000000002131000048D2
17.9,100908.17,34.76,19,9,2024,2,36,20,47.615314999999995,-122.177402,89,109,121,0049,51.300000000000004,20.700000000000003,9.8,54.400000000000006,-63.2,6507.6,0.0,0.0,0,1.008544921875,0.0,1340,59006D0079004900201000CF0006200220FD88FE34000000000000000000204600001340
17.92,100909.72,34.63,19,9,2024,2,36,20,47.615314999999995,-122.177402,89,110,123,0049,49.800000000000004,20.3,9.4,53.0,-63.5,6515.3,0.0,0.0,0,1.008544921875,0.0,6770,59006E007B0049001F2000CB0005E00212FD85FE81000000000000000000204600006770
17.93,100911.64,34.47,19,9,2024,2,36,22,47.615314999999995,-122.177402,89,111,124,0049,48.300000000000004,20.0,8.9,51.6,-63.400000000000006,6512.8,0.0,0.0,0,1.008544921875,0.0,9E75,59006F007C0049001E3000C80005900204FD86FE68000000000000000000204600009E75
17.94,100912.15,34.42,19,9,2024,2,36,22,47.615314999999995,-122.177402,89,112,126,0049,46.800000000000004,20.1,8.0,50.300000000000004,-63.400000000000006,6514.5,0.0,0.0,0,1.008544921875,0.0,5254,590070007E0049001D4000C900050001F7FD86FE79000000000000000000204600005254
17.85,100896.53,35.73,19,9,2024,2,36,22,47.615314999999995,-122.177402,89,113,127,0049,45.400000000000006,20.3,7.0,49.2,-63.2,6511.9,0.0,0.0,0,1.008544921875,0.0,2CEE,590071007F0049001C6000CB00046001ECFD88FE5F000000000000000000204600002CEE
17.81,100888.69,36.38,19,9,2024,2,36,25,47.615372,-122.177639,89,114,128,0049,44.1,20.700000000000003,6.0,48.300000000000004,-63.1,6511.9,0.0,0.0,0,1.008544921875,0.0,F291,59007200800049001B9000CF0003C001E3FD89FE5F00000000000000000020460000F291
17.81,100887.03,36.52,19,9,2024,2,36,27,47.615221999999996,-122.177661,89,116,129,0049,42.7,21.0,5.0,47.300000000000004,-63.0,6507.5,0.0,0.0,0,1.008544921875,0.0,73C7,59007400810049001AB000D200032001D9FD8AFE330000000000000000002046000073C7
17.78,100881.64,36.97,19,9,2024,2,36,28,47.615241,-122.17749599999999,89,117,130,0049,41.300000000000004,21.200000000000003,4.1000000000000005,46.2,-63.5,6512.7,0.0,0.0,0,1.008544921875,0.0,4130,590075008200490019D000D400029001CEFD85FE67000000000000000000204600004130
17.75,100875.28,37.5,19,9,2024,2,36,29,47.615218,-122.17748599999999,89,118,131,0049,39.800000000000004,21.3,3.2,45.0,-63.900000000000006,6513.6,0.0,0.0,0,1.008544921875,0.0,B027,590076008300490018E000D500020001C2FD81FE7000000000000000000020460000B027
17.73,100871.88,37.79,19,9,2024,2,36,30,47.615193999999995,-122.17747,89,119,133,0049,38.400000000000006,21.6,2.2,44.0,-63.900000000000006,6514.4,0.0,0.0,0,1.008544921875,0.0,3D4C,5900770085004900180000D800016001B8FD81FE78000000000000000000204600003D4C
17.78,100878.16,37.26,19,9,2024,2,36,31,47.615182999999995,-122.177461,89,120,135,0049,37.0,22.0,1.1,43.0,-64.2,6512.7,0.0,0.0,0,1.008544921875,0.0,5E2A,5900780087004900172000DC0000B001AEFD7EFE67000000000000000000204600005E2A
17.81,100883.56,36.81,19,9,2024,2,36,32,47.615173,-122.17745,89,121,136,0049,35.5,22.400000000000002,-0.1,42.0,-64.60000000000001,6517.0,0.0,0.0,0,1.008544921875,0.0,F316,5900790088004900163000E0FFFFF001A4FD7AFE9200000000000000000020460000F316
17.85,100888.58,36.39,19,9,2024,2,36,33,47.615156999999996,-122.177431,89,122,138,0049,34.1,23.0,-1.3,41.1,-64.8,6519.6,0.0,0.0,0,1.008544921875,0.0,8B31,59007A008A004900155000E6FFFF30019BFD78FEAC000000000000000000204600008B31
17.87,100892.65,36.05,19,9,2024,2,36,34,47.615137999999995,-122.177409,89,123,140,0049,32.1,24.200000000000003,-2.4000000000000004,40.2,-64.7,6518.7,0.0,0.0,0,0.9849853515625,0.0,A1E0,59007B008C004900141000F2FFFE800192FD79FEA30000000000000000001F850000A1E0
17.91,100896.12,35.76,19,9,2024,2,36,35,47.615123,-122.17738299999999,89,124,141,0049,30.700000000000003,24.6,-3.5,39.2,-65.0,6520.5,0.0,0.0,0,0.9849853515625,0.0,2398,59007C008D004900133000F6FFFDD00188FD76FEB50000000000000000001F8500002398
17.94,100899.92,35.45,19,9,2024,2,36,36,47.615103999999995,-122.17738,89,125,143,0049,29.200000000000003,25.0,-4.6000000000000005,38.1,-65.0,6516.1,0.0,0.0,0,0.9849853515625,0.0,7DF7,59007D008F004900124000FAFFFD20017DFD76FE890000000000000000001F8500007DF7
17.95,100901.21,35.34,19,9,2024,2,36,37,47.615085,-122.17737299999999,89,126,145,0049,27.700000000000003,25.3,-5.800000000000001,37.1,-64.8,6516.9,0.0,0.0,0,0.9849853515625,0.0,7F03,59007E0091004900115000FDFFFC600173FD78FE910000000000000000001F8500007F03
17.98,100904.18,35.09,19,9,2024,2,36,38,47.615071,-122.177363,89,127,146,0049,26.3,25.6,-6.800000000000001,36.0,-65.0,6516.1,0.0,0.0,0,0.9849853515625,0.0,74A0,59007F009200490010700100FFFBC00168FD76FE890000000000000000001F85000074A0
17.94,100896.23,35.75,19,9,2024,2,36,39,47.615055,-122.17734999999999,89,128,148,0049,24.900000000000002,26.1,-8.0,35.2,-65.10000000000001,6512.7,0.0,0.0,0,0.9849853515625,0.0,9A66,59008000940049000F900105FFFB000160FD75FE670000000000000000001F8500009A66
17.92,100892.77,36.04,19,9,2024,2,36,40,47.615041999999995,-122.177341,89,129,150,0049,23.400000000000002,26.6,-9.200000000000001,34.2,-64.9,6510.9,0.0,0.0,0,0.9849853515625,0.0,8317,59008100960049000EA0010AFFFA400156FD77FE550000000000000000001F8500008317
17.92,100890.33,36.25,19,9,2024,2,36,41,47.61503,-122.177337,89,130,151,0049,22.0,27.0,-10.3,33.2,-65.0,6517.8,0.0,0.0,0,0.9849853515625,0.0,5EFC,59008200970049000DC0010EFFF990014CFD76FE9A0000000000000000001F8500005EFC
17.9,100887.03,36.52,19,9,2024,2,36,42,47.615018,-122.177337,89,131,153,0049,20.5,27.3,-11.4,32.2,-65.10000000000001,6518.6,0.0,0.0,0,0.9849853515625,0.0,357F,59008300990049000CD00111FFF8E00142FD75FEA20000000000000000001F850000357F
17.9,100885.63,36.64,19,9,2024,2,36,43,47.614999999999995,-122.17735499999999,89,132,155,0049,19.1,27.8,-12.600000000000001,31.3,-65.2,6521.3,0.0,0.0,0,0.9849853515625,0.0,F2DD,590084009B0049000BF00116FFF8200139FD74FEBD0000000000000000001F850000F2DD
17.94,100890.27,36.25,19,9,2024,2,36,44,47.614988,-122.177354,89,133,156,0049,17.7,28.0,-13.600000000000001,30.200000000000003,-65.2,6517.8,0.0,0.0,0,0.9849853515625,0.0,2315,590085009C0049000B100118FFF780012EFD74FE9A0000000000000000001F8500002315
17.96,100894.02,35.94,19,9,2024,2,36,45,47.614984,-122.177359,89,134,157,0049,16.2,28.5,-14.700000000000001,29.200000000000003,-64.9,6514.3,0.0,0.0,0,0.9849853515625,0.0,05DE,590086009D0049000A20011DFFF6D00124FD77FE770000000000000000001F85000005DE
18.0,100897.77,35.63,19,9,2024,2,36,46,47.614979999999996,-122.177375,89,135,159,0049,15.700000000000001,28.200000000000003,-15.700000000000001,28.200000000000003,-65.2,6514.3,0.0,0.0,0,1.0174560546875,0.0,E91C,590087009F00490009D0011AFFF630011AFD74FE77000000000000000000208F0000E91C
18.03,100900.3,35.41,19,9,2024,2,36,46,47.614979999999996,-122.177375,89,136,160,0049,14.4,27.700000000000003,-16.0,26.8,-66.0,6516.9,0.0,0.0,0,1.0174560546875,0.0,55BF,59008800A000490009000115FFF600010CFD6CFE91000000000000000000208F000055BF
182.32,151463.45,655.35,19,9,2024,2,36,46,47.614979999999996,-122.177375,89,137,162,0049,13.600000000000001,26.400000000000002,-15.4,25.5,-67.60000000000001,6514.2,0.0,0.0,0,1.0174560546875,0.0,EABD,59008900A200490008800108FFF66000FFFD5CFE76000000000000000000208F0000EABD
25.28,65068.9,306.27,19,9,2024,2,36,46,47.614979999999996,-122.177375,89,138,162,0049,13.600000000000001,26.400000000000002,-15.4,25.5,-67.60000000000001,6515.1,0.0,0.0,0,1.0174560546875,0.0,791C,59008A00A200490008800108FFF66000FFFD5CFE7F000000000000000000208F0000791C
25.28,65068.9,306.27,19,9,2024,2,36,46,47.614979999999996,-122.177375,89,139,163,0049,13.0,25.1,-14.5,24.200000000000003,-69.5,6511.7,0.0,0.0,0,1.0174560546875,0.0,D2CB,59008B00A3004900082000FBFFF6F000F2FD49FE5D000000000000000000208F0000D2CB
182.32,151463.45,655.35,19,9,2024,2,36,46,47.614979999999996,-122.177375,89,140,164,0049,12.5,23.700000000000003,-13.700000000000001,23.1,-72.3,6514.2,0.0,0.0,0,1.0174560546875,0.0,938D,59008C00A400490007D000EDFFF77000E7FD2DFE76000000000000000000208F0000938D
25.28,65068.9,306.27,19,9,2024,2,36,46,47.614979999999996,-122.177375,89,141,166,0049,11.700000000000001,22.400000000000002,-12.9,21.8,-71.0,6515.9,0.0,0.0,0,1.0174560546875,0.0,52BA,59008D00A6004900075000E0FFF7F000DAFD3AFE87000000000000000000208F000052BA
25.28,65068.9,306.27,19,9,2024,2,36,46,47.614979999999996,-122.177375,89,142,167,0049,11.5,21.6,-12.3,21.1,-68.3,6515.9,0.0,0.0,0,1.0174560546875,0.0,2D38,59008E00A7004900073000D8FFF85000D3FD55FE87000000000000000000208F00002D38
25.28,65068.9,306.27,19,9,2024,2,36,46,47.614979999999996,-122.177375,89,143,168,0049,11.200000000000001,20.6,-11.600000000000001,20.3,-65.5,6526.3,0.0,0.0,0,1.0174560546875,0.0,8D84,59008F00A8004900070000CEFFF8C000CBFD71FEEF000000000000000000208F00008D84
25.28,65068.9,306.27,19,9,2024,2,36,46,47.614979999999996,-122.177375,89,144,169,0049,11.200000000000001,20.6,-11.600000000000001,20.3,-65.5,6526.3,0.0,0.0,0,1.0174560546875,0.0,5127,59009000A9004900070000CEFFF8C000CBFD71FEEF000000000000000000208F00005127
25.28,65068.9,306.27,19,9,2024,2,36,46,47.614979999999996,-122.177375,89,145,169,0049,11.200000000000001,20.6,-11.600000000000001,20.3,-65.5,6526.3,0.0,0.0,0,1.0174560546875,0.0,42DB,59009100A9004900070000CEFFF8C000CBFD71FEEF000000000000000000208F000042DB
25.28,65068.9,306.27,19,9,2024,2,36,46,47.614979999999996,-122.177375,89,146,171,0049,9.5,18.2,-10.5,17.7,-60.6,6526.3,0.0,0.0,0,1.0174560546875,0.0,B2F6,59009200AB00490005F000B6FFF97000B1FDA2FEEF000000000000000000208F0000B2F6
25.28,65068.9,306.27,19,9,2024,2,36,46,47.614979999999996,-122.177375,89,147,172,0049,8.700000000000001,17.0,-9.9,16.3,-60.7,6524.5,0.0,0.0,0,1.0174560546875,0.0,9518,59009300AC004900057000AAFFF9D000A3FDA1FEDD000000000000000000208F00009518
25.28,65068.9,306.27,19,9,2024,2,36,46,47.614979999999996,-122.177375,89,148,173,0049,7.800000000000001,15.8,-9.3,15.0,-61.1,6519.4,0.0,0.0,0,1.0174560546875,0.0,0DAA,59009400AD00490004E0009EFFFA300096FD9DFEAA000000000000000000208F00000DAA
25.28,65068.9,306.27,19,9,2024,2,36,46,47.614979999999996,-122.177375,89,149,175,0049,7.0,14.700000000000001,-8.8,13.700000000000001,-61.5,6519.4,0.0,0.0,0,1.0174560546875,0.0,5A6E,59009500AF00490004600093FFFA800089FD99FEAA000000000000000000208F00005A6E
182.32,151463.45,655.35,19,9,2024,2,36,46,47.614979999999996,-122.177375,89,150,176,0049,6.4,13.4,-8.0,12.5,-61.6,6524.5,0.0,0.0,0,1.0174560546875,0.0,7AFA,59009600B000490004000086FFFB00007DFD98FEDD000000000000000000208F00007AFA
182.32,151463.45,655.35,19,9,2024,2,36,46,47.614979999999996,-122.177375,89,151,176,0049,6.4,13.4,-8.0,12.5,-61.6,6524.5,0.0,0.0,0,1.0174560546875,0.0,6906,59009700B000490004000086FFFB00007DFD98FEDD000000000000000000208F00006906
25.28,65068.9,306.27,19,9,2024,2,36,46,47.614979999999996,-122.177375,89,152,178,0049,5.6000000000000005,10.5,-6.0,10.3,-61.900000000000006,6523.6,0.0,0.0,0,1.0174560546875,0.0,3D20,59009800B200490003800069FFFC400067FD95FED4000000000000000000208F00003D20
25.28,65068.9,306.27,19,9,2024,2,37,4,47.614979999999996,-122.177375,89,153,179,0049,5.5,10.600000000000001,-6.0,10.3,-61.900000000000006,6522.8,0.0,0.0,0,1.0047607421875,0.0,0BF3,59009900B30049000370006AFFFC400067FD95FECC000000000000000000202700000BF3
25.28,65068.9,306.27,19,9,2024,2,37,4,47.614979999999996,-122.177375,89,154,181,0049,5.4,9.200000000000001,-4.9,9.5,-61.300000000000004,6524.5,0.0,0.0,0,1.0047607421875,0.0,5B74,59009A00B50049000360005CFFFCF0005FFD9BFEDD000000000000000000202700005B74
25.28,65068.9,306.27,19,9,2024,2,37,4,47.614979999999996,-122.177375,89,155,183,0049,5.300000000000001,7.800000000000001,-3.7,8.700000000000001,-60.6,6530.6,0.0,0.0,0,1.0047607421875,0.0,A87D,59009B00B70049000350004EFFFDB00057FDA2FF1A00000000000000000020270000A87D
25.28,65068.9,306.27,19,9,2024,2,37,7,47.614979999999996,-122.177375,89,156,185,0049,5.300000000000001,6.4,-2.5,7.9,-59.5,6529.8,0.0,0.0,0,1.0047607421875,0.0,58B4,59009C00B900490003500040FFFE70004FFDADFF120000000000000000002027000058B4
25.28,65068.9,306.27,19,9,2024,2,37,8,47.614962,-122.17764299999999,89,157,187,0049,5.2,5.1000000000000005,-1.5,7.1000000000000005,-58.6,6530.6,0.0,0.0,0,1.0047607421875,0.0,FF2C,59009D00BB00490003400033FFFF100047FDB6FF1A00000000000000000020270000FF2C
25.28,65068.9,306.27,19,9,2024,2,37,9,47.614971,-122.17802599999999,89,158,189,0049,5.300000000000001,4.3,-0.8,6.800000000000001,-57.1,6536.6,0.0,0.0,0,1.0047607421875,0.0,05CF,59009E00BD0049000350002BFFFF800044FDC5FF560000000000000000002027000005CF
25.28,65068.9,306.27,19,9,2024,2,37,10,47.614982999999995,-122.17796399999999,89,159,190,0049,5.300000000000001,3.6,-0.2,6.4,-54.5,6540.2,0.0,0.0,0,1.0047607421875,0.0,9FDE,59009F00BE00490003500024FFFFE00040FDDFFF7A000000000000000000202700009FDE
25.28,65068.9,306.27,19,9,2024,2,37,10,47.614982999999995,-122.17796399999999,89,160,192,0049,5.300000000000001,3.0,0.30000000000000004,6.1000000000000005,-51.7,6545.3,0.0,0.0,0,1.0047607421875,0.0,2714,5900A000C00049000350001E000030003DFDFBFFAD000000000000000000202700002714
25.28,65068.9,306.27,19,9,2024,2,37,10,47.614982999999995,-122.17796399999999,89,161,192,0049,5.300000000000001,3.0,0.30000000000000004,6.1000000000000005,-51.7,6543.5,0.0,0.0,0,1.0047607421875,0.0,7012,5900A100C00049000350001E000030003DFDFBFF9B000000000000000000202700007012
25.28,65068.9,306.27,19,9,2024,2,37,13,47.614982999999995,-122.17796399999999,89,162,194,0049,5.300000000000001,2.4000000000000004,0.8,5.800000000000001,-48.7,6543.5,0.0,0.0,0,1.0047607421875,0.0,88AA,5900A200C200490003500018000080003AFE19FF9B0000000000000000002027000088AA
25.28,65068.9,306.27,19,9,2024,2,37,15,47.614982999999995,-122.17796399999999,89,164,197,0049,5.1000000000000005,0.9,1.9000000000000001,4.800000000000001,-43.300000000000004,6543.5,0.0,0.0,0,1.0047607421875,0.0,856E,5900A400C5004900033000090001300030FE4FFF9B00000000000000000020270000856E
25.28,65068.9,306.27,19,9,2024,2,37,16,47.614895999999995,-122.17758599999999,89,165,198,0049,3.8000000000000003,0.7000000000000001,1.4000000000000001,3.6,-43.2,6541.7,0.0,0.0,0,1.0047607421875,0.0,036C,5900A500C6004900026000070000E00024FE50FF8900000000000000000020270000036C
25.28,65068.9,306.27,19,9,2024,2,37,17,47.614917,-122.177906,89,166,199,0049,4.1000000000000005,-3.1,0.4,2.7,-43.7,6543.5,0.0,0.0,0,1.1002197265625,0.12363052368164062,E2BB,5900A600C7004900029FFFE1000040001BFE4BFF9B0000000000000000002335FD32E2BB
25.28,65068.9,306.27,19,9,2024,2,37,18,47.614898,-122.177853,89,167,200,0049,2.9000000000000004,-3.2,-0.30000000000000004,1.7000000000000002,-44.1,6543.5,0.0,0.0,0,1.1002197265625,0.12363052368164062,0A80,5900A700C800490001DFFFE0FFFFD00011FE47FF9B0000000000000000002335FD320A80
25.28,65068.9,306.27,19,9,2024,2,37,19,47.614886999999996,-122.177736,89,168,200,0049,2.9000000000000004,-3.2,-0.30000000000000004,1.7000000000000002,-44.1,6541.7,0.0,0.0,0,1.1002197265625,0.12363052368164062,9D7C,5900A800C800490001DFFFE0FFFFD00011FE47FF890000000000000000002335FD329D7C
25.28,65068.9,306.27,19,9,2024,2,37,20,47.614888,-122.17777199999999,89,169,202,0049,2.2,-3.7,-0.4,0.8,-44.300000000000004,6541.7,0.0,0.0,0,1.1002197265625,0.12363052368164062,2668,5900A900CA004900016FFFDBFFFFC00008FE45FF890000000000000000002335FD322668
25.28,65068.9,306.27,19,9,2024,2,37,21,47.614886,-122.177765,89,170,205,0049,2.2,-3.7,-0.4,0.8,-44.300000000000004,6545.2,0.0,0.0,0,1.1002197265625,0.12363052368164062,3B6B,5900AA00CD004900016FFFDBFFFFC00008FE45FFAC0000000000000000002335FD323B6B
25.28,65068.9,306.27,19,9,2024,2,37,22,47.614892999999995,-122.177763,89,171,206,0049,2.2,-3.7,-0.4,0.8,-44.300000000000004,6546.9,0.0,0.0,0,1.1002197265625,0.12363052368164062,ADBF,5900AB00CE004900016FFFDBFFFFC00008FE45FFBD0000000000000000002335FD32ADBF
25.28,65068.9,306.27,19,9,2024,2,37,22,47.614892999999995,-122.177763,89,172,207,0049,2.2,-3.7,-0.4,0.8,-44.300000000000004,6546.1,0.0,0.0,0,1.1002197265625,0.12363052368164062,9700,5900AC00CF004900016FFFDBFFFFC00008FE45FFB50000000000000000002335FD329700
25.28,65068.9,306.27,19,9,2024,2,37,22,47.614892999999995,-122.177763,89,173,207,0049,2.2,-3.7,-0.4,0.8,-44.300000000000004,6545.2,0.0,0.0,0,1.1002197265625,0.12363052368164062,3DFA,5900AD00CF004900016FFFDBFFFFC00008FE45FFAC0000000000000000002335FD323DFA
25.28,65068.9,306.27,19,9,2024,2,37,25,47.614892999999995,-122.177763,89,174,208,0049,3.6,-3.6,0.5,1.9000000000000001,-44.800000000000004,6543.4,0.0,0.0,0,1.1002197265625,0.12363052368164062,AB1C,5900AE00D0004900024FFFDC0000500013FE40FF9A0000000000000000002335FD32AB1C
25.28,65068.9,306.27,19,9,2024,2,37,26,47.614892999999995,-122.177763,89,175,209,0049,4.9,-3.4000000000000004,1.1,3.1,-44.7,6539.9,0.0,0.0,0,1.1002197265625,0.12363052368164062,2AC7,5900AF00D1004900031FFFDE0000B0001FFE41FF770000000000000000002335FD322AC7
25.28,65068.9,306.27,19,9,2024,2,37,27,47.615165999999995,-122.177832,89,176,210,0049,4.9,-3.4000000000000004,1.1,3.1,-44.7,6544.3,0.0,0.0,0,1.1002197265625,0.12363052368164062,81B3,5900B000D2004900031FFFDE0000B0001FFE41FFA30000000000000000002335FD3281B3
25.28,65068.9,306.27,19,9,2024,2,37,28,47.615114999999996,-122.17785099999999,89,177,212,0049,6.2,-3.3000000000000003,1.9000000000000001,4.1000000000000005,-45.300000000000004,6544.3,0.0,0.0,0,1.1002197265625,0.12363052368164062,B35D,5900B100D400490003EFFFDF0001300029FE3BFFA30000000000000000002335FD32B35D
25.28,65068.9,306.27,19,9,2024,2,37,29,47.615068,-122.177838,89,178,213,0049,7.5,-3.4000000000000004,2.8000000000000003,5.0,-45.800000000000004,6541.7,0.0,0.0,0,1.1002197265625,0.12363052368164062,FBCF,5900B200D500490004BFFFDE0001C00032FE36FF890000000000000000002335FD32FBCF
25.28,65068.9,306.27,19,9,2024,2,37,30,47.615069999999996,-122.177861,89,179,215,0049,8.8,-3.5,3.8000000000000003,6.0,-46.400000000000006,6541.7,0.0,0.0,0,1.1002197265625,0.12363052368164062,97DB,5900B300D7004900058FFFDD000260003CFE30FF890000000000000000002335FD3297DB
25.28,65068.9,306.27,19,9,2024,2,37,31,47.615078,-122.17786199999999,89,180,216,0049,10.3,-3.6,4.800000000000001,7.0,-46.800000000000004,6541.6,0.0,0.0,0,1.1002197265625,0.12363052368164062,B443,5900B400D8004900067FFFDC0003000046FE2CFF880000000000000000002335FD32B443
25.28,65068.9,306.27,19,9,2024,2,37,32,47.615088,-122.177859,89,181,217,0049,11.600000000000001,-3.9000000000000004,5.9,7.800000000000001,-47.800000000000004,6540.8,0.0,0.0,0,1.1002197265625,0.12363052368164062,F08F,5900B500D9004900074FFFD90003B0004EFE22FF800000000000000000002335FD32F08F
25.28,65068.9,306.27,19,9,2024,2,37,33,47.615103999999995,-122.177843,89,182,217,0049,11.600000000000001,-3.9000000000000004,5.9,7.800000000000001,-47.800000000000004,6539.9,0.0,0.0,0,1.1002197265625,0.12363052368164062,65D4,5900B600D9004900074FFFD90003B0004EFE22FF770000000000000000002335FD3265D4
25.28,65068.9,306.27,19,9,2024,2,37,34,47.615114,-122.17781199999999,89,183,218,0049,13.0,-4.3,7.1000000000000005,8.6,-48.400000000000006,6538.2,0.0,0.0,0,1.1002197265625,0.12363052368164062,39F4,5900B700DA004900082FFFD50004700056FE1CFF660000000000000000002335FD3239F4
25.28,65068.9,306.27,19,9,2024,2,37,35,47.615122,-122.177792,89,184,219,0049,13.5,-3.5,8.3,9.4,-49.0,6538.2,0.0,0.0,0,1.0577392578125,0.12421989440917969,D4E3,5900B800DB004900087FFFDD000530005EFE16FF6600000000000000000021D9FE67D4E3
25.28,65068.9,306.27,19,9,2024,2,37,36,47.615128999999996,-122.17776599999999,89,185,220,0049,14.8,-4.0,9.5,10.100000000000001,-50.1,6541.6,0.0,0.0,0,1.0577392578125,0.12421989440917969,6C21,5900B900DC004900094FFFD80005F00065FE0BFF8800000000000000000021D9FE676C21
25.28,65068.9,306.27,19,9,2024,2,37,37,47.615144,-122.177765,89,186,221,0049,16.2,-4.5,10.700000000000001,10.9,-50.2,6546.9,0.0,0.0,0,1.0577392578125,0.12421989440917969,2050,5900BA00DD0049000A2FFFD30006B0006DFE0AFFBD00000000000000000021D9FE672050
25.28,65068.9,306.27,19,9,2024,2,37,38,47.615162,-122.17777699999999,89,187,222,0049,17.6,-4.6000000000000005,11.600000000000001,12.0,-51.1,6538.2,0.0,0.0,0,1.0577392578125,0.12421989440917969,D8A1,5900BB00DE0049000B0FFFD20007400078FE01FF6600000000000000000021D9FE67D8A1
25.28,65068.9,306.27,19,9,2024,2,37,39,47.615172,-122.17775499999999,89,188,223,0049,19.0,-4.7,12.600000000000001,13.0,-51.7,6538.2,0.0,0.0,0,1.0577392578125,0.12421989440917969,9431,5900BC00DF0049000BEFFFD10007E00082FDFBFF6600000000000000000021D9FE679431
25.28,65068.9,306.27,19,9,2024,2,37,40,47.615182,-122.177763,89,189,224,0049,20.400000000000002,-5.0,13.700000000000001,13.9,-52.2,6539.8,0.0,0.0,0,1.0577392578125,0.12421989440917969,F12C,5900BD00E00049000CCFFFCE000890008BFDF6FF7600000000000000000021D9FE67F12C
25.28,65068.9,306.27,19,9,2024,2,37,41,47.615193,-122.177779,89,190,225,0049,21.700000000000003,-5.4,14.8,14.700000000000001,-52.300000000000004,6539.8,0.0,0.0,0,1.0577392578125,0.12421989440917969,B63E,5900BE00E10049000D9FFFCA0009400093FDF5FF7600000000000000000021D9FE67B63E
25.28,65068.9,306.27,19,9,2024,2,37,42,47.615196,-122.177774,89,191,226,0049,23.1,-5.9,16.1,15.5,-53.1,6538.9,0.0,0.0,0,1.0577392578125,0.12421989440917969,ADD1,5900BF00E20049000E7FFFC5000A10009BFDEDFF6D00000000000000000021D9FE67ADD1
25.28,65068.9,306.27,19,9,2024,2,37,42,47.615196,-122.177774,89,192,226,0049,23.1,-5.9,16.1,15.5,-53.1,6538.2,0.0,0.0,0,1.0577392578125,0.12421989440917969,3D06,5900C000E20049000E7FFFC5000A10009BFDEDFF6600000000000000000021D9FE673D06
25.28,65068.9,306.27,19,9,2024,2,37,42,47.615196,-122.177774,89,193,227,0049,24.400000000000002,-6.4,17.3,16.2,-54.0,6539.9,0.0,0.0,0,1.0577392578125,0.12421989440917969,8597,5900C100E30049000F4FFFC0000AD000A2FDE4FF7700000000000000000021D9FE678597
25.28,65068.9,306.27,19,9,2024,2,37,42,47.615196,-122.177774,89,194,228,0049,25.700000000000003,-7.1000000000000005,18.6,16.8,-54.6,6538.2,0.0,0.0,0,1.0577392578125,0.12421989440917969,5F04,5900C200E4004900101FFFB9000BA000A8FDDEFF6600000000000000000021D9FE675F04
25.28,65068.9,306.27,19,9,2024,2,37,42,47.615196,-122.177774,89,195,229,0049,27.0,-7.7,19.900000000000002,17.5,-55.900000000000006,6538.1,0.0,0.0,0,1.0577392578125,0.12421989440917969,BCC3,5900C300E500490010EFFFB3000C7000AFFDD1FF6500000000000000000021D9FE67BCC3
25.28,65068.9,306.27,19,9,2024,2,37,42,47.615196,-122.177774,89,196,230,0049,28.3,-8.200000000000001,21.1,18.2,-57.0,6538.9,0.0,0.0,0,1.0577392578125,0.12421989440917969,BB09,5900C400E600490011BFFFAE000D3000B6FDC6FF6D00000000000000000021D9FE67BB09
25.28,65068.9,306.27,19,9,2024,2,37,42,47.615196,-122.177774,89,197,231,0049,29.700000000000003,-8.5,22.200000000000003,19.200000000000003,-57.7,6539.8,0.0,0.0,0,1.0577392578125,0.12421989440917969,5C87,5900C500E7004900129FFFAB000DE000C0FDBFFF7600000000000000000021D9FE675C87
25.28,65068.9,306.27,19,9,2024,2,37,49,47.615196,-122.177774,89,198,232,0049,31.1,-8.9,23.400000000000002,20.0,-58.400000000000006,6538.1,0.0,0.0,0,1.0577392578125,0.12421989440917969,A3F2,5900C600E8004900137FFFA7000EA000C8FDB8FF6500000000000000000021D9FE67A3F2
25.28,65068.9,306.27,19,9,2024,2,37,50,47.61512,-122.177741,89,199,233,0049,32.4,-9.5,24.700000000000003,20.6,-59.400000000000006,6542.4,0.0,0.0,0,1.0577392578125,0.12421989440917969,FF51,5900C700E9004900144FFFA1000F7000CEFDAEFF9000000000000000000021D9FE67FF51
25.28,65068.9,306.27,19,9,2024,2,37,51,47.615145,-122.17779399999999,89,200,234,0049,33.800000000000004,-10.0,25.900000000000002,21.400000000000002,-59.900000000000006,6543.2,0.0,0.0,0,1.0577392578125,0.12421989440917969,ED64,5900C800EA004900152FFF9C00103000D6FDA9FF9800000000000000000021D9FE67ED64
25.28,65068.9,306.27,19,9,2024,2,37,52,47.615189,-122.17781199999999,89,201,235,0049,35.2,-10.3,27.0,22.3,-60.7,6543.3,0.0,0.0,0,1.0577392578125,0.12421989440917969,7153,5900C900EB004900160FFF990010E000DFFDA1FF9900000000000000000021D9FE677153
25.28,65068.9,306.27,19,9,2024,2,37,53,47.615218999999996,-122.17782299999999,89,202,236,0049,36.5,-10.9,28.3,23.0,-61.1,6542.4,0.0,0.0,0,1.0577392578125,0.12421989440917969,F48A,5900CA00EC00490016DFFF930011B000E6FD9DFF9000000000000000000021D9FE67F48A
25.28,65068.9,306.27,19,9,2024,2,37,54,47.61528,-122.177853,89,203,237,0049,37.7,-11.600000000000001,29.700000000000003,23.5,-61.5,6539.7,0.0,0.0,0,1.0577392578125,0.12421989440917969,E9CF,5900CB00ED004900179FFF8C00129000EBFD99FF7500000000000000000021D9FE67E9CF
25.28,65068.9,306.27,19,9,2024,2,37,55,47.615294,-122.177866,89,204,238,0049,37.7,-11.600000000000001,29.6,23.5,-61.6,6539.7,0.0,0.0,0,1.0577392578125,0.12421989440917969,3FE0,5900CC00EE004900179FFF8C00128000EBFD98FF7500000000000000000021D9FE673FE0
25.28,65068.9,306.27,19,9,2024,2,37,56,47.61531,-122.177871,89,205,239,0049,37.9,-12.600000000000001,30.900000000000002,24.0,-61.400000000000006,6539.7,0.0,0.0,0,1.0262451171875,0.12462997436523438,9827,5900CD00EF00490017BFFF8200135000F0FD9AFF7500000000000000000020D7FF3E9827
25.28,65068.9,306.27,19,9,2024,2,37,57,47.615325,-122.177876,89,206,241,0049,39.0,-13.5,32.2,24.400000000000002,-60.6,6546.7,0.0,0.0,0,1.0262451171875,0.12462997436523438,23EF,5900CE00F1004900186FFF7900142000F4FDA2FFBB00000000000000000020D7FF3E23EF
25.28,65068.9,306.27,19,9,2024,2,37,58,47.615322,-122.17787899999999,89,207,242,0049,40.2,-14.200000000000001,33.5,24.900000000000002,-60.1,6548.3,0.0,0.0,0,1.0262451171875,0.12462997436523438,A010,5900CF00F2004900192FFF720014F000F9FDA7FFCB00000000000000000020D7FF3EA010
25.28,65068.9,306.27,19,9,2024,2,37,59,47.615322,-122.177881,89,208,244,0049,41.0,-15.200000000000001,34.800000000000004,25.0,-59.0,6544.0,0.0,0.0,0,1.0262451171875,0.12462997436523438,C260,5900D000F400490019AFFF680015C000FAFDB2FFA000000000000000000020D7FF3EC260
25.28,65068.9,306.27,19,9,2024,2,38,0,47.615324,-122.17788999999999,89,209,245,0049,41.2,-16.5,36.0,24.5,-57.800000000000004,6539.7,0.0,0.0,0,1.0262451171875,0.12462997436523438,0547,5900D100F500490019CFFF5B00168000F5FDBEFF7500000000000000000020D7FF3E0547
25.28,65068.9,306.27,19,9,2024,2,38,1,47.615327,-122.17789599999999,89,210,247,0049,41.0,-17.8,36.9,23.5,-56.7,6537.9,0.0,0.0,0,1.0262451171875,0.12462997436523438,8D2D,5900D200F700490019AFFF4E00171000EBFDC9FF6300000000000000000020D7FF3E8D2D
25.28,65068.9,306.27,19,9,2024,2,38,2,47.615339999999996,-122.17794099999999,89,211,249,0049,40.6,-19.0,37.6,22.5,-55.5,6543.2,0.0,0.0,0,1.0262451171875,0.12462997436523438,E64D,5900D300F9004900196FFF4200178000E1FDD5FF9800000000000000000020D7FF3EE64D
25.28,65068.9,306.27,19,9,2024,2,38,2,47.615339999999996,-122.17794099999999,89,212,250,0049,40.6,-19.0,37.6,22.5,-55.5,6539.6,0.0,0.0,0,1.0262451171875,0.12462997436523438,19A9,5900D400FA004900196FFF4200178000E1FDD5FF7400000000000000000020D7FF3E19A9
25.28,65068.9,306.27,19,9,2024,2,38,4,47.615345999999995,-122.177962,89,213,252,0049,40.6,-20.3,38.7,21.8,-54.400000000000006,6546.6,0.0,0.0,0,1.0262451171875,0.12462997436523438,3B5A,5900D500FC004900196FFF3500183000DAFDE0FFBA00000000000000000020D7FF3E3B5A
25.28,65068.9,306.27,19,9,2024,2,38,5,47.615348999999995,-122.177983,89,214,254,0049,40.800000000000004,-21.6,39.900000000000006,21.200000000000003,-53.6,6547.3,0.0,0.0,0,1.0262451171875,0.12462997436523438,D2F7,5900D600FE004900198FFF280018F000D4FDE8FFC100000000000000000020D7FF3ED2F7
25.28,65068.9,306.27,19,9,2024,2,38,6,47.615353999999996,-122.17799799999999,89,215,255,0049,40.5,-22.900000000000002,40.800000000000004,20.1,-52.5,6551.7,0.0,0.0,0,1.0262451171875,0.12462997436523438,5812,5900D700FF004900195FFF1B00198000C9FDF3FFED00000000000000000020D7FF3E5812
25.28,65068.9,306.27,19,9,2024,2,38,7,47.615356999999996,-122.178017,89,216,257,0049,40.1,-24.200000000000003,41.6,19.0,-51.2,6552.6,0.0,0.0,0,1.0262451171875,0.12462997436523438,D483,5900D80101004900191FFF0E001A0000BEFE00FFF600000000000000000020D7FF3ED483
25.28,65068.9,306.27,19,9,2024,2,38,9,47.615356,-122.178046,89,218,260,0049,39.400000000000006,-26.5,43.0,16.8,-49.400000000000006,6550.8,0.0,0.0,0,1.02880859375,0.12455940246582031,D680,5900DA010400490018AFFEF7001AE000A8FE12FFE400000000000000000020ECFF19D680
25.28,65068.9,306.27,19,9,2024,2,38,10,47.615351999999994,-122.178058,89,219,260,0049,39.400000000000006,-26.5,43.0,16.8,-49.400000000000006,1.6,0.0,0.0,0,1.02880859375,0.12455940246582031,056B,5900DB010400490018AFFEF7001AE000A8FE12001000000000000000000020ECFF19056B
25.28,65068.9,306.27,19,9,2024,2,38,11,47.615347,-122.178068,89,220,262,0049,38.900000000000006,-27.8,43.6,15.600000000000001,-48.5,3.2,0.0,0.0,0,1.02880859375,0.12455940246582031,95DF,5900DC0106004900185FFEEA001B40009CFE1B002000000000000000000020ECFF1995DF
25.28,65068.9,306.27,19,9,2024,2,38,12,47.615345999999995,-122.178079,89,221,264,0049,38.300000000000004,-29.1,44.400000000000006,14.3,-47.7,0.7,0.0,0.0,0,1.02880859375,0.12455940246582031,3E16,5900DD010800490017FFFEDD001BC0008FFE23000700000000000000000020ECFF193E16
25.28,65068.9,306.27,19,9,2024,2,38,13,47.615344,-122.178095,89,222,265,0049,37.800000000000004,-30.3,45.0,13.100000000000001,-46.900000000000006,1.6,0.0,0.0,0,1.02880859375,0.12455940246582031,8620,5900DE010900490017AFFED1001C200083FE2B001000000000000000000020ECFF198620
25.28,65068.9,306.27,19,9,2024,2,38,14,47.615341,-122.178112,89,223,267,0049,37.5,-31.6,45.900000000000006,12.100000000000001,-45.900000000000006,1.6,0.0,0.0,0,1.02880859375,0.12455940246582031,67E3,5900DF010B004900177FFEC4001CB00079FE35001000000000000000000020ECFF1967E3
25.28,65068.9,306.27,19,9,2024,2,38,15,47.615339,-122.178136,89,224,269,0049,37.4,-33.0,47.0,11.200000000000001,-45.0,7.6,0.0,0.0,0,1.02880859375,0.12455940246582031,4F54,5900E0010D004900176FFEB6001D600070FE3E004C00000000000000000020ECFF194F54
25.28,65068.9,306.27,19,9,2024,2,38,16,47.615339999999996,-122.17815399999999,89,225,271,0049,37.1,-34.4,47.900000000000006,10.100000000000001,-44.1,6.7,0.0,0.0,0,1.02880859375,0.12455940246582031,3643,5900E1010F004900173FFEA8001DF00065FE47004300000000000000000020ECFF193643
25.28,65068.9,306.27,19,9,2024,2,38,17,47.615339,-122.178174,89,226,273,0049,36.800000000000004,-35.7,48.800000000000004,9.1,-43.1,7.6,0.0,0.0,0,1.02880859375,0.12455940246582031,24B4,5900E20111004900170FFE9B001E80005BFE51004C00000000000000000020ECFF1924B4
25.28,65068.9,306.27,19,9,2024,2,38,18,47.615338,-122.17819,89,227,275,0049,36.4,-37.1,49.6,8.0,-42.0,8.4,0.0,0.0,0,1.02880859375,0.12455940246582031,381E,5900E3011300490016CFFE8D001F000050FE5C005400000000000000000020ECFF19381E
25.28,65068.9,306.27,19,9,2024,2,38,20,47.615333,-122.178219,89,229,278,0049,35.7,-39.900000000000006,51.5,5.800000000000001,-40.7,9.2,0.0,0.0,0,1.02880859375,0.12455940246582031,63AE,5900E50116004900165FFE71002030003AFE69005C00000000000000000020ECFF1963AE
25.28,65068.9,306.27,19,9,2024,2,38,21,47.615334,-122.17823999999999,89,230,279,0049,36.800000000000004,-39.7,51.5,5.800000000000001,-40.7,8.4,0.0,0.0,0,1.0362548828125,0.124420166015625,ADDB,5900E60117004900170FFE73002030003AFE6900540000000000000000002129FED0ADDB
25.28,65068.9,306.27,19,9,2024,2,38,24,47.615325,-122.178298,89,233,285,0049,35.9,-43.900000000000006,54.2,2.4000000000000004,-38.7,6.6,0.0,0.0,0,1.0362548828125,0.124420166015625,E698,5900E9011D004900167FFE490021E00018FE7D00420000000000000000002129FED0E698
25.28,65068.9,306.27,19,9,2024,2,38,25,47.615324,-122.178315,89,234,286,0049,35.5,-45.400000000000006,55.2,1.3,-37.800000000000004,9.2,0.0,0.0,0,1.0362548828125,0.124420166015625,D712,5900EA011E004900163FFE3A002280000DFE86005C0000000000000000002129FED0D712
25.28,65068.9,306.27,19,9,2024,2,38,32,47.615327,-122.178412,89,241,296,0049,33.9,-52.400000000000006,59.7,-4.3,-33.6,23.0,0.0,0.0,0,1.0362548828125,0.124420166015625,EC89,5900F10128004900153FFDF400255FFFD5FEB000E60000000000000000002129FED0EC89
25.28,65068.9,306.27,19,9,2024,2,38,33,47.615325999999996,-122.178427,89,242,297,0049,33.6,-55.300000000000004,61.7,-6.4,-31.0,22.1,0.0,0.0,0,1.0362548828125,0.124420166015625,25D4,5900F20129004900150FFDD700269FFFC0FECA00DD0000000000000000002129FED025D4
25.28,65068.9,306.27,19,9,2024,2,38,34,47.615324,-122.178444,89,243,298,0049,33.1,-56.7,62.5,-7.7,-29.5,21.2,0.0,0.0,0,1.0362548828125,0.124420166015625,5FE2,5900F3012A00490014BFFDC900271FFFB3FED900D40000000000000000002129FED05FE2
25.28,65068.9,306.27,19,9,2024,2,38,35,47.615320999999994,-122.17845399999999,89,244,300,0049,33.0,-58.0,63.300000000000004,-8.8,-28.6,18.7,0.0,0.0,0,1.03857421875,0.1243896484375,8774,5900F4012C00490014AFFDBC00279FFFA8FEE200BB000000000000000000213CFEC08774
25.28,65068.9,306.27,19,9,2024,2,38,39,47.6153,-122.178484,89,248,306,0049,30.1,-62.5,65.0,-13.9,-25.200000000000003,22.9,0.0,0.0,0,1.03857421875,0.1243896484375,5A65,5900F8013200490012DFFD8F0028AFFF75FF0400E5000000000000000000213CFEC05A65
25.28,65068.9,306.27,19,9,2024,2,38,40,47.615292,-122.17848699999999,89,249,308,0049,28.8,-62.900000000000006,64.4,-15.100000000000001,-24.400000000000002,23.7,0.0,0.0,0,1.03857421875,0.1243896484375,8799,5900F90134004900120FFD8B00284FFF69FF0C00ED000000000000000000213CFEC08799
25.28,65068.9,306.27,19,9,2024,2,38,41,47.615286,-122.178489,89,250,309,0049,27.5,-62.7,63.400000000000006,-16.0,-23.8,24.6,0.0,0.0,0,1.03857421875,0.1243896484375,8C72,5900FA0135004900113FFD8D0027AFFF60FF1200F6000000000000000000213CFEC08C72
25.28,65068.9,306.27,19,9,2024,2,38,42,47.615279,-122.17849,89,251,311,0049,26.200000000000003,-62.5,62.5,-16.900000000000002,-23.3,23.7,0.0,0.0,0,1.03857421875,0.1243896484375,3BCB,5900FB0137004900106FFD8F00271FFF57FF1700ED000000000000000000213CFEC03BCB
25.28,65068.9,306.27,19,9,2024,2,38,44,47.615258999999995,-122.17848699999999,89,253,313,0049,24.900000000000002,-62.300000000000004,61.5,-17.8,-23.900000000000002,30.6,0.0,0.0,0,1.03857421875,0.1243896484375,4E43,5900FD01390049000F9FFD9100267FFF4EFF110132000000000000000000213CFEC04E43
25.28,65068.9,306.27,19,9,2024,2,38,46,47.615213,-122.178494,89,255,317,0049,22.200000000000003,-61.900000000000006,59.5,-19.6,-22.5,31.5,0.0,0.0,0,1.03857421875,0.1243896484375,F621,5900FF013D0049000DEFFD9500253FFF3CFF1F013B000000000000000000213CFEC0F621
25.28,65068.9,306.27,19,9,2024,2,38,48,47.615193999999995,-122.178489,89,257,319,0049,18.7,-61.400000000000006,57.5,-21.5,-20.200000000000003,37.5,0.0,0.0,0,1.031494140625,0.12447929382324219,6276,590101013F0049000BBFFD9A0023FFFF29FF3601770000000000000000002102FEEF6276
25.28,65068.9,306.27,19,9,2024,2,38,49,47.615182999999995,-122.178488,89,258,320,0049,17.3,-60.900000000000006,56.400000000000006,-22.200000000000003,-19.5,39.2,0.0,0.0,0,1.031494140625,0.12447929382324219,88E7,59010201400049000ADFFD9F00234FFF22FF3D01880000000000000000002102FEEF88E7
25.28,65068.9,306.27,19,9,2024,2,38,50,47.615171,-122.178488,89,259,322,0049,16.0,-60.5,55.2,-23.0,-18.6,37.4,0.0,0.0,0,1.031494140625,0.12447929382324219,8544,59010301420049000A0FFDA300228FFF1AFF4601760000000000000000002102FEEF8544
25.28,65068.9,306.27,19,9,2024,2,38,51,47.615159999999996,-122.178489,89,260,322,0049,16.0,-60.5,55.2,-23.0,-18.6,34.9,0.0,0.0,0,1.031494140625,0.12447929382324219,5EB2,59010401420049000A0FFDA300228FFF1AFF46015D0000000000000000002102FEEF5EB2
25.28,65068.9,306.27,19,9,2024,2,38,54,47.615119,-122.1785,89,263,325,0049,12.0,-59.6,52.0,-25.6,-14.0,39.2,0.0,0.0,0,1.031494140625,0.12447929382324219,EB8D,5901070145004900078FFDAC00208FFF00FF7401880000000000000000002102FEEFEB8D
25.28,65068.9,306.27,19,9,2024,2,38,56,47.615094,-122.17850299999999,89,265,328,0049,9.200000000000001,-58.800000000000004,49.6,-27.200000000000003,-11.100000000000001,41.8,0.0,0.0,0,1.031494140625,0.12447929382324219,53A6,590109014800490005CFFDB4001F0FFEF0FF9101A20000000000000000002102FEEF53A6
25.28,65068.9,306.27,19,9,2024,2,38,57,47.615082,-122.178501,89,266,329,0049,7.800000000000001,-58.5,48.5,-28.1,-10.100000000000001,39.2,0.0,0.0,0,1.031494140625,0.12447929382324219,26F6,59010A014900490004EFFDB7001E5FFEE7FF9B01880000000000000000002102FEEF26F6
25.28,65068.9,306.27,19,9,2024,2,38,58,47.615071,-122.1785,89,267,329,0049,7.800000000000001,-58.5,48.5,-28.1,-10.100000000000001,40.9,0.0,0.0,0,1.031494140625,0.12447929382324219,2300,59010B014900490004EFFDB7001E5FFEE7FF9B01990000000000000000002102FEEF2300
25.28,65068.9,306.27,19,9,2024,2,38,59,47.615065,-122.178501,89,268,331,0049,5.0,-58.2,46.5,-30.1,-6.1000000000000005,44.4,0.0,0.0,0,1.031494140625,0.12447929382324219,6F33,59010C014B004900032FFDBA001D1FFED3FFC301BC0000000000000000002102FEEF6F33
25.28,65068.9,306.27,19,9,2024,2,38,59,47.615065,-122.178501,89,270,335,0049,2.2,-57.300000000000004,44.1,-31.700000000000003,-3.5,47.8,0.0,0.0,0,1.031494140625,0.12447929382324219,4AB8,59010E014F004900016FFDC3001B9FFEC3FFDD01DE0000000000000000002102FEEF4AB8
25.28,65068.9,306.27,19,9,2024,2,39,2,47.61481,-122.178461,89,271,336,0049,1.0,-56.900000000000006,42.900000000000006,-32.4,-2.0,45.1,0.0,0.0,0,1.031494140625,0.12447929382324219,4365,59010F015000490000AFFDC7001ADFFEBCFFEC01C30000000000000000002102FEEF4365
25.28,65068.9,306.27,19,9,2024,2,39,2,47.61481,-122.178461,89,272,338,0049,-0.4,-56.5,41.800000000000004,-33.2,-0.9,45.1,0.0,0.0,0,1.031494140625,0.12447929382324219,86D4,59011001520049FFFFCFFDCB001A2FFEB4FFF701C30000000000000000002102FEEF86D4
25.28,65068.9,306.27,19,9,2024,2,39,4,47.614903999999996,-122.178438,89,273,340,0049,-1.0,-56.6,40.6,-33.9,-0.1,46.0,0.0,0.0,0,1.0433349609375,0.12438011169433594,E041,59011101540049FFFF6FFDCA00196FFEADFFFF01CC0000000000000000002163FEBBE041
25.28,65068.9,306.27,19,9,2024,2,39,5,47.614937999999995,-122.178415,89,274,341,0049,-1.0,-56.6,40.6,-33.9,-0.1,47.7,0.0,0.0,0,1.0433349609375,0.12438011169433594,E4C5,59011201550049FFFF6FFDCA00196FFEADFFFF01DD0000000000000000002163FEBBE4C5
25.28,65068.9,306.27,19,9,2024,2,39,6,47.614947,-122.178394,89,275,342,0049,-2.3000000000000003,-56.1,39.400000000000006,-34.6,1.1,46.8,0.0,0.0,0,1.0433349609375,0.12438011169433594,9B67,59011301560049FFFE9FFDCF0018AFFEA6000B01D40000000000000000002163FEBB9B67
25.28,65068.9,306.27,19,9,2024,2,39,9,47.61495,-122.17839699999999,89,278,346,0049,-6.4,-54.300000000000004,35.4,-36.6,1.9000000000000001,51.2,0.0,0.0,0,1.0433349609375,0.12438011169433594,85AF,590116015A0049FFFC0FFDE100162FFE92001302000000000000000000002163FEBB85AF
25.28,65068.9,306.27,19,9,2024,2,39,11,47.614940999999995,-122.17839699999999,89,280,348,0049,-9.0,-53.5,33.1,-38.1,2.3000000000000003,53.7,0.0,0.0,0,1.0433349609375,0.12438011169433594,93CD,590118015C0049FFFA6FFDE90014BFFE83001702190000000000000000002163FEBB93CD
25.28,65068.9,306.27,19,9,2024,2,39,13,47.614939,-122.17839,89,282,349,0049,-10.3,-53.400000000000006,32.1,-38.900000000000006,2.1,51.2,0.0,0.0,0,1.0433349609375,0.12438011169433594,762A,59011A015D0049FFF99FFDEA00141FFE7B001502000000000000000000002163FEBB762A
25.28,65068.9,306.27,19,9,2024,2,39,14,47.614942,-122.17839,89,283,351,0049,-11.3,-52.400000000000006,30.8,-39.0,1.7000000000000002,49.4,0.0,0.0,0,1.0433349609375,0.12438011169433594,5776,59011B015F0049FFF8FFFDF400134FFE7A001101EE0000000000000000002163FEBB5776
25.28,65068.9,306.27,19,9,2024,2,39,16,47.614933,-122.17838599999999,89,285,353,0049,-11.700000000000001,-49.7,28.5,-37.7,0.2,48.5,0.0,0.0,0,1.0433349609375,0.12438011169433594,4CDF,59011D01610049FFF8BFFE0F0011DFFE87000201E50000000000000000002163FEBB4CDF
25.28,65068.9,306.27,19,9,2024,2,39,18,47.614923,-122.178376,89,287,354,0049,-11.600000000000001,-48.400000000000006,27.6,-36.7,-0.9,49.4,0.0,0.0,0,1.0433349609375,0.12438011169433594,6557,59011F01620049FFF8CFFE1C00114FFE91FFF701EE0000000000000000002163FEBB6557
25.28,65068.9,306.27,19,9,2024,2,39,19,47.614914999999996,-122.178376,89,288,355,0049,-11.600000000000001,-47.400000000000006,26.8,-36.0,-3.2,47.6,0.0,0.0,0,1.0433349609375,0.12438011169433594,E51B,59012001630049FFF8CFFE260010CFFE98FFE001DC0000000000000000002163FEBBE51B
25.28,65068.9,306.27,19,9,2024,2,39,20,47.614906999999995,-122.17836799999999,89,289,356,0049,-12.3,-46.5,25.6,-36.0,-4.0,47.5,0.0,0.0,0,1.0433349609375,0.12438011169433594,F3D6,59012101640049FFF85FFE2F00100FFE98FFD801DB0000000000000000002163FEBBF3D6
25.28,65068.9,306.27,19,9,2024,2,39,21,47.614899,-122.17836,89,290,357,0049,-13.5,-46.0,24.400000000000002,-36.6,-4.0,47.6,0.0,0.0,0,1.0433349609375,0.12438011169433594,2CBD,59012201650049FFF79FFE34000F4FFE92FFD801DC0000000000000000002163FEBB2CBD
25.28,65068.9,306.27,19,9,2024,2,39,22,47.614894,-122.17835799999999,89,291,360,0049,-15.4,-44.900000000000006,23.200000000000003,-37.300000000000004,-3.1,46.6,0.0,0.0,0,1.03857421875,0.12445068359375,2356,59012301680049FFF66FFE3F000E8FFE8BFFE101D2000000000000000000213CFEE02356
25.28,65068.9,306.27,19,9,2024,2,39,23,47.614889,-122.178354,89,292,361,0049,-16.900000000000002,-44.6,22.0,-38.300000000000004,-3.6,44.0,0.0,0.0,0,1.03857421875,0.12445068359375,A969,59012401690049FFF57FFE42000DCFFE81FFDC01B8000000000000000000213CFEE0A969
25.28,65068.9,306.27,19,9,2024,2,39,24,47.614886,-122.17835099999999,89,293,362,0049,-18.400000000000002,-44.300000000000004,20.900000000000002,-39.300000000000004,-4.9,41.5,0.0,0.0,0,1.03857421875,0.12445068359375,FBE0,590125016A0049FFF48FFE45000D1FFE77FFCF019F000000000000000000213CFEE0FBE0
25.28,65068.9,306.27,19,9,2024,2,39,25,47.614883999999996,-122.17834699999999,89,294,363,0049,-19.8,-44.1,19.8,-40.2,-5.6000000000000005,38.0,0.0,0.0,0,1.03857421875,0.12445068359375,DEBA,590126016B0049FFF3AFFE47000C6FFE6EFFC8017C000000000000000000213CFEE0DEBA
25.28,65068.9,306.27,19,9,2024,2,39,26,47.614883,-122.178349,89,295,365,0049,-20.8,-43.1,18.400000000000002,-40.400000000000006,-5.800000000000001,42.2,0.0,0.0,0,1.03857421875,0.12445068359375,0E15,590127016D0049FFF30FFE51000B8FFE6CFFC601A6000000000000000000213CFEE00E15
25.28,65068.9,306.27,19,9,2024,2,39,27,47.614878999999995,-122.17835,89,296,365,0049,-20.8,-43.1,18.400000000000002,-40.400000000000006,-5.800000000000001,42.2,0.0,0.0,0,1.03857421875,0.12445068359375,EA01,590128016D0049FFF30FFE51000B8FFE6CFFC601A6000000000000000000213CFEE0EA01
25.28,65068.9,306.27,19,9,2024,2,39,28,47.614874,-122.17835699999999,89,297,366,0049,-21.0,-41.800000000000004,17.2,-39.7,-6.2,44.0,0.0,0.0,0,1.03857421875,0.12445068359375,52DA,590129016E0049FFF2EFFE5E000ACFFE73FFC201B8000000000000000000213CFEE052DA
25.28,65068.9,306.27,19,9,2024,2,39,29,47.614872,-122.17835799999999,89,298,367,0049,-20.8,-40.400000000000006,16.3,-38.6,-6.6000000000000005,46.6,0.0,0.0,0,1.03857421875,0.12445068359375,FEA6,59012A016F0049FFF30FFE6C000A3FFE7EFFBE01D2000000000000000000213CFEE0FEA6
25.28,65068.9,306.27,19,9,2024,2,39,30,47.614871,-122.17835099999999,89,299,368,0049,-20.3,-39.1,15.600000000000001,-37.4,-7.300000000000001,48.3,0.0,0.0,0,1.03857421875,0.12445068359375,276D,59012B01700049FFF35FFE790009CFFE8AFFB701E3000000000000000000213CFEE0276D
25.28,65068.9,306.27,19,9,2024,2,39,31,47.614869,-122.17834599999999,89,300,368,0049,-20.3,-39.1,15.600000000000001,-37.4,-7.300000000000001,49.2,0.0,0.0,0,1.03857421875,0.12445068359375,F777,59012C01700049FFF35FFE790009CFFE8AFFB701EC000000000000000000213CFEE0F777
25.28,65068.9,306.27,19,9,2024,2,39,32,47.614868,-122.178337,89,301,369,0049,-19.700000000000003,-36.300000000000004,13.9,-35.1,-9.200000000000001,49.9,0.0,0.0,0,1.03857421875,0.12445068359375,03A8,59012D01710049FFF3BFFE950008BFFEA1FFA401F3000000000000000000213CFEE003A8
25.28,65068.9,306.27,19,9,2024,2,39,34,47.614864999999995,-122.178338,89,303,371,0049,-18.8,-33.6,12.3,-32.800000000000004,-10.3,45.7,0.0,0.0,0,1.03857421875,0.12445068359375,44C0,59012F01730049FFF44FFEB00007BFFEB8FF9901C9000000000000000000213CFEE044C0
25.28,65068.9,306.27,19,9,2024,2,39,36,47.61486,-122.178343,89,305,372,0049,-18.400000000000002,-32.2,11.600000000000001,-31.5,-10.600000000000001,42.1,0.0,0.0,0,1.03857421875,0.12445068359375,62A6,59013101740049FFF48FFEBE00074FFEC5FF9601A5000000000000000000213CFEE062A6
25.28,65068.9,306.27,19,9,2024,2,39,38,47.614867,-122.17835699999999,89,307,374,0049,-17.6,-29.5,10.0,-29.200000000000003,-10.700000000000001,44.7,0.0,0.0,0,1.03857421875,0.12445068359375,2C04,59013301760049FFF50FFED900064FFEDCFF9501BF000000000000000000213CFEE02C04
25.28,65068.9,306.27,19,9,2024,2,39,39,47.614861,-122.178354,89,308,375,0049,-17.7,-29.900000000000002,10.3,-29.5,-10.600000000000001,42.1,0.0,0.0,0,1.03857421875,0.12445068359375,733B,59013401770049FFF4FFFED500067FFED9FF9601A5000000000000000000213CFEE0733B
25.28,65068.9,306.27,19,9,2024,2,39,40,47.614844999999995,-122.17834599999999,89,309,377,0049,-18.1,-31.3,11.0,-30.8,-11.100000000000001,44.7,0.0,0.0,0,1.03857421875,0.12445068359375,F90D,59013501790049FFF4BFFEC70006EFFECCFF9101BF000000000000000000213CFEE0F90D
25.28,65068.9,306.27,19,9,2024,2,39,42,47.614805999999994,-122.178309,89,311,379,0049,-20.200000000000003,-30.700000000000003,12.5,-33.4,-12.0,46.4,0.0,0.0,0,0.9967041015625,0.12482070922851562,09A7,590137017B0049FFF36FFECD0007DFFEB2FF8801D00000000000000000001FE5FFA209A7
25.28,65068.9,306.27,19,9,2024,2,39,43,47.61479,-122.178298,89,312,380,0049,-20.5,-32.1,13.5,-34.5,-11.9,48.2,0.0,0.0,0,0.9967041015625,0.12482070922851562,8FAE,590138017C0049FFF33FFEBF00087FFEA7FF8901E20000000000000000001FE5FFA28FAE
25.28,65068.9,306.27,19,9,2024,2,39,45,47.614802,-122.178314,89,314,382,0049,-21.400000000000002,-35.0,15.200000000000001,-36.9,-12.0,46.2,0.0,0.0,0,0.9967041015625,0.12482070922851562,3F61,59013A017E0049FFF2AFFEA200098FFE8FFF8801CE0000000000000000001FE5FFA23F61
25.28,65068.9,306.27,19,9,2024,2,39,46,47.614822,-122.178339,89,315,382,0049,-21.400000000000002,-35.0,15.200000000000001,-36.9,-12.0,46.2,0.0,0.0,0,0.9967041015625,0.12482070922851562,0B65,59013B017E0049FFF2AFFEA200098FFE8FFF8801CE0000000000000000001FE5FFA20B65
25.28,65068.9,306.27,19,9,2024,2,39,48,47.614832,-122.178382,89,317,385,0049,-22.3,-37.7,16.900000000000002,-39.2,-12.100000000000001,47.1,0.0,0.0,0,0.9967041015625,0.12482070922851562,2977,59013D01810049FFF21FFE87000A9FFE78FF8701D70000000000000000001FE5FFA22977
25.28,65068.9,306.27,19,9,2024,2,39,49,47.614823,-122.178394,89,318,386,0049,-22.700000000000003,-39.0,17.8,-40.300000000000004,-12.100000000000001,45.4,0.0,0.0,0,0.9967041015625,0.12482070922851562,7A71,59013E01820049FFF1DFFE7A000B2FFE6DFF8701C60000000000000000001FE5FFA27A71
25.28,65068.9,306.27,19,9,2024,2,39,51,47.614816999999995,-122.17843699999999,89,320,389,0049,-24.8,-40.400000000000006,17.6,-42.800000000000004,-12.600000000000001,43.6,0.0,0.0,0,0.9967041015625,0.12482070922851562,C642,59014001850049FFF08FFE6C000B0FFE54FF8201B40000000000000000001FE5FFA2C642
25.28,65068.9,306.27,19,9,2024,2,39,52,47.614810999999996,-122.178438,89,321,390,0049,-26.200000000000003,-40.0,16.400000000000002,-43.7,-13.0,43.6,0.0,0.0,0,0.9967041015625,0.12482070922851562,A5AC,59014101860049FFEFAFFE70000A4FFE4BFF7E01B40000000000000000001FE5FFA2A5AC
25.28,65068.9,306.27,19,9,2024,2,39,53,47.614805999999994,-122.17843699999999,89,322,391,0049,-27.5,-39.1,15.0,-44.2,-13.9,42.7,0.0,0.0,0,0.9967041015625,0.12482070922851562,4D1D,59014201870049FFEEDFFE7900096FFE46FF7501AB0000000000000000001FE5FFA24D1D
25.28,65068.9,306.27,19,9,2024,2,39,55,47.614807,-122.17843599999999,89,324,393,0049,-29.0,-38.400000000000006,13.5,-45.0,-22.6,32.2,0.0,0.0,0,0.9967041015625,0.12482070922851562,5291,59014401890049FFEDEFFE8000087FFE3EFF1E01420000000000000000001FE5FFA25291
25.28,65068.9,306.27,19,9,2024,2,39,57,47.614796999999996,-122.178422,89,326,396,0049,-30.700000000000003,-37.0,11.4,-45.5,-27.3,26.1,0.0,0.0,0,0.9967041015625,0.12482070922851562,FA77,590146018C0049FFECDFFE8E00072FFE39FEEF01050000000000000000001FE5FFA2FA77
25.28,65068.9,306.27,19,9,2024,2,39,58,47.614793999999996,-122.178415,89,327,397,0049,-31.3,-36.6,10.700000000000001,-45.800000000000004,-31.3,20.9,0.0,0.0,0,0.9967041015625,0.12482070922851562,9292,590147018D0049FFEC7FFE920006BFFE36FEC700D10000000000000000001FE5FFA29292
25.28,65068.9,306.27,19,9,2024,2,39,59,47.614796,-122.17841399999999,89,328,399,0049,-31.400000000000002,-36.800000000000004,10.100000000000001,-46.0,-35.300000000000004,14.0,0.0,0.0,0,0.9923095703125,0.12479019165039062,8410,590148018F0049FFEC6FFE9000065FFE34FE9F008C0000000000000000001FC1FF928410
25.28,65068.9,306.27,19,9,2024,2,40,0,47.614796999999996,-122.17840799999999,89,329,401,0049,-31.900000000000002,-36.5,9.5,-46.2,-41.300000000000004,14.0,0.0,0.0,0,0.9923095703125,0.12479019165039062,C816,59014901910049FFEC1FFE930005FFFE32FE63008C0000000000000000001FC1FF92C816
25.28,65068.9,306.27,19,9,2024,2,40,1,47.614799,-122.178398,89,330,402,0049,-31.900000000000002,-36.5,9.5,-46.2,-41.300000000000004,14.0,0.0,0.0,0,0.9923095703125,0.12479019165039062,6792,59014A01920049FFEC1FFE930005FFFE32FE63008C0000000000000000001FC1FF926792
25.28,65068.9,306.27,19,9,2024,2,40,2,47.614796999999996,-122.17839099999999,89,331,403,0049,-32.4,-36.1,8.9,-46.300000000000004,-44.7,14.9,0.0,0.0,0,0.9923095703125,0.12479019165039062,63AA,59014B01930049FFEBCFFE9700059FFE31FE4100950000000000000000001FC1FF9263AA
25.28,65068.9,306.27,19,9,2024,2,40,3,47.614791,-122.178377,89,332,405,0049,-32.9,-35.7,8.3,-46.5,-49.400000000000006,10.5,0.0,0.0,0,0.9923095703125,0.12479019165039062,09D5,59014C01950049FFEB7FFE9B00053FFE2FFE1200690000000000000000001FC1FF9209D5
25.28,65068.9,306.27,19,9,2024,2,40,4,47.614768999999995,-122.17835099999999,89,333,406,0049,-33.7,-35.0,7.300000000000001,-46.7,-51.900000000000006,9.6,0.0,0.0,0,0.9923095703125,0.12479019165039062,1CCF,59014D01960049FFEAFFFEA200049FFE2DFDF900600000000000000000001FC1FF921CCF
25.28,65068.9,306.27,19,9,2024,2,40,5,47.614762999999996,-122.17833999999999,89,334,408,0049,-34.5,-34.300000000000004,6.2,-46.900000000000006,-54.300000000000004,7.8,0.0,0.0,0,0.9923095703125,0.12479019165039062,541E,59014E01980049FFEA7FFEA90003EFFE2BFDE1004E0000000000000000001FC1FF92541E
25.28,65068.9,306.27,19,9,2024,2,40,6,47.614760999999994,-122.17832999999999,89,335,409,0049,-35.300000000000004,-33.300000000000004,5.0,-47.0,-54.800000000000004,8.7,0.0,0.0,0,0.9923095703125,0.12479019165039062,4619,59014F01990049FFE9FFFEB300032FFE2AFDDC00570000000000000000001FC1FF924619
25.28,65068.9,306.27,19,9,2024,2,40,7,47.61476,-122.178325,89,336,410,0049,-36.1,-32.4,3.7,-47.0,-58.400000000000006,8.7,0.0,0.0,0,0.9923095703125,0.12479019165039062,A9B0,590150019A0049FFE97FFEBC00025FFE2AFDB800570000000000000000001FC1FF92A9B0
25.28,65068.9,306.27,19,9,2024,2,40,9,47.614751,-122.178311,89,338,413,0049,-37.6,-29.8,0.8,-46.7,-60.5,6.9,0.0,0.0,0,0.9923095703125,0.12479019165039062,3711,590152019D0049FFE88FFED600008FFE2DFDA300450000000000000000001FC1FF923711
25.28,65068.9,306.27,19,9,2024,2,40,10,47.614746,-122.178298,89,339,415,0049,-38.300000000000004,-28.6,-0.6000000000000001,-46.5,-60.7,6.9,0.0,0.0,0,0.9923095703125,0.12479019165039062,FE45,590153019F0049FFE81FFEE2FFFFAFFE2FFDA100450000000000000000001FC1FF92FE45
25.28,65068.9,306.27,19,9,2024,2,40,11,47.614734999999996,-122.178287,89,340,416,0049,-38.300000000000004,-28.6,-0.6000000000000001,-46.5,-60.7,6.9,0.0,0.0,0,0.9923095703125,0.12479019165039062,171E,59015401A00049FFE81FFEE2FFFFAFFE2FFDA100450000000000000000001FC1FF92171E
25.28,65068.9,306.27,19,9,2024,2,40,12,47.614734999999996,-122.178276,89,341,417,0049,-39.1,-27.3,-2.1,-46.400000000000006,-60.800000000000004,6.9,0.0,0.0,0,0.9923095703125,0.12479019165039062,3328,59015501A10049FFE79FFEEFFFFEBFFE30FDA000450000000000000000001FC1FF923328
25.28,65068.9,306.27,19,9,2024,2,40,13,47.614733,-122.17825599999999,89,342,418,0049,-39.300000000000004,-25.900000000000002,-3.3000000000000003,-45.7,-61.6,3.5,0.0,0.0,0,0.9923095703125,0.12479019165039062,4114,59015601A20049FFE77FFEFDFFFDFFFE37FD9800230000000000000000001FC1FF924114
25.28,65068.9,306.27,19,9,2024,2,40,14,47.614723999999995,-122.178249,89,343,418,0049,-39.300000000000004,-25.900000000000002,-3.3000000000000003,-45.7,-61.6,3.4,0.0,0.0,0,0.9923095703125,0.12479019165039062,478E,59015701A20049FFE77FFEFDFFFDFFFE37FD9800220000000000000000001FC1FF92478E
25.28,65068.9,306.27,19,9,2024,2,40,16,47.614722,-122.17823,89,345,421,0049,-38.5,-24.200000000000003,-6.0,-42.7,-66.10000000000001,7.7,0.0,0.0,0,1.0113525390625,0.12462043762207031,79B5,59015901A50049FFE7FFFF0EFFFC4FFE55FD6B004D000000000000000000205DFF3979B5
25.28,65068.9,306.27,19,9,2024,2,40,18,47.614717999999996,-122.17819899999999,89,347,423,0049,-37.800000000000004,-21.400000000000002,-7.800000000000001,-40.400000000000006,-67.5,3.4,0.0,0.0,0,1.0113525390625,0.12462043762207031,0863,59015B01A70049FFE86FFF2AFFFB2FFE6CFD5D0022000000000000000000205DFF390863
25.28,65068.9,306.27,19,9,2024,2,40,19,47.614717999999996,-122.178186,89,348,423,0049,-37.800000000000004,-21.400000000000002,-7.800000000000001,-40.400000000000006,-67.5,3.4,0.0,0.0,0,1.0113525390625,0.12462043762207031,1B9F,59015C01A70049FFE86FFF2AFFFB2FFE6CFD5D0022000000000000000000205DFF391B9F
25.28,65068.9,306.27,19,9,2024,2,40,20,47.614715,-122.178164,89,349,425,0049,-37.1,-18.3,-9.700000000000001,-37.9,-77.5,0.8,0.0,0.0,0,1.0113525390625,0.12462043762207031,120D,59015D01A90049FFE8DFFF49FFF9FFFE85FCF90008000000000000000000205DFF39120D
25.28,65068.9,306.27,19,9,2024,2,40,21,47.614712999999995,-122.178141,89,350,425,0049,-37.1,-18.3,-9.700000000000001,-37.9,-77.5,6550.9,0.0,0.0,0,1.0113525390625,0.12462043762207031,7CDC,59015E01A90049FFE8DFFF49FFF9FFFE85FCF9FFE5000000000000000000205DFF397CDC
25.28,65068.9,306.27,19,9,2024,2,40,22,47.614706,-122.178124,89,351,426,0049,-36.7,-16.900000000000002,-10.600000000000001,-36.7,-79.0,6550.0,0.0,0.0,0,1.0113525390625,0.12462043762207031,18FB,59015F01AA0049FFE91FFF57FFF96FFE91FCEAFFDC000000000000000000205DFF3918FB
25.28,65068.9,306.27,19,9,2024,2,40,23,47.614698999999995,-122.178108,89,352,427,0049,-36.4,-15.4,-11.5,-35.5,-79.10000000000001,6551.8,0.0,0.0,0,1.0113525390625,0.12462043762207031,D203,59016001AB0049FFE94FFF66FFF8DFFE9DFCE9FFEE000000000000000000205DFF39D203
25.28,65068.9,306.27,19,9,2024,2,40,24,47.614694,-122.17808699999999,89,353,428,0049,-36.0,-14.0,-12.4,-34.300000000000004,-81.2,6550.0,0.0,0.0,0,1.0113525390625,0.12462043762207031,C665,59016101AC0049FFE98FFF74FFF84FFEA9FCD4FFDC000000000000000000205DFF39C665
25.28,65068.9,306.27,19,9,2024,2,40,25,47.614695999999995,-122.178068,89,354,429,0049,-35.7,-12.600000000000001,-13.200000000000001,-33.1,-81.60000000000001,6549.1,0.0,0.0,0,1.0113525390625,0.12462043762207031,1D65,59016201AD0049FFE9BFFF82FFF7CFFEB5FCD0FFD3000000000000000000205DFF391D65
25.28,65068.9,306.27,19,9,2024,2,40,26,47.614701,-122.178057,89,355,431,0049,-35.2,-11.200000000000001,-14.0,-31.900000000000002,-82.7,6550.0,0.0,0.0,0,1.0113525390625,0.12462043762207031,049D,59016301AF0049FFEA0FFF90FFF74FFEC1FCC5FFDC000000000000000000205DFF39049D
25.28,65068.9,306.27,19,9,2024,2,40,28,47.614703,-122.17804199999999,89,357,433,0049,-34.5,-8.4,-15.700000000000001,-29.6,-84.9,6543.0,0.0,0.0,0,1.0113525390625,0.12462043762207031,B7FF,59016501B10049FFEA7FFFACFFF63FFED8FCAFFF96000000000000000000205DFF39B7FF
25.28,65068.9,306.27,19,9,2024,2,40,29,47.614702,-122.178023,89,358,433,0049,-34.5,-8.4,-15.700000000000001,-29.6,-84.9,6543.1,0.0,0.0,0,1.0113525390625,0.12462043762207031,969D,59016601B10049FFEA7FFFACFFF63FFED8FCAFFF97000000000000000000205DFF39969D
25.28,65068.9,306.27,19,9,2024,2,40,31,47.614709999999995,-122.178012,89,360,435,0049,-33.9,-5.6000000000000005,-17.400000000000002,-27.3,-87.2,6541.2,0.0,0.0,0,1.0113525390625,0.12462043762207031,10FB,59016801B30049FFEADFFFC8FFF52FFEEFFC98FF84000000000000000000205DFF3910FB
25.28,65068.9,306.27,19,9,2024,2,40,32,47.614709999999995,-122.177995,89,361,437,0049,-33.7,-4.5,-18.2,-26.5,-89.0,6541.3,0.0,0.0,0,1.0113525390625,0.12462043762207031,A9B0,59016901B50049FFEAFFFFD3FFF4AFFEF7FC86FF85000000000000000000205DFF39A9B0
25.28,65068.9,306.27,19,9,2024,2,40,33,47.614712999999995,-122.177983,89,362,438,0049,-33.4,-3.4000000000000004,-18.8,-25.5,-91.5,6539.5,0.0,0.0,0,1.0113525390625,0.12462043762207031,6827,59016A01B60049FFEB2FFFDEFFF44FFF01FC6DFF73000000000000000000205DFF396827
25.28,65068.9,306.27,19,9,2024,2,40,34,47.614716,-122.177967,89,363,440,0049,-33.1,-2.3000000000000003,-19.5,-24.400000000000002,-93.80000000000001,6537.9,0.0,0.0,0,1.011962890625,0.12461090087890625,DF80,59016B01B80049FFEB5FFFE9FFF3DFFF0CFC56FF630000000000000000002062FF34DF80
25.28,65068.9,306.27,19,9,2024,2,40,35,47.61472,-122.177949,89,364,441,0049,-32.9,-1.1,-20.3,-23.5,-96.2,6537.7,0.0,0.0,0,1.011962890625,0.12461090087890625,9D2D,59016C01B90049FFEB7FFFF5FFF35FFF15FC3EFF610000000000000000002062FF349D2D
25.28,65068.9,306.27,19,9,2024,2,40,36,47.614723,-122.17793599999999,89,365,441,0049,-32.9,-1.1,-20.3,-23.5,-96.2,6539.5,0.0,0.0,0,1.011962890625,0.12461090087890625,E881,59016D01B90049FFEB7FFFF5FFF35FFF15FC3EFF730000000000000000002062FF34E881
25.28,65068.9,306.27,19,9,2024,2,40,37,47.61472,-122.177922,89,366,442,0049,-32.5,0.2,-21.1,-22.3,-96.9,6539.5,0.0,0.0,0,1.011962890625,0.12461090087890625,FB71,59016E01BA0049FFEBB00002FFF2DFFF21FC37FF730000000000000000002062FF34FB71
25.28,65068.9,306.27,19,9,2024,2,40,38,47.614720999999996,-122.177888,89,367,443,0049,-31.900000000000002,1.6,-21.700000000000003,-21.1,-98.0,6535.2,0.0,0.0,0,1.011962890625,0.12461090087890625,D42C,59016F01BB0049FFEC100010FFF27FFF2DFC2CFF480000000000000000002062FF34D42C
25.28,65068.9,306.27,19,9,2024,2,40,39,47.614714,-122.17786199999999,89,368,444,0049,-31.200000000000003,2.7,-22.200000000000003,-19.700000000000003,-99.2,6537.7,0.0,0.0,0,1.011962890625,0.12461090087890625,BBDA,59017001BC0049FFEC80001BFFF22FFF3BFC20FF610000000000000000002062FF34BBDA
25.28,65068.9,306.27,19,9,2024,2,40,40,47.614709999999995,-122.17783999999999,89,369,445,0049,-30.5,4.0,-22.700000000000003,-18.400000000000002,-100.10000000000001,6535.9,0.0,0.0,0,1.011962890625,0.12461090087890625,9C80,59017101BD0049FFECF00028FFF1DFFF48FC17FF4F0000000000000000002062FF349C80
25.28,65068.9,306.27,19,9,2024,2,40,41,47.614717,-122.177826,89,370,446,0049,-29.700000000000003,5.300000000000001,-23.1,-17.0,-100.9,6530.8,0.0,0.0,0,1.011962890625,0.12461090087890625,A16B,59017201BE0049FFED700035FFF19FFF56FC0FFF1C0000000000000000002062FF34A16B
25.28,65068.9,306.27,19,9,2024,2,40,42,47.614716,-122.17779999999999,89,371,447,0049,-29.0,6.5,-23.6,-15.600000000000001,-101.7,6530.8,0.0,0.0,0,1.011962890625,0.12461090087890625,87E5,59017301BF0049FFEDE00041FFF14FFF64FC07FF1C0000000000000000002062FF3487E5
25.28,65068.9,306.27,19,9,2024,2,40,43,47.614717,-122.17778299999999,89,372,448,0049,-28.3,7.7,-24.1,-14.3,-102.5,6529.9,0.0,0.0,0,1.011962890625,0.12461090087890625,3FD1,59017401C00049FFEE50004DFFF0FFFF71FBFFFF130000000000000000002062FF343FD1
25.28,65068.9,306.27,19,9,2024,2,40,44,47.614733,-122.177776,89,373,450,0049,-27.8,9.0,-24.8,-13.100000000000001,-103.30000000000001,6530.8,0.0,0.0,0,1.011962890625,0.12461090087890625,3169,59017501C20049FFEEA0005AFFF08FFF7DFBF7FF1C0000000000000000002062FF343169
25.28,65068.9,306.27,19,9,2024,2,40,45,47.614734,-122.177763,89,374,451,0049,-27.3,10.3,-25.400000000000002,-11.9,-106.7,6529.0,0.0,0.0,0,1.011962890625,0.12461090087890625,406D,59017601C30049FFEEF00067FFF02FFF89FBD5FF0A0000000000000000002062FF34406D
25.28,65068.9,306.27,19,9,2024,2,40,46,47.614734,-122.177758,89,375,451,0049,-27.3,10.3,-25.400000000000002,-11.9,-106.7,6529.0,0.0,0.0,0,1.011962890625,0.12461090087890625,5391,59017701C30049FFEEF00067FFF02FFF89FBD5FF0A0000000000000000002062FF345391
25.28,65068.9,306.27,19,9,2024,2,40,46,47.614734,-122.177758,89,376,452,0049,-26.700000000000003,11.5,-25.900000000000002,-10.700000000000001,-109.80000000000001,6523.8,0.0,0.0,0,1.011962890625,0.12461090087890625,A7C4,59017801C40049FFEF500073FFEFDFFF95FBB6FED60000000000000000002062FF34A7C4
25.28,65068.9,306.27,19,9,2024,2,40,46,47.614734,-122.177758,89,377,453,0049,-26.3,12.700000000000001,-26.6,-9.600000000000001,-110.0,6528.1,0.0,0.0,0,1.011962890625,0.12461090087890625,3CB0,59017901C50049FFEF90007FFFEF6FFFA0FBB4FF010000000000000000002062FF343CB0
25.28,65068.9,306.27,19,9,2024,2,40,49,47.614734,-122.177758,89,378,455,0049,-26.0,13.9,-27.3,-8.6,-112.5,6529.0,0.0,0.0,0,1.011962890625,0.12461090087890625,7CB8,59017A01C70049FFEFC0008BFFEEFFFFAAFB9BFF0A0000000000000000002062FF347CB8
25.28,65068.9,306.27,19,9,2024,2,40,50,47.614807,-122.17772799999999,89,379,456,0049,-25.3,14.9,-27.6,-7.4,-114.60000000000001,6529.0,0.0,0.0,0,1.011962890625,0.12461090087890625,BB67,59017B01C80049FFF0300095FFEECFFFB6FB86FF0A0000000000000000002062FF34BB67
25.28,65068.9,306.27,19,9,2024,2,40,51,47.614819,-122.177692,89,380,459,0049,-26.6,13.5,-27.6,-7.4,-114.60000000000001,6525.6,0.0,0.0,0,1.0301513671875,0.12446975708007812,48B6,59017C01CB0049FFEF600087FFEECFFFB6FB86FEE800000000000000000020F7FEEA48B6
25.28,65068.9,306.27,19,9,2024,2,40,51,47.614819,-122.177692,89,381,460,0049,-26.5,13.600000000000001,-27.700000000000003,-7.300000000000001,-114.60000000000001,6523.8,0.0,0.0,0,1.0301513671875,0.12446975708007812,307E,59017D01CC0049FFEF700088FFEEBFFFB7FB86FED600000000000000000020F7FEEA307E
25.28,65068.9,306.27,19,9,2024,2,40,53,47.614784,-122.177617,89,382,462,0049,-26.400000000000002,14.9,-28.5,-6.4,-117.10000000000001,6522.1,0.0,0.0,0,1.0301513671875,0.12446975708007812,F6C2,59017E01CE0049FFEF800095FFEE3FFFC0FB6DFEC500000000000000000020F7FEEAF6C2
25.28,65068.9,306.27,19,9,2024,2,40,54,47.614768,-122.17760299999999,89,383,463,0049,-26.200000000000003,16.3,-29.400000000000002,-5.300000000000001,-117.4,6525.4,0.0,0.0,0,1.0301513671875,0.12446975708007812,BE51,59017F01CF0049FFEFA000A3FFEDAFFFCBFB6AFEE600000000000000000020F7FEEABE51
25.28,65068.9,306.27,19,9,2024,2,40,55,47.614754,-122.17758699999999,89,384,464,0049,-26.1,17.8,-30.5,-4.2,-118.10000000000001,6528.1,0.0,0.0,0,1.0301513671875,0.12446975708007812,D49F,59018001D00049FFEFB000B2FFECFFFFD6FB63FF0100000000000000000020F7FEEAD49F
25.28,65068.9,306.27,19,9,2024,2,40,56,47.614759,-122.177573,89,385,465,0049,-25.900000000000002,19.3,-31.400000000000002,-3.0,-117.80000000000001,6525.6,0.0,0.0,0,1.0301513671875,0.12446975708007812,CCD3,59018101D10049FFEFD000C1FFEC6FFFE2FB66FEE800000000000000000020F7FEEACCD3
25.28,65068.9,306.27,19,9,2024,2,40,58,47.614757,-122.17755199999999,89,387,468,0049,-25.6,20.8,-32.300000000000004,-1.7000000000000002,-117.9,6520.3,0.0,0.0,0,1.0301513671875,0.12446975708007812,C220,59018301D40049FFF00000D0FFEBDFFFEFFB65FEB300000000000000000020F7FEEAC220
25.28,65068.9,306.27,19,9,2024,2,40,59,47.614757,-122.177543,89,388,470,0049,-25.200000000000003,22.3,-33.1,-0.5,-118.10000000000001,6518.5,0.0,0.0,0,1.0301513671875,0.12446975708007812,C074,59018401D60049FFF04000DFFFEB5FFFFBFB63FEA100000000000000000020F7FEEAC074
25.28,65068.9,306.27,19,9,2024,2,41,0,47.614759,-122.177538,89,389,472,0049,-25.0,23.700000000000003,-34.1,0.6000000000000001,-118.5,6515.1,0.0,0.0,0,1.0301513671875,0.12446975708007812,34CA,59018501D80049FFF06000EDFFEAB00006FB5FFE7F00000000000000000020F7FEEA34CA
25.28,65068.9,306.27,19,9,2024,2,41,1,47.614757,-122.177523,89,390,473,0049,-24.700000000000003,25.1,-34.9,1.8,-119.0,6514.9,0.0,0.0,0,1.0301513671875,0.12446975708007812,B10A,59018601D90049FFF09000FBFFEA300012FB5AFE7D00000000000000000020F7FEEAB10A
25.28,65068.9,306.27,19,9,2024,2,41,2,47.614757999999995,-122.17750699999999,89,391,474,0049,-24.400000000000002,26.6,-35.7,3.0,-119.5,6514.2,0.0,0.0,0,1.0301513671875,0.12446975708007812,CC2E,59018701DA0049FFF0C0010AFFE9B0001EFB55FE7600000000000000000020F7FEEACC2E
25.28,65068.9,306.27,19,9,2024,2,41,3,47.614757999999995,-122.177489,89,392,475,0049,-24.1,28.0,-36.6,4.2,-122.0,6515.1,0.0,0.0,0,1.0301513671875,0.12446975708007812,1450,59018801DB0049FFF0F00118FFE920002AFB3CFE7F00000000000000000020F7FEEA1450
25.28,65068.9,306.27,19,9,2024,2,41,4,47.614762999999996,-122.177481,89,393,477,0049,-24.0,28.6,-37.0,4.6000000000000005,-126.7,6514.2,0.0,0.0,0,1.0301513671875,0.12446975708007812,E738,59018901DD0049FFF100011EFFE8E0002EFB0DFE7600000000000000000020F7FEEAE738
25.28,65068.9,306.27,19,9,2024,2,41,6,47.614782,-122.177475,89,395,480,0049,-23.8,30.200000000000003,-38.0,6.300000000000001,-132.20000000000002,6514.9,0.0,0.0,0,1.031494140625,0.12445068359375,9CE4,59018B01E00049FFF120012EFFE840003FFAD6FE7D0000000000000000002102FEE09CE4
25.28,65068.9,306.27,19,9,2024,2,41,7,47.614788999999995,-122.177472,89,396,481,0049,-22.400000000000002,30.6,-37.300000000000004,7.6000000000000005,-132.70000000000002,6512.4,0.0,0.0,0,1.031494140625,0.12445068359375,9124,59018C01E10049FFF2000132FFE8B0004CFAD1FE640000000000000000002102FEE09124
25.28,65068.9,306.27,19,9,2024,2,41,8,47.614792,-122.177461,89,397,481,0049,-22.400000000000002,30.6,-37.300000000000004,7.6000000000000005,-132.70000000000002,6511.5,0.0,0.0,0,1.031494140625,0.12445068359375,3BDE,59018D01E10049FFF2000132FFE8B0004CFAD1FE5B0000000000000000002102FEE03BDE
25.28,65068.9,306.27,19,9,2024,2,41,10,47.614799,-122.17744499999999,89,399,484,0049,-19.5,30.900000000000002,-35.5,9.9,-132.4,6509.8,0.0,0.0,0,1.031494140625,0.12445068359375,D36E,59018F01E40049FFF3D00135FFE9D00063FAD4FE4A0000000000000000002102FEE0D36E
25.28,65068.9,306.27,19,9,2024,2,41,11,47.614812,-122.177449,89,400,486,0049,-18.1,31.3,-34.800000000000004,11.200000000000001,-132.1,6513.2,0.0,0.0,0,1.031494140625,0.12445068359375,89CD,59019001E60049FFF4B00139FFEA400070FAD7FE6C0000000000000000002102FEE089CD
25.28,65068.9,306.27,19,9,2024,2,41,12,47.614826,-122.17745199999999,89,401,487,0049,-16.7,31.8,-34.2,12.5,-131.70000000000002,6514.1,0.0,0.0,0,1.031494140625,0.12445068359375,A59A,59019101E70049FFF590013EFFEAA0007DFADBFE750000000000000000002102FEE0A59A
25.28,65068.9,306.27,19,9,2024,2,41,13,47.614835,-122.17745099999999,89,402,489,0049,-15.4,32.4,-33.7,13.9,-131.3,6514.9,0.0,0.0,0,1.031494140625,0.12445068359375,F13D,59019201E90049FFF6600144FFEAF0008BFADFFE7D0000000000000000002102FEE0F13D
25.28,65068.9,306.27,19,9,2024,2,41,14,47.614843,-122.17744499999999,89,403,491,0049,-13.9,32.800000000000004,-33.1,15.3,-130.8,6511.5,0.0,0.0,0,1.031494140625,0.12445068359375,396A,59019301EB0049FFF7500148FFEB500099FAE4FE5B0000000000000000002102FEE0396A
25.28,65068.9,306.27,19,9,2024,2,41,15,47.614853,-122.177442,89,404,492,0049,-12.4,32.800000000000004,-32.0,16.3,-130.8,6513.2,0.0,0.0,0,1.031494140625,0.12445068359375,3F2C,59019401EC0049FFF8400148FFEC0000A3FAE4FE6C0000000000000000002102FEE03F2C
25.28,65068.9,306.27,19,9,2024,2,41,16,47.614858999999996,-122.17744499999999,89,405,494,0049,-10.9,32.5,-30.8,17.2,-131.0,6515.7,0.0,0.0,0,1.031494140625,0.12445068359375,A10F,59019501EE0049FFF9300145FFECC000ACFAE2FE850000000000000000002102FEE0A10F
25.28,65068.9,306.27,19,9,2024,2,41,17,47.614858,-122.177438,89,406,496,0049,-9.4,32.4,-29.700000000000003,18.2,-130.6,6514.9,0.0,0.0,0,1.031494140625,0.12445068359375,2978,59019601F00049FFFA200144FFED7000B6FAE6FE7D0000000000000000002102FEE02978
25.28,65068.9,306.27,19,9,2024,2,41,18,47.614858999999996,-122.177427,89,407,497,0049,-7.9,32.300000000000004,-28.5,19.200000000000003,-130.4,6514.9,0.0,0.0,0,1.031494140625,0.12445068359375,15EA,59019701F10049FFFB100143FFEE3000C0FAE8FE7D0000000000000000002102FEE015EA
25.28,65068.9,306.27,19,9,2024,2,41,19,47.614869,-122.177426,89,408,499,0049,-4.0,32.9,-27.400000000000002,20.200000000000003,-130.6,6518.4,0.0,0.0,0,1.006591796875,0.12462997436523438,FF9A,59019801F30049FFFD800149FFEEE000CAFAE6FEA00000000000000000002036FF3EFF9A
25.28,65068.9,306.27,19,9,2024,2,41,20,47.614877,-122.17742399999999,89,409,501,0049,-2.3000000000000003,32.6,-26.1,21.200000000000003,-130.3,6518.4,0.0,0.0,0,1.006591796875,0.12462997436523438,0C1B,59019901F50049FFFE900146FFEFB000D4FAE9FEA00000000000000000002036FF3E0C1B
25.28,65068.9,306.27,19,9,2024,2,41,21,47.614888,-122.17741,89,410,502,0049,-0.9,32.300000000000004,-24.900000000000002,22.1,-130.1,6518.3,0.0,0.0,0,1.006591796875,0.12462997436523438,4258,59019A01F60049FFFF700143FFF07000DDFAEBFE9F0000000000000000002036FF3E4258
25.28,65068.9,306.27,19,9,2024,2,41,22,47.614895999999995,-122.177414,89,411,503,0049,0.6000000000000001,31.900000000000002,-23.700000000000003,23.0,-130.4,6513.2,0.0,0.0,0,1.006591796875,0.12462997436523438,A967,59019B01F70049000060013FFFF13000E6FAE8FE6C0000000000000000002036FF3EA967
25.28,65068.9,306.27,19,9,2024,2,41,23,47.614906999999995,-122.17739999999999,89,412,505,0049,2.1,31.6,-22.5,23.900000000000002,-130.5,6513.2,0.0,0.0,0,1.006591796875,0.12462997436523438,6E23,59019C01F90049000150013CFFF1F000EFFAE7FE6C0000000000000000002036FF3E6E23
25.28,65068.9,306.27,19,9,2024,2,41,25,47.614917999999996,-122.17737899999999,89,414,508,0049,5.2,30.8,-19.900000000000002,25.700000000000003,-129.8,6515.7,0.0,0.0,0,1.006591796875,0.12462997436523438,1584,59019E01FC00490003400134FFF3900101FAEEFE850000000000000000002036FF3E1584
25.28,65068.9,306.27,19,9,2024,2,41,26,47.614929,-122.177386,89,415,509,0049,6.6000000000000005,30.1,-18.5,26.3,-130.3,6513.9,0.0,0.0,0,1.006591796875,0.12462997436523438,1487,59019F01FD0049000420012DFFF4700107FAE9FE730000000000000000002036FF3E1487
25.28,65068.9,306.27,19,9,2024,2,41,27,47.614934,-122.17738999999999,89,416,510,0049,7.7,29.0,-16.900000000000002,26.400000000000002,-130.9,6513.2,0.0,0.0,0,1.006591796875,0.12462997436523438,BE04,5901A001FE00490004D00122FFF5700108FAE3FE6C0000000000000000002036FF3EBE04
25.28,65068.9,306.27,19,9,2024,2,41,28,47.614939,-122.17739399999999,89,417,511,0049,8.9,28.0,-15.4,26.6,-131.8,6513.0,0.0,0.0,0,1.006591796875,0.12462997436523438,ACAB,5901A101FF00490005900118FFF660010AFADAFE6A0000000000000000002036FF3EACAB
25.28,65068.9,306.27,19,9,2024,2,41,29,47.614959,-122.17742,89,418,512,0049,9.9,26.700000000000003,-13.8,26.5,-133.0,6512.0,0.0,0.0,0,1.006591796875,0.12462997436523438,3AA9,5901A202000049000630010BFFF7600109FACEFE600000000000000000002036FF3E3AA9
25.28,65068.9,306.27,19,9,2024,2,41,30,47.614962,-122.17743,89,419,513,0049,10.5,25.3,-12.3,26.1,-134.8,6514.7,0.0,0.0,0,1.006591796875,0.12462997436523438,8FB6,5901A30201004900069000FDFFF8500105FABCFE7B0000000000000000002036FF3E8FB6
25.28,65068.9,306.27,19,9,2024,2,41,31,47.614968,-122.17745,89,420,514,0049,10.700000000000001,23.900000000000002,-11.200000000000001,25.3,-137.1,6514.7,0.0,0.0,0,1.006591796875,0.12462997436523438,41E7,5901A4020200490006B000EFFFF90000FDFAA5FE7B0000000000000000002036FF3E41E7
25.28,65068.9,306.27,19,9,2024,2,41,31,47.614968,-122.17745,89,421,514,0049,10.700000000000001,23.900000000000002,-11.200000000000001,25.3,-137.1,6513.8,0.0,0.0,0,1.006591796875,0.12462997436523438,91FD,5901A5020200490006B000EFFFF90000FDFAA5FE720000000000000000002036FF3E91FD
182.32,151463.45,655.35,19,9,2024,2,41,31,47.614968,-122.17745,89,422,515,0049,10.3,22.700000000000003,-10.5,24.200000000000003,-136.1,6521.6,0.0,0.0,0,1.006591796875,0.12462997436523438,3FF1,5901A60203004900067000E3FFF97000F2FAAFFEC00000000000000000002036FF3E3FF1
25.28,65068.9,306.27,19,9,2024,2,41,31,47.614968,-122.17745,89,423,516,0049,10.4,21.8,-9.8,23.8,-132.9,6523.3,0.0,0.0,0,1.006591796875,0.12462997436523438,D366,5901A70204004900068000DAFFF9E000EEFACFFED10000000000000000002036FF3ED366
25.28,65068.9,306.27,19,9,2024,2,41,31,47.614968,-122.17745,89,424,517,0049,10.200000000000001,20.8,-9.200000000000001,22.900000000000002,-130.0,6522.4,0.0,0.0,0,1.006591796875,0.12462997436523438,EFA3,5901A80205004900066000D0FFFA4000E5FAECFEC80000000000000000002036FF3EEFA3
25.28,65068.9,306.27,19,9,2024,2,41,36,47.614968,-122.17745,89,425,517,0049,10.200000000000001,20.8,-9.200000000000001,22.900000000000002,-130.0,6525.9,0.0,0.0,0,1.006591796875,0.12462997436523438,653D,5901A90205004900066000D0FFFA4000E5FAECFEEB0000000000000000002036FF3E653D
25.28,65068.9,306.27,19,9,2024,2,41,37,47.615103999999995,-122.17787899999999,89,426,518,0049,9.1,18.5,-8.200000000000001,20.6,-125.7,6525.0,0.0,0.0,0,1.006591796875,0.12462997436523438,215D,5901AA020600490005B000B9FFFAE000CEFB17FEE20000000000000000002036FF3E215D
25.28,65068.9,306.27,19,9,2024,2,41,38,47.615083999999996,-122.177859,89,427,520,0049,9.3,17.5,-7.5,19.3,-126.10000000000001,6519.0,0.0,0.0,0,0.97900390625,0.12475013732910156,3954,5901AB020800490005D000AFFFFB5000C1FB13FEA60000000000000000001F54FF7D3954
25.28,65068.9,306.27,19,9,2024,2,41,38,47.615083999999996,-122.177859,89,428,521,0049,8.700000000000001,16.1,-6.800000000000001,18.0,-126.30000000000001,6519.7,0.0,0.0,0,0.97900390625,0.12475013732910156,A958,5901AC0209004900057000A1FFFBC000B4FB11FEAD0000000000000000001F54FF7DA958
25.28,65068.9,306.27,19,9,2024,2,41,40,47.615078999999994,-122.177854,89,429,523,0049,7.9,14.8,-6.300000000000001,16.6,-127.10000000000001,6522.4,0.0,0.0,0,0.97900390625,0.12475013732910156,EF2D,5901AD020B00490004F00094FFFC1000A6FB09FEC80000000000000000001F54FF7DEF2D
25.28,65068.9,306.27,19,9,2024,2,41,41,47.615058,-122.17781699999999,89,430,524,0049,7.4,13.5,-5.7,15.3,-127.7,6520.6,0.0,0.0,0,0.97900390625,0.12475013732910156,2330,5901AE020C00490004A00087FFFC700099FB03FEB60000000000000000001F54FF7D2330
25.28,65068.9,306.27,19,9,2024,2,41,42,47.615044,-122.17778799999999,89,431,526,0049,6.7,12.200000000000001,-5.1000000000000005,13.9,-128.0,6522.3,0.0,0.0,0,0.97900390625,0.12475013732910156,6699,5901AF020E0049000430007AFFFCD0008BFB00FEC70000000000000000001F54FF7D6699
25.28,65068.9,306.27,19,9,2024,2,41,43,47.61504,-122.177792,89,432,527,0049,6.4,10.8,-4.2,12.700000000000001,-127.80000000000001,6523.2,0.0,0.0,0,0.97900390625,0.12475013732910156,1E90,5901B0020F0049000400006CFFFD60007FFB02FED00000000000000000001F54FF7D1E90
25.28,65068.9,306.27,19,9,2024,2,41,44,47.615030999999995,-122.177787,89,433,529,0049,6.300000000000001,9.3,-3.1,11.700000000000001,-127.2,6528.3,0.0,0.0,0,0.97900390625,0.12475013732910156,8EC6,5901B1021100490003F0005DFFFE100075FB08FF030000000000000000001F54FF7D8EC6
25.28,65068.9,306.27,19,9,2024,2,41,45,47.615029,-122.177796,89,434,531,0049,6.300000000000001,7.800000000000001,-2.0,10.9,-126.60000000000001,6529.2,0.0,0.0,0,0.97900390625,0.12475013732910156,09DC,5901B2021300490003F0004EFFFEC0006DFB0EFF0C0000000000000000001F54FF7D09DC
25.28,65068.9,306.27,19,9,2024,2,41,46,47.615029,-122.177802,89,435,532,0049,6.300000000000001,7.800000000000001,-2.0,10.9,-126.60000000000001,6531.0,0.0,0.0,0,0.97900390625,0.12475013732910156,0B19,5901B3021400490003F0004EFFFEC0006DFB0EFF1E0000000000000000001F54FF7D0B19
25.28,65068.9,306.27,19,9,2024,2,41,47,47.615029,-122.17781099999999,89,436,534,0049,6.5,6.5,-0.8,10.100000000000001,-125.9,6529.2,0.0,0.0,0,0.97900390625,0.12475013732910156,5ECB,5901B4021600490004100041FFFF800065FB15FF0C0000000000000000001F54FF7D5ECB
25.28,65068.9,306.27,19,9,2024,2,41,48,47.61503,-122.17781699999999,89,437,536,0049,6.7,5.1000000000000005,0.30000000000000004,9.4,-125.10000000000001,6531.0,0.0,0.0,0,0.97900390625,0.12475013732910156,34DC,5901B5021800490004300033000030005EFB1DFF1E0000000000000000001F54FF7D34DC
25.28,65068.9,306.27,19,9,2024,2,41,49,47.615033,-122.17782299999999,89,438,538,0049,6.800000000000001,4.3,1.1,8.9,-123.4,6537.0,0.0,0.0,0,0.97900390625,0.12475013732910156,7816,5901B6021A0049000440002B0000B00059FB2EFF5A0000000000000000001F54FF7D7816
25.28,65068.9,306.27,19,9,2024,2,41,50,47.615027999999995,-122.177825,89,439,540,0049,6.7,3.1,2.0,8.200000000000001,-118.10000000000001,6538.7,0.0,0.0,0,0.976318359375,0.1247100830078125,15FB,5901B7021C0049000430001F0001400052FB63FF6B0000000000000000001F3EFF6815FB
25.28,65068.9,306.27,19,9,2024,2,41,50,47.615027999999995,-122.177825,89,440,541,0049,6.800000000000001,2.5,2.5,7.9,-115.0,6541.3,0.0,0.0,0,0.976318359375,0.1247100830078125,9894,5901B8021D00490004400019000190004FFB82FF850000000000000000001F3EFF689894
25.28,65068.9,306.27,19,9,2024,2,41,50,47.615027999999995,-122.177825,89,441,543,0049,6.9,1.9000000000000001,3.1,7.6000000000000005,-112.5,6542.2,0.0,0.0,0,0.976318359375,0.1247100830078125,6FE0,5901B9021F004900045000130001F0004CFB9BFF8E0000000000000000001F3EFF686FE0
25.28,65068.9,306.27,19,9,2024,2,41,53,47.615027999999995,-122.177825,89,442,544,0049,6.9,1.0,3.8000000000000003,7.0,-109.4,6541.3,0.0,0.0,0,0.976318359375,0.1247100830078125,7C5E,5901BA02200049000450000A0002600046FBBAFF850000000000000000001F3EFF687C5E
25.28,65068.9,306.27,19,9,2024,2,41,53,47.615027999999995,-122.177825,89,443,545,0049,6.9,1.0,3.8000000000000003,7.0,-109.4,6536.9,0.0,0.0,0,0.976318359375,0.1247100830078125,91E9,5901BB02210049000450000A0002600046FBBAFF590000000000000000001F3EFF6891E9
25.28,65068.9,306.27,19,9,2024,2,41,55,47.614957,-122.177746,89,444,546,0049,5.5,0.5,3.2,5.7,-109.60000000000001,6537.8,0.0,0.0,0,0.976318359375,0.1247100830078125,F70B,5901BC0222004900037000050002000039FBB8FF620000000000000000001F3EFF68F70B
25.28,65068.9,306.27,19,9,2024,2,41,56,47.614931999999996,-122.177782,89,445,548,0049,4.1000000000000005,0.9,2.0,4.9,-109.60000000000001,6539.5,0.0,0.0,0,0.976318359375,0.1247100830078125,1355,5901BD0224004900029000090001400031FBB8FF730000000000000000001F3EFF681355
25.28,65068.9,306.27,19,9,2024,2,41,57,47.614937,-122.177753,89,446,550,0049,2.9000000000000004,0.8,1.3,3.8000000000000003,-111.10000000000001,6538.6,0.0,0.0,0,0.976318359375,0.1247100830078125,20A7,5901BE022600490001D000080000D00026FBA9FF6A0000000000000000001F3EFF6820A7
25.28,65068.9,306.27,19,9,2024,2,41,58,47.614937,-122.177815,89,447,552,0049,2.2,0.1,1.4000000000000001,2.9000000000000004,-110.80000000000001,6538.6,0.0,0.0,0,0.976318359375,0.1247100830078125,123E,5901BF0228004900016000010000E0001DFBACFF6A0000000000000000001F3EFF68123E
25.28,65068.9,306.27,19,9,2024,2,41,59,47.614934,-122.177864,89,448,553,0049,2.2,0.1,1.4000000000000001,2.9000000000000004,-110.80000000000001,6534.4,0.0,0.0,0,0.976318359375,0.1247100830078125,5135,5901C00229004900016000010000E0001DFBACFF400000000000000000001F3EFF685135
25.28,65068.9,306.27,19,9,2024,2,42,0,47.614936,-122.177866,89,449,555,0049,2.2,0.1,1.4000000000000001,2.9000000000000004,-110.80000000000001,6539.5,0.0,0.0,0,0.976318359375,0.1247100830078125,7A5D,5901C1022B004900016000010000E0001DFBACFF730000000000000000001F3EFF687A5D
25.28,65068.9,306.27,19,9,2024,2,42,1,47.614942,-122.17787899999999,89,450,555,0049,2.2,0.1,1.4000000000000001,2.9000000000000004,-110.80000000000001,6539.5,0.0,0.0,0,0.976318359375,0.1247100830078125,4E59,5901C2022B004900016000010000E0001DFBACFF730000000000000000001F3EFF684E59
25.28,65068.9,306.27,19,9,2024,2,42,2,47.614947,-122.17788399999999,89,451,555,0049,2.2,0.1,1.4000000000000001,2.9000000000000004,-110.80000000000001,6539.5,0.0,0.0,0,0.976318359375,0.1247100830078125,5DA5,5901C3022B004900016000010000E0001DFBACFF730000000000000000001F3EFF685DA5
25.28,65068.9,306.27,19,9,2024,2,42,3,47.614954,-122.17789099999999,89,452,557,0049,3.6,-0.1,2.5,3.8000000000000003,-110.2,6545.5,0.0,0.0,0,0.976318359375,0.1247100830078125,C629,5901C4022D004900024FFFFF0001900026FBB2FFAF0000000000000000001F3EFF68C629
25.28,65068.9,306.27,19,9,2024,2,42,4,47.614964,-122.17789499999999,89,453,558,0049,4.4,-1.2000000000000002,3.8000000000000003,3.7,-111.10000000000001,6545.5,0.0,0.0,0,0.976318359375,0.1247100830078125,7D22,5901C5022E00490002CFFFF40002600025FBA9FFAF0000000000000000001F3EFF687D22
25.28,65068.9,306.27,19,9,2024,2,42,5,47.614971999999995,-122.177899,89,454,558,0049,4.4,-1.2000000000000002,3.8000000000000003,3.7,-111.10000000000001,6540.3,0.0,0.0,0,0.976318359375,0.1247100830078125,C8E9,5901C6022E00490002CFFFF40002600025FBA9FF7B0000000000000000001F3EFF68C8E9
25.28,65068.9,306.27,19,9,2024,2,42,6,47.614976,-122.17790799999999,89,455,559,0049,4.800000000000001,-2.7,5.0,3.1,-111.30000000000001,6542.8,0.0,0.0,0,0.96337890625,0.12475967407226562,6343,5901C7022F004900030FFFE5000320001FFBA7FF940000000000000000001ED4FF826343
25.28,65068.9,306.27,19,9,2024,2,42,7,47.614982,-122.177916,89,456,561,0049,4.800000000000001,-4.0,6.1000000000000005,2.2,-111.5,6540.3,0.0,0.0,0,0.96337890625,0.12475967407226562,14F4,5901C80231004900030FFFD80003D00016FBA5FF7B0000000000000000001ED4FF8214F4
25.28,65068.9,306.27,19,9,2024,2,42,8,47.614987,-122.17791899999999,89,457,563,0049,5.1000000000000005,-5.300000000000001,7.2,1.6,-111.9,6539.4,0.0,0.0,0,0.96337890625,0.12475967407226562,8C48,5901C90233004900033FFFCB0004800010FBA1FF720000000000000000001ED4FF828C48
25.28,65068.9,306.27,19,9,2024,2,42,9,47.614988,-122.17791899999999,89,458,565,0049,4.7,-6.5,7.9,0.6000000000000001,-112.2,6536.8,0.0,0.0,0,0.96337890625,0.12475967407226562,053D,5901CA023500490002FFFFBF0004F00006FB9EFF580000000000000000001ED4FF82053D
25.28,65068.9,306.27,19,9,2024,2,42,10,47.614989,-122.177928,89,459,566,0049,4.6000000000000005,-6.800000000000001,8.0,0.30000000000000004,-112.4,6536.8,0.0,0.0,0,0.96337890625,0.12475967407226562,7E29,5901CB023600490002EFFFBC0005000003FB9CFF580000000000000000001ED4FF827E29
25.28,65068.9,306.27,19,9,2024,2,42,11,47.614989,-122.17792399999999,89,460,567,0049,4.6000000000000005,-6.800000000000001,8.0,0.30000000000000004,-112.4,6536.8,0.0,0.0,0,0.96337890625,0.12475967407226562,C88B,5901CC023700490002EFFFBC0005000003FB9CFF580000000000000000001ED4FF82C88B
25.28,65068.9,306.27,19,9,2024,2,42,12,47.614985999999995,-122.17787,89,461,567,0049,4.6000000000000005,-6.800000000000001,8.0,0.30000000000000004,-112.4,6535.0,0.0,0.0,0,0.96337890625,0.12475967407226562,438F,5901CD023700490002EFFFBC0005000003FB9CFF460000000000000000001ED4FF82438F
25.28,65068.9,306.27,19,9,2024,2,42,13,47.615010999999996,-122.17782,89,462,567,004D,4.6000000000000005,-6.800000000000001,8.0,0.30000000000000004,-112.4,6541.9,0.0,0.0,0,0.96337890625,0.12475967407226562,A1EB,5901CE0237004D0002EFFFBC0005000003FB9CFF8B0000000000000000001ED4FF82A1EB
25.28,65068.9,306.27,19,9,2024,2,42,14,47.615004,-122.17781699999999,89,463,567,004D,4.6000000000000005,-6.800000000000001,8.0,0.30000000000000004,-112.4,6540.3,0.0,0.0,0,0.96337890625,0.12475967407226562,5E82,5901CF0237004D0002EFFFBC0005000003FB9CFF7B0000000000000000001ED4FF825E82
25.28,65068.9,306.27,19,9,2024,2,42,15,47.614989,-122.17780099999999,89,464,568,0049,4.6000000000000005,-6.9,8.1,0.2,-112.4,6543.6,0.0,0.0,0,0.96337890625,0.12475967407226562,9467,5901D0023800490002EFFFBB0005100002FB9CFF9C0000000000000000001ED4FF829467
25.28,65068.9,306.27,19,9,2024,2,42,16,47.614979,-122.17781799999999,89,465,570,0049,4.9,-6.9,8.3,0.5,-112.5,6541.9,0.0,0.0,0,0.96337890625,0.12475967407226562,69F0,5901D1023A004900031FFFBB0005300005FB9BFF8B0000000000000000001ED4FF8269F0
25.28,65068.9,306.27,19,9,2024,2,42,17,47.614971999999995,-122.17781799999999,89,466,570,0049,4.9,-6.9,8.3,0.5,-112.5,6540.2,0.0,0.0,0,0.96337890625,0.12475967407226562,A933,5901D2023A004900031FFFBB0005300005FB9BFF7A0000000000000000001ED4FF82A933
25.28,65068.9,306.27,19,9,2024,2,42,18,47.614967,-122.177819,89,467,571,0049,4.1000000000000005,-7.7,8.4,-0.7000000000000001,-112.7,6539.3,0.0,0.0,0,0.96337890625,0.12475967407226562,22EA,5901D3023B004900029FFFB300054FFFF9FB99FF710000000000000000001ED4FF8222EA
25.28,65068.9,306.27,19,9,2024,2,42,19,47.614967,-122.177819,89,468,572,0049,3.7,-8.8,9.0,-1.7000000000000002,-113.10000000000001,6540.2,0.0,0.0,0,0.96337890625,0.12475967407226562,F3E9,5901D4023C004900025FFFA80005AFFFEFFB95FF7A0000000000000000001ED4FF82F3E9
25.28,65068.9,306.27,19,9,2024,2,42,20,47.614967,-122.177819,89,469,572,0049,3.7,-8.8,9.0,-1.7000000000000002,-113.10000000000001,6539.3,0.0,0.0,0,0.96337890625,0.12475967407226562,23F3,5901D5023C004900025FFFA80005AFFFEFFB95FF710000000000000000001ED4FF8223F3
25.28,65068.9,306.27,19,9,2024,2,42,21,47.614967,-122.177819,89,470,574,0049,4.0,-9.5,9.700000000000001,-2.0,-113.2,6539.3,0.0,0.0,0,0.96337890625,0.12475967407226562,ABF1,5901D6023E004900028FFFA100061FFFECFB94FF710000000000000000001ED4FF82ABF1
25.28,65068.9,306.27,19,9,2024,2,42,22,47.614967,-122.177819,89,471,575,0049,3.9000000000000004,-9.5,9.700000000000001,-2.0,-113.2,6536.7,0.0,0.0,0,0.96337890625,0.12475967407226562,9D40,5901D7023F004900027FFFA100061FFFECFB94FF570000000000000000001ED4FF829D40
25.28,65068.9,306.27,19,9,2024,2,42,23,47.614967,-122.177819,89,472,576,0049,3.9000000000000004,-9.5,9.700000000000001,-2.0,-113.2,6535.8,0.0,0.0,0,0.96337890625,0.12475967407226562,A4D7,5901D80240004900027FFFA100061FFFECFB94FF4E0000000000000000001ED4FF82A4D7
25.28,65068.9,306.27,19,9,2024,2,42,24,47.614967,-122.177819,89,473,577,0049,3.7,-9.700000000000001,9.700000000000001,-2.3000000000000003,-113.10000000000001,6535.8,0.0,0.0,0,0.96337890625,0.12475967407226562,1C83,5901D90241004900025FFF9F00061FFFE9FB95FF4E0000000000000000001ED4FF821C83
25.28,65068.9,306.27,19,9,2024,2,42,25,47.614967,-122.177819,89,474,578,0049,2.9000000000000004,-10.3,9.600000000000001,-3.3000000000000003,-113.2,6534.9,0.0,0.0,0,0.96337890625,0.12475967407226562,324F,5901DA024200490001DFFF9900060FFFDFFB94FF450000000000000000001ED4FF82324F
