Temperature,Pressure,Altitude,Day,Month,Year,Hour,Minute,Second,Latitude,Longitude,Operator Id,Message Counter,Step Counter,Flags,Position Estimation Inertial Magnetic X,Position Estimation Inertial Magnetic Y,Position Estimation Inertial X,Position Estimation Inertial Y,Position Estimation Inertial Z,Altitude Estimation Pressometer,Latitude Estimation GPS,Longitude Estimation GPS,GPS Estimation Quality,North Alignment Angle Inertial Path,Yaw Drift Inertial Path,CRC-CCITT,thesia_string
13.08,102247.56,578.84,8,1,2025,1,42,31,47.615412,-122.177589,89,2,0,0029,0.0,0.0,0.0,0.0,0.0,6551.1,0.0,0.0,0,0.0,0.0,2CB8,59000200000029000000000000000000000000FFE7000000000000000000000000002CB8
13.08,102247.47,578.85,8,1,2025,1,42,32,47.615409,-122.177584,89,3,0,0029,0.0,0.0,0.0,0.0,0.0,6549.5,0.0,0.0,0,0.0,0.0,1BD0,59000300000029000000000000000000000000FFD7000000000000000000000000001BD0
13.09,102247.17,578.87,8,1,2025,1,42,33,47.61541,-122.177588,89,4,0,0029,0.0,0.0,0.0,0.0,0.0,6548.9,0.0,0.0,0,0.0,0.0,1F70,59000400000029000000000000000000000000FFD1000000000000000000000000001F70
13.09,102247.12,578.87,8,1,2025,1,42,34,47.61541,-122.17759099999999,89,5,0,0029,0.0,0.0,0.0,0.0,0.0,6546.0,0.0,0.0,0,0.0,0.0,970A,59000500000029000000000000000000000000FFB400000000000000000000000000970A
13.09,102246.25,578.94,8,1,2025,1,42,35,47.615403,-122.17759099999999,89,6,0,0029,0.0,0.0,0.0,0.0,0.0,6545.3,0.0,0.0,0,0.0,0.0,0D54,59000600000029000000000000000000000000FFAD000000000000000000000000000D54
13.09,102246.16,578.95,8,1,2025,1,42,36,47.615401,-122.17759199999999,89,7,2,0029,0.0,0.0,0.0,0.0,0.0,6551.8,0.0,0.0,0,0.0,0.0,C303,59000700020029000000000000000000000000FFEE00000000000000000000000000C303
13.09,102245.5,579.01,8,1,2025,1,42,37,47.615399,-122.1776,89,8,3,0029,0.0,0.0,0.0,0.0,0.0,0.0,0.0,0.0,0,0.0,0.0,97B2,5900080003002900000000000000000000000000000000000000000000000000000097B2
13.09,102245.34,579.02,8,1,2025,1,42,38,47.615396999999994,-122.17760399999999,89,9,6,0029,-0.5,-0.6000000000000001,-0.5,-0.6000000000000001,0.4,4.0,0.0,0.0,0,0.0,0.0,9453,59000900060029FFFFBFFFFAFFFFBFFFFA00040028000000000000000000000000009453
13.09,102245.26,579.03,8,1,2025,1,42,39,47.615401,-122.177605,89,10,6,0029,-0.5,-0.6000000000000001,-0.5,-0.6000000000000001,0.4,6552.6,0.0,0.0,0,0.0,0.0,A207,59000A00060029FFFFBFFFFAFFFFBFFFFA0004FFF600000000000000000000000000A207
13.08,102245.25,579.03,8,1,2025,1,42,40,47.615406,-122.17760299999999,89,11,9,0029,-0.5,-0.5,-0.5,-0.5,0.2,6549.7,0.0,0.0,0,0.0,0.0,FF0B,59000B00090029FFFFBFFFFBFFFFBFFFFB0002FFD900000000000000000000000000FF0B
13.07,102245.15,579.04,8,1,2025,1,42,41,47.615404,-122.177605,89,12,9,0029,-0.5,-0.5,-0.5,-0.5,0.2,6551.5,0.0,0.0,0,0.0,0.0,9F1F,59000C00090029FFFFBFFFFBFFFFBFFFFB0002FFEB000000000000000000000000009F1F
13.07,102245.66,578.99,8,1,2025,1,42,42,47.615398,-122.177607,89,13,10,0029,0.2,-0.9,0.2,-0.9,0.7000000000000001,6548.4,0.0,0.0,0,0.0,0.0,FD81,59000D000A002900002FFFF700002FFFF70007FFCC00000000000000000000000000FD81
13.06,102246.39,578.93,8,1,2025,1,42,43,47.615398,-122.177623,89,14,12,0029,1.3,-1.2000000000000002,1.3,-1.2000000000000002,0.9,6548.6,0.0,0.0,0,0.0,0.0,B735,59000E000C00290000DFFFF40000DFFFF40009FFCE00000000000000000000000000B735
13.05,102247.45,578.85,8,1,2025,1,42,44,47.615384999999996,-122.177651,89,15,12,0029,1.3,-1.2000000000000002,1.3,-1.2000000000000002,0.9,6549.8,0.0,0.0,0,0.0,0.0,2945,59000F000C00290000DFFFF40000DFFFF40009FFDA000000000000000000000000002945
13.04,102247.91,578.81,8,1,2025,1,42,45,47.615384,-122.177669,89,16,12,0029,1.3,-1.2000000000000002,1.3,-1.2000000000000002,0.9,4.5,0.0,0.0,0,0.0,0.0,EB19,590010000C00290000DFFFF40000DFFFF40009002D00000000000000000000000000EB19
13.03,102249.05,578.71,8,1,2025,1,42,46,47.615384,-122.177684,89,17,14,0029,2.8000000000000003,-2.8000000000000003,2.8000000000000003,-2.8000000000000003,2.4000000000000004,1.3,0.0,0.0,0,0.0,0.0,3103,590011000E00290001CFFFE40001CFFFE40018000D000000000000000000000000003103
13.02,102249.38,578.69,8,1,2025,1,42,47,47.615389,-122.177701,89,18,14,0029,2.8000000000000003,-2.8000000000000003,2.8000000000000003,-2.8000000000000003,2.4000000000000004,5.0,0.0,0.0,0,0.0,0.0,D409,590012000E00290001CFFFE40001CFFFE40018003200000000000000000000000000D409
13.01,102250.31,578.61,8,1,2025,1,42,48,47.615393999999995,-122.177718,89,19,14,0029,2.8000000000000003,-2.8000000000000003,2.8000000000000003,-2.8000000000000003,2.4000000000000004,5.3,0.0,0.0,0,0.0,0.0,ADC7,590013000E00290001CFFFE40001CFFFE40018003500000000000000000000000000ADC7
13.0,102250.92,578.56,8,1,2025,1,42,49,47.615399,-122.177736,89,20,17,0029,2.9000000000000004,-6.2,2.9000000000000004,-6.2,5.4,5.5,0.0,0.0,0,0.0,0.0,F3D3,590014001100290001DFFFC20001DFFFC20036003700000000000000000000000000F3D3
12.98,102251.54,578.51,8,1,2025,1,42,50,47.615398,-122.177768,89,21,17,0029,2.9000000000000004,-6.2,2.9000000000000004,-6.2,5.4,2.4,0.0,0.0,0,0.0,0.0,6805,590015001100290001DFFFC20001DFFFC200360018000000000000000000000000006805
12.97,102252.52,578.43,8,1,2025,1,42,51,47.615390999999995,-122.17778999999999,89,22,17,0029,2.9000000000000004,-6.2,2.9000000000000004,-6.2,5.4,6.9,0.0,0.0,0,0.0,0.0,010B,590016001100290001DFFFC20001DFFFC20036004500000000000000000000000000010B
12.96,102253.3,578.36,8,1,2025,1,42,52,47.615379999999995,-122.177797,89,23,20,0029,-9.0,0.30000000000000004,2.9000000000000004,-8.5,7.5,6.3,0.0,0.0,0,1.9415283203125,0.0,EB60,59001700140029FFFA6000030001DFFFAB004B003F0000000000000000003E210000EB60
12.94,102253.95,578.31,8,1,2025,1,42,53,47.615375,-122.177803,89,24,21,0029,-10.0,0.9,2.8000000000000003,-9.700000000000001,8.5,6.5,0.0,0.0,0,1.9415283203125,0.0,F438,59001800150029FFF9C000090001CFFF9F005500410000000000000000003E210000F438
12.93,102255.02,578.22,8,1,2025,1,42,54,47.615376,-122.17781699999999,89,25,22,0029,-11.100000000000001,1.4000000000000001,2.7,-10.9,10.4,8.4,0.0,0.0,0,1.9415283203125,0.0,8488,59001900160029FFF910000E0001BFFF93006800540000000000000000003E2100008488
12.92,102255.38,578.19,8,1,2025,1,42,55,47.615373,-122.17782799999999,89,26,22,0029,-11.100000000000001,1.4000000000000001,2.7,-10.9,10.4,8.0,0.0,0.0,0,1.9415283203125,0.0,8157,59001A00160029FFF910000E0001BFFF93006800500000000000000000003E2100008157
12.91,102256.45,578.1,8,1,2025,1,42,56,47.615367,-122.177837,89,27,23,0029,-13.100000000000001,2.8000000000000003,2.1,-13.200000000000001,12.700000000000001,3.9,0.0,0.0,0,1.9415283203125,0.0,AA35,59001B00170029FFF7D0001C00015FFF7C007F00270000000000000000003E210000AA35
12.9,102256.69,578.08,8,1,2025,1,42,57,47.615358,-122.17784599999999,89,28,23,0029,-13.100000000000001,2.8000000000000003,2.1,-13.200000000000001,12.700000000000001,9.4,0.0,0.0,0,1.9415283203125,0.0,AF0F,59001C00170029FFF7D0001C00015FFF7C007F005E0000000000000000003E210000AF0F
12.88,102257.64,578.0,8,1,2025,1,42,58,47.615348,-122.177853,89,29,23,0029,-13.100000000000001,2.8000000000000003,2.1,-13.200000000000001,12.700000000000001,12.2,0.0,0.0,0,1.9415283203125,0.0,C84B,59001D00170029FFF7D0001C00015FFF7C007F007A0000000000000000003E210000C84B
12.85,102258.33,577.95,8,1,2025,1,42,59,47.615339999999996,-122.177852,89,30,24,0029,-14.0,5.1000000000000005,0.30000000000000004,-14.9,12.9,9.9,0.0,0.0,0,1.9415283203125,0.0,4CDB,59001E00180029FFF740003300003FFF6B008100630000000000000000003E2100004CDB
12.83,102258.93,577.9,8,1,2025,1,43,0,47.615328999999996,-122.17784499999999,89,31,26,0029,-14.0,6.4,-0.9,-15.4,13.100000000000001,10.8,0.0,0.0,0,1.9415283203125,0.0,2F4C,59001F001A0029FFF7400040FFFF7FFF660083006C0000000000000000003E2100002F4C
12.8,102259.88,577.82,8,1,2025,1,43,1,47.615317,-122.177844,89,32,27,0029,-13.8,7.5,-2.0,-15.600000000000001,13.100000000000001,11.8,0.0,0.0,0,1.9415283203125,0.0,5B72,590020001B0029FFF760004BFFFECFFF64008300760000000000000000003E2100005B72
12.78,102260.47,577.77,8,1,2025,1,43,2,47.615308999999996,-122.17783999999999,89,33,28,0029,-13.5,8.6,-3.2,-15.700000000000001,12.8,12.9,0.0,0.0,0,1.9415283203125,0.0,144C,590021001C0029FFF7900056FFFE0FFF63008000810000000000000000003E210000144C
12.75,102260.92,577.73,8,1,2025,1,43,3,47.615300999999995,-122.17783899999999,89,34,29,0029,-13.0,9.700000000000001,-4.4,-15.600000000000001,13.100000000000001,12.3,0.0,0.0,0,1.9415283203125,0.0,735D,590022001D0029FFF7E00061FFFD4FFF640083007B0000000000000000003E210000735D
12.72,102261.58,577.68,8,1,2025,1,43,4,47.615296,-122.177838,89,35,30,0029,-12.3,10.8,-5.5,-15.4,13.4,12.5,0.0,0.0,0,1.9415283203125,0.0,A1EF,590023001E0029FFF850006CFFFC9FFF660086007D0000000000000000003E210000A1EF
12.69,102262.55,577.6,8,1,2025,1,43,5,47.615289999999995,-122.177843,89,36,31,0029,-12.3,10.8,-5.5,-15.4,13.4,13.7,0.0,0.0,0,1.9415283203125,0.0,C69D,590024001F0029FFF850006CFFFC9FFF66008600890000000000000000003E210000C69D
12.67,102263.2,577.54,8,1,2025,1,43,6,47.615277,-122.17784599999999,89,37,34,0029,-11.8,11.700000000000001,-6.6000000000000005,-15.200000000000001,13.8,10.5,0.0,0.0,0,1.9415283203125,0.0,24E7,59002500220029FFF8A00075FFFBEFFF68008A00690000000000000000003E21000024E7
12.64,102263.41,577.53,8,1,2025,1,43,7,47.615265,-122.17784599999999,89,38,34,0029,-11.8,11.700000000000001,-6.6000000000000005,-15.200000000000001,13.8,13.3,0.0,0.0,0,1.9415283203125,0.0,01B2,59002600220029FFF8A00075FFFBEFFF68008A00850000000000000000003E21000001B2
12.61,102264.34,577.45,8,1,2025,1,43,8,47.615255,-122.177849,89,39,35,0029,-11.200000000000001,12.200000000000001,-7.4,-14.9,13.700000000000001,11.7,0.0,0.0,0,1.9415283203125,0.0,A3E1,59002700230029FFF900007AFFFB6FFF6B008900750000000000000000003E210000A3E1
12.6,102265.32,577.37,8,1,2025,1,43,9,47.615246,-122.177848,89,40,37,0029,-10.600000000000001,13.100000000000001,-8.4,-14.600000000000001,14.100000000000001,11.7,0.0,0.0,0,1.9415283203125,0.0,FDEC,59002800250029FFF9600083FFFACFFF6E008D00750000000000000000003E210000FDEC
12.56,102266.56,577.27,8,1,2025,1,43,10,47.615238,-122.177832,89,41,37,0029,-10.600000000000001,13.100000000000001,-8.4,-14.600000000000001,14.100000000000001,13.8,0.0,0.0,0,1.9415283203125,0.0,B303,59002900250029FFF9600083FFFACFFF6E008D008A0000000000000000003E210000B303
12.53,102267.08,577.22,8,1,2025,1,43,11,47.615230999999994,-122.17782299999999,89,42,38,0029,-9.200000000000001,15.100000000000001,-10.8,-14.100000000000001,14.3,13.1,0.0,0.0,0,1.9415283203125,0.0,A1EE,59002A00260029FFFA400097FFF94FFF73008F00830000000000000000003E210000A1EE
12.49,102267.95,577.15,8,1,2025,1,43,12,47.615213,-122.177825,89,43,39,0029,-12.600000000000001,-13.200000000000001,-12.0,-13.8,14.700000000000001,12.5,0.0,0.0,0,0.0443115234375,0.0,A936,59002B00270029FFF82FFF7CFFF88FFF760093007D000000000000000000016B0000A936
12.45,102267.95,577.15,8,1,2025,1,43,13,47.615204999999996,-122.17782,89,44,39,0029,-12.600000000000001,-13.200000000000001,-12.0,-13.8,14.700000000000001,13.4,0.0,0.0,0,0.0443115234375,0.0,988D,59002C00270029FFF82FFF7CFFF88FFF7600930086000000000000000000016B0000988D
12.41,102268.62,577.1,8,1,2025,1,43,14,47.615202,-122.17781799999999,89,45,40,0029,-13.8,-13.0,-13.200000000000001,-13.600000000000001,15.4,13.6,0.0,0.0,0,0.0443115234375,0.0,BC4B,59002D00280029FFF76FFF7EFFF7CFFF78009A0088000000000000000000016B0000BC4B
12.36,102269.59,577.02,8,1,2025,1,43,15,47.615198,-122.17781,89,46,41,0029,-15.100000000000001,-12.8,-14.5,-13.4,15.9,18.9,0.0,0.0,0,0.0443115234375,0.0,BC2A,59002E00290029FFF69FFF80FFF6FFFF7A009F00BD000000000000000000016B0000BC2A
12.32,102270.45,576.95,8,1,2025,1,43,16,47.615189,-122.177803,89,47,42,0029,-16.3,-12.5,-15.8,-13.3,16.2,18.2,0.0,0.0,0,0.0443115234375,0.0,BF2F,59002F002A0029FFF5DFFF83FFF62FFF7B00A200B6000000000000000000016B0000BF2F
12.27,102271.23,576.88,8,1,2025,1,43,17,47.615178,-122.177797,89,48,42,0029,-16.3,-12.5,-15.8,-13.3,16.2,14.1,0.0,0.0,0,0.0443115234375,0.0,5D7E,590030002A0029FFF5DFFF83FFF62FFF7B00A2008D000000000000000000016B00005D7E
12.22,102271.61,576.85,8,1,2025,1,43,18,47.615151999999995,-122.17778299999999,89,49,43,0029,-18.8,-11.8,-18.3,-12.700000000000001,17.1,14.4,0.0,0.0,0,0.0443115234375,0.0,9B99,590031002B0029FFF44FFF8AFFF49FFF8100AB0090000000000000000000016B00009B99
12.17,102271.99,576.82,8,1,2025,1,43,19,47.615136,-122.17777299999999,89,50,43,0029,-18.8,-11.8,-18.3,-12.700000000000001,17.1,15.3,0.0,0.0,0,0.0443115234375,0.0,11CB,590032002B0029FFF44FFF8AFFF49FFF8100AB0099000000000000000000016B000011CB
12.14,102272.31,576.4,8,1,2025,1,43,20,47.61512,-122.17776599999999,89,51,44,0029,-21.3,-11.4,-20.8,-12.3,17.5,17.1,0.0,0.0,0,0.0443115234375,0.0,AE1F,590033002C0029FFF2BFFF8EFFF30FFF8500AF00AB000000000000000000016B0000AE1F
12.08,102272.24,576.8,8,1,2025,1,43,21,47.615106999999995,-122.17776599999999,89,52,45,0029,-22.6,-11.200000000000001,-22.1,-12.200000000000001,17.400000000000002,15.6,0.0,0.0,0,0.0443115234375,0.0,64A0,590034002D0029FFF1EFFF90FFF23FFF8600AE009C000000000000000000016B000064A0
12.03,102272.98,576.74,8,1,2025,1,43,22,47.615097,-122.177765,89,53,45,0029,-22.6,-11.200000000000001,-22.1,-12.200000000000001,17.400000000000002,18.3,0.0,0.0,0,0.0443115234375,0.0,B730,590035002D0029FFF1EFFF90FFF23FFF8600AE00B7000000000000000000016B0000B730
11.98,102274.02,576.65,8,1,2025,1,43,23,47.615083999999996,-122.17775999999999,89,54,46,0029,-23.900000000000002,-10.9,-23.400000000000002,-11.9,17.8,18.6,0.0,0.0,0,0.0443115234375,0.0,E12B,590036002E0029FFF11FFF93FFF16FFF8900B200BA000000000000000000016B0000E12B
11.93,102274.39,576.62,8,1,2025,1,43,24,47.615069,-122.177757,89,55,47,0029,-25.200000000000003,-10.600000000000001,-24.700000000000003,-11.700000000000001,17.900000000000002,19.5,0.0,0.0,0,0.0443115234375,0.0,2BFD,590037002F0029FFF04FFF96FFF09FFF8B00B300C3000000000000000000016B00002BFD
11.87,102274.44,576.62,8,1,2025,1,43,25,47.615057,-122.177752,89,56,48,0029,-26.5,-10.200000000000001,-26.0,-11.4,18.1,17.9,0.0,0.0,0,0.0443115234375,0.0,3C9A,59003800300029FFEF7FFF9AFFEFCFFF8E00B500B3000000000000000000016B00003C9A
11.83,102274.75,576.59,8,1,2025,1,43,26,47.615044,-122.177748,89,57,49,0029,-27.8,-10.0,-27.3,-11.200000000000001,18.3,18.1,0.0,0.0,0,0.0443115234375,0.0,612B,59003900310029FFEEAFFF9CFFEEFFFF9000B700B5000000000000000000016B0000612B
11.78,102275.08,576.56,8,1,2025,1,43,27,47.615038,-122.17774399999999,89,58,50,0029,-29.1,-9.700000000000001,-28.6,-11.0,18.6,16.6,0.0,0.0,0,0.0443115234375,0.0,6FE7,59003A00320029FFEDDFFF9FFFEE2FFF9200BA00A6000000000000000000016B00006FE7
11.73,102275.39,576.54,8,1,2025,1,43,28,47.615033,-122.17774399999999,89,59,51,0029,-30.3,-9.4,-29.900000000000002,-10.8,19.0,25.2,0.0,0.0,0,0.0443115234375,0.0,63B3,59003B00330029FFED1FFFA2FFED5FFF9400BE00FC000000000000000000016B000063B3
11.68,102275.06,576.56,8,1,2025,1,43,29,47.615026,-122.17775499999999,89,60,53,0029,-31.6,-9.200000000000001,-31.1,-10.600000000000001,19.200000000000003,21.8,0.0,0.0,0,0.0443115234375,0.0,1CAF,59003C00350029FFEC4FFFA4FFEC9FFF9600C000DA000000000000000000016B00001CAF
11.63,102275.3,576.55,8,1,2025,1,43,30,47.615024999999996,-122.177747,89,61,54,0029,-32.800000000000004,-9.1,-32.4,-10.600000000000001,19.5,23.7,0.0,0.0,0,0.0443115234375,0.0,7674,59003D00360029FFEB8FFFA5FFEBCFFF9600C300ED000000000000000000016B00007674
11.58,102274.86,576.58,8,1,2025,1,43,31,47.615016999999995,-122.17774999999999,89,62,55,0029,-32.800000000000004,-9.1,-32.4,-10.600000000000001,19.5,25.5,0.0,0.0,0,0.0443115234375,0.0,87A6,59003E00370029FFEB8FFFA5FFEBCFFF9600C300FF000000000000000000016B000087A6
11.56,102274.66,576.6,8,1,2025,1,43,32,47.615012,-122.17774299999999,89,63,56,0029,-34.1,-9.0,-33.7,-10.5,19.5,9.3,0.0,0.0,0,0.0443115234375,0.0,8278,59003F00380029FFEABFFFA6FFEAFFFF9700C3005D000000000000000000016B00008278
11.53,102274.17,576.64,8,1,2025,1,43,33,47.615007999999996,-122.177737,89,64,57,0029,-35.4,-8.700000000000001,-35.0,-10.3,19.8,8.6,0.0,0.0,0,0.0443115234375,0.0,907C,59004000390029FFE9EFFFA9FFEA2FFF9900C60056000000000000000000016B0000907C
11.49,102272.55,576.77,8,1,2025,1,43,34,47.615006,-122.17773,89,65,57,0029,-35.4,-8.700000000000001,-35.0,-10.3,19.8,8.6,0.0,0.0,0,0.0443115234375,0.0,8380,59004100390029FFE9EFFFA9FFEA2FFF9900C60056000000000000000000016B00008380
11.45,102270.94,576.91,8,1,2025,1,43,35,47.615005,-122.177723,89,66,57,0029,-35.4,-8.700000000000001,-35.0,-10.3,19.8,8.0,0.0,0.0,0,0.0443115234375,0.0,C8D0,59004200390029FFE9EFFFA9FFEA2FFF9900C60050000000000000000000016B0000C8D0
11.42,102269.38,577.03,8,1,2025,1,43,36,47.615004,-122.177719,89,67,58,0029,-37.4,-6.4,-37.1,-8.0,13.600000000000001,7.0,0.0,0.0,0,0.0443115234375,0.0,827D,590043003A0029FFE8AFFFC0FFE8DFFFB000880046000000000000000000016B0000827D
11.38,102267.56,577.18,8,1,2025,1,43,37,47.615002,-122.177706,89,68,58,0029,-37.4,-6.4,-37.1,-8.0,13.600000000000001,7.3,0.0,0.0,0,0.0443115234375,0.0,388B,590044003A0029FFE8AFFFC0FFE8DFFFB000880049000000000000000000016B0000388B
11.35,102266.2,577.3,8,1,2025,1,43,38,47.615006,-122.17769899999999,89,69,59,0029,-37.9,0.7000000000000001,-37.300000000000004,-6.9,8.0,4.5,0.0,0.0,0,0.2025146484375,0.0,76F5,590045003B0029FFE8500007FFE8BFFFBB0050002D000000000000000000067B000076F5
11.32,102265.24,577.38,8,1,2025,1,43,39,47.61501,-122.177695,89,70,60,0029,-37.9,1.3,-37.4,-6.300000000000001,5.1000000000000005,5.0,0.0,0.0,0,0.2025146484375,0.0,45A3,590046003C0029FFE850000DFFE8AFFFC100330032000000000000000000067B000045A3
11.29,102263.95,577.48,8,1,2025,1,43,40,47.61501,-122.17768699999999,89,71,60,0029,-37.9,1.3,-37.4,-6.300000000000001,5.1000000000000005,0.7,0.0,0.0,0,0.2025146484375,0.0,7B1D,590047003C0029FFE850000DFFE8AFFFC100330007000000000000000000067B00007B1D
11.26,102262.71,577.59,8,1,2025,1,43,41,47.615012,-122.17767599999999,89,72,61,0029,-38.0,2.5,-37.7,-5.2,2.5,0.7,0.0,0.0,0,0.2025146484375,0.0,9E56,590048003D0029FFE8400019FFE87FFFCC00190007000000000000000000067B00009E56
11.22,102261.55,577.68,8,1,2025,1,43,42,47.615009,-122.17765299999999,89,73,61,0029,-38.0,2.5,-37.7,-5.2,2.5,6.9,0.0,0.0,0,0.2025146484375,0.0,3536,590049003D0029FFE8400019FFE87FFFCC00190045000000000000000000067B00003536
11.19,102260.59,577.76,8,1,2025,1,43,43,47.615005,-122.17764299999999,89,74,62,0029,-38.300000000000004,5.1000000000000005,-38.6,-2.7,0.0,0.0,0.0,0.0,0,0.2025146484375,0.0,2AB8,59004A003E0029FFE8100033FFE7EFFFE500000000000000000000000000067B00002AB8
11.18,102260.25,577.79,8,1,2025,1,43,44,47.615001,-122.17762099999999,89,75,63,0029,-38.2,6.5,-38.7,-1.3,-0.9,1.9,0.0,0.0,0,0.2025146484375,0.0,A0D9,59004B003F0029FFE8200041FFE7DFFFF3FFF70013000000000000000000067B0000A0D9
11.15,102259.78,577.83,8,1,2025,1,43,45,47.614995,-122.17759799999999,89,76,64,0029,-38.0,7.800000000000001,-38.800000000000004,0.0,-1.7000000000000002,6544.3,0.0,0.0,0,0.2025146484375,0.0,D310,59004C00400029FFE840004EFFE7C00000FFEFFFA3000000000000000000067B0000D310
11.12,102259.31,577.87,8,1,2025,1,43,45,47.614995,-122.17759799999999,89,77,65,0029,-37.300000000000004,9.0,-38.400000000000006,1.3,-2.4000000000000004,6549.8,0.0,0.0,0,0.2025146484375,0.0,0617,59004D00410029FFE8B0005AFFE800000DFFE8FFDA000000000000000000067B00000617
11.09,102258.8,577.91,8,1,2025,1,43,47,47.614995,-122.17759799999999,89,78,65,0029,-37.300000000000004,9.0,-38.400000000000006,1.3,-2.4000000000000004,6553.0,0.0,0.0,0,0.2025146484375,0.0,5CC3,59004E00410029FFE8B0005AFFE800000DFFE8FFFA000000000000000000067B00005CC3
11.07,102258.14,577.96,8,1,2025,1,43,47,47.614995,-122.17759799999999,89,79,66,0029,-36.800000000000004,10.3,-38.1,2.7,-2.4000000000000004,1.4,0.0,0.0,0,0.2025146484375,0.0,6E9A,59004F00420029FFE9000067FFE830001BFFE8000E000000000000000000067B00006E9A
11.05,102258.14,577.96,8,1,2025,1,43,49,47.614923,-122.177723,89,80,67,0029,-36.300000000000004,11.600000000000001,-37.9,4.0,-2.3000000000000003,1.4,0.0,0.0,0,0.2025146484375,0.0,2219,59005000430029FFE9500074FFE8500028FFE9000E000000000000000000067B00002219
11.04,102257.95,577.98,8,1,2025,1,43,49,47.614923,-122.177723,89,81,67,0029,-36.300000000000004,11.600000000000001,-37.9,4.0,-2.3000000000000003,0.5,0.0,0.0,0,0.2025146484375,0.0,F203,59005100430029FFE9500074FFE8500028FFE90005000000000000000000067B0000F203
11.03,102257.73,578.0,8,1,2025,1,43,51,47.614920999999995,-122.177557,89,82,67,0029,-36.300000000000004,11.600000000000001,-37.9,4.0,-2.3000000000000003,3.3,0.0,0.0,0,0.2025146484375,0.0,DAB7,59005200430029FFE9500074FFE8500028FFE90021000000000000000000067B0000DAB7
11.02,102257.69,578.0,8,1,2025,1,43,52,47.614928,-122.177537,89,83,70,0029,-34.5,13.700000000000001,-36.6,6.4,-3.0,2.6,0.0,0.0,0,0.2025146484375,0.0,12B9,59005300460029FFEA700089FFE9200040FFE2001A000000000000000000067B000012B9
11.0,102256.72,578.08,8,1,2025,1,43,53,47.61493,-122.177516,89,84,71,0029,-34.5,13.700000000000001,-36.6,6.4,-3.0,6551.9,0.0,0.0,0,0.2025146484375,0.0,1456,59005400470029FFEA700089FFE9200040FFE2FFEF000000000000000000067B00001456
10.99,102255.84,578.15,8,1,2025,1,43,54,47.61493,-122.177495,89,85,72,0029,-34.2,14.200000000000001,-36.300000000000004,7.0,-3.0,1.0,0.0,0.0,0,0.2025146484375,0.0,A204,59005500480029FFEAA0008EFFE9500046FFE2000A000000000000000000067B0000A204
10.98,102255.2,578.21,8,1,2025,1,43,55,47.614940999999995,-122.177515,89,86,73,0029,-33.5,15.5,-35.9,8.4,-3.6,6549.3,0.0,0.0,0,0.2025146484375,0.0,7ECE,59005600490029FFEB10009BFFE9900054FFDCFFD5000000000000000000067B00007ECE
10.97,102253.84,578.32,8,1,2025,1,43,56,47.614947,-122.17750699999999,89,87,74,0029,-33.0,16.8,-35.7,9.8,-3.9000000000000004,6550.3,0.0,0.0,0,0.2025146484375,0.0,3DB5,590057004A0029FFEB6000A8FFE9B00062FFD9FFDF000000000000000000067B00003DB5
10.96,102252.64,578.42,8,1,2025,1,43,57,47.614953,-122.177495,89,88,74,0029,-33.0,16.8,-35.7,9.8,-3.9000000000000004,6542.8,0.0,0.0,0,0.2025146484375,0.0,BDE1,590058004A0029FFEB6000A8FFE9B00062FFD9FF94000000000000000000067B0000BDE1
10.94,102251.07,578.55,8,1,2025,1,43,58,47.614953,-122.17748599999999,89,89,75,0029,-32.7,17.7,-35.6,10.700000000000001,-8.0,6542.8,0.0,0.0,0,0.2025146484375,0.0,ADED,590059004B0029FFEB9000B1FFE9C0006BFFB0FF94000000000000000000067B0000ADED
10.93,102250.03,578.63,8,1,2025,1,43,59,47.614957,-122.177472,89,90,75,0029,-32.7,17.7,-35.6,10.700000000000001,-8.0,6542.1,0.0,0.0,0,0.2025146484375,0.0,1AD8,59005A004B0029FFEB9000B1FFE9C0006BFFB0FF8D000000000000000000067B00001AD8
10.91,102249.53,578.67,8,1,2025,1,44,0,47.614961,-122.177459,89,91,76,0029,-31.900000000000002,19.400000000000002,-35.2,12.600000000000001,-11.5,6543.7,0.0,0.0,0,0.2025146484375,0.0,8EB8,59005B004C0029FFEC1000C2FFEA00007EFF8DFF9D000000000000000000067B00008EB8
10.9,102248.91,578.73,8,1,2025,1,44,1,47.614962999999996,-122.17744499999999,89,92,76,0029,-31.900000000000002,19.400000000000002,-35.2,12.600000000000001,-11.5,6544.6,0.0,0.0,0,0.2025146484375,0.0,4FC0,59005C004C0029FFEC1000C2FFEA00007EFF8DFFA6000000000000000000067B00004FC0
10.88,102248.73,578.74,8,1,2025,1,44,2,47.614962999999996,-122.177433,89,93,77,0029,-31.8,20.6,-35.300000000000004,13.8,-12.8,6543.9,0.0,0.0,0,0.2025146484375,0.0,0294,59005D004D0029FFEC2000CEFFE9F0008AFF80FF9F000000000000000000067B00000294
10.87,102248.44,578.76,8,1,2025,1,44,3,47.614961,-122.17742,89,94,77,0029,-31.8,20.6,-35.300000000000004,13.8,-12.8,6545.5,0.0,0.0,0,0.2025146484375,0.0,2AC6,59005E004D0029FFEC2000CEFFE9F0008AFF80FFAF000000000000000000067B00002AC6
10.85,102248.27,578.78,8,1,2025,1,44,4,47.614956,-122.17741699999999,89,95,78,0029,-31.1,23.0,-35.1,16.3,-10.4,6545.5,0.0,0.0,0,0.2025146484375,0.0,58A0,59005F004E0029FFEC9000E6FFEA1000A3FF98FFAF000000000000000000067B000058A0
10.84,102248.73,578.74,8,1,2025,1,44,5,47.614948,-122.17741,89,96,78,0029,-31.1,23.0,-35.1,16.3,-10.4,6547.3,0.0,0.0,0,0.2025146484375,0.0,6D24,590060004E0029FFEC9000E6FFEA1000A3FF98FFC1000000000000000000067B00006D24
10.82,102248.39,578.77,8,1,2025,1,44,6,47.614940999999995,-122.17739999999999,89,97,79,0029,-33.1,22.900000000000002,-35.6,18.8,-8.1,6546.4,0.0,0.0,0,0.1195068359375,0.0,F207,590061004F0029FFEB5000E5FFE9C000BCFFAFFFB800000000000000000003D30000F207
10.82,102248.69,578.74,8,1,2025,1,44,7,47.614934,-122.177398,89,98,80,0029,-33.1,22.900000000000002,-35.6,18.8,-8.1,6543.9,0.0,0.0,0,0.1195068359375,0.0,3C6F,59006200500029FFEB5000E5FFE9C000BCFFAFFF9F00000000000000000003D300003C6F
10.8,102248.84,578.73,8,1,2025,1,44,8,47.614928,-122.177392,89,99,80,0029,-33.1,22.900000000000002,-35.6,18.8,-8.1,6541.4,0.0,0.0,0,0.1195068359375,0.0,C8E1,59006300500029FFEB5000E5FFE9C000BCFFAFFF8600000000000000000003D30000C8E1
10.79,102248.42,578.77,8,1,2025,1,44,9,47.61492,-122.17738899999999,89,100,81,0029,-35.2,24.200000000000003,-37.800000000000004,19.8,-7.9,6541.4,0.0,0.0,0,0.1195068359375,0.0,7910,59006400510029FFEA0000F2FFE86000C6FFB1FF8600000000000000000003D300007910
10.77,102248.42,578.77,8,1,2025,1,44,10,47.614913,-122.177391,89,101,82,0029,-36.4,24.6,-39.1,20.1,-8.1,6541.4,0.0,0.0,0,0.1195068359375,0.0,EFAF,59006500520029FFE94000F6FFE79000C9FFAFFF8600000000000000000003D30000EFAF
10.75,102248.0,578.8,8,1,2025,1,44,11,47.614903,-122.17738399999999,89,102,83,0029,-37.6,25.0,-40.300000000000004,20.3,-8.4,6542.3,0.0,0.0,0,0.1195068359375,0.0,4270,59006600530029FFE88000FAFFE6D000CBFFACFF8F00000000000000000003D300004270
10.74,102247.58,578.84,8,1,2025,1,44,12,47.614894,-122.17738,89,103,83,0029,-37.6,25.0,-40.300000000000004,20.3,-8.4,6540.7,0.0,0.0,0,0.1195068359375,0.0,9AE1,59006700530029FFE88000FAFFE6D000CBFFACFF7F00000000000000000003D300009AE1
10.72,102247.45,578.85,8,1,2025,1,44,13,47.614886,-122.17737799999999,89,104,83,0029,-37.6,25.0,-40.300000000000004,20.3,-8.4,6544.2,0.0,0.0,0,0.1195068359375,0.0,3CDC,59006800530029FFE88000FAFFE6D000CBFFACFFA200000000000000000003D300003CDC
10.7,102247.41,578.85,8,1,2025,1,44,14,47.61488,-122.17737899999999,89,105,84,0029,-40.2,25.400000000000002,-42.900000000000006,20.5,-9.1,6545.7,0.0,0.0,0,0.1195068359375,0.0,BF5E,59006900540029FFE6E000FEFFE53000CDFFA5FFB100000000000000000003D30000BF5E
10.68,102247.2,578.87,8,1,2025,1,44,15,47.614872,-122.17738,89,106,85,0029,-41.400000000000006,25.700000000000003,-44.2,20.6,-9.4,6547.6,0.0,0.0,0,0.1195068359375,0.0,9958,59006A00550029FFE6200101FFE46000CEFFA2FFC400000000000000000003D300009958
10.66,102247.16,578.87,8,1,2025,1,44,16,47.614867,-122.17738,89,107,86,0029,-42.6,26.1,-45.400000000000006,20.900000000000002,-9.5,6543.2,0.0,0.0,0,0.1195068359375,0.0,10CE,59006B00560029FFE5600105FFE3A000D1FFA1FF9800000000000000000003D3000010CE
10.64,102246.62,578.91,8,1,2025,1,44,17,47.614858,-122.17737699999999,89,108,87,0029,-43.900000000000006,26.400000000000002,-46.7,21.0,-9.600000000000001,6541.7,0.0,0.0,0,0.1195068359375,0.0,B1CC,59006C00570029FFE4900108FFE2D000D2FFA0FF8900000000000000000003D30000B1CC
10.63,102245.87,578.98,8,1,2025,1,44,18,47.614849,-122.177359,89,109,87,0029,-43.900000000000006,26.400000000000002,-46.7,21.0,-9.600000000000001,6539.8,0.0,0.0,0,0.1195068359375,0.0,C057,59006D00570029FFE4900108FFE2D000D2FFA0FF7600000000000000000003D30000C057
10.61,102245.16,579.03,8,1,2025,1,44,19,47.614847,-122.177357,89,110,87,0029,-43.900000000000006,26.400000000000002,-46.7,21.0,-9.600000000000001,6537.3,0.0,0.0,0,0.1195068359375,0.0,73A9,59006E00570029FFE4900108FFE2D000D2FFA0FF5D00000000000000000003D3000073A9
10.59,102244.25,579.11,8,1,2025,1,44,20,47.614854,-122.17734899999999,89,111,88,0029,-45.900000000000006,25.6,-48.6,20.0,-10.700000000000001,6537.3,0.0,0.0,0,0.1195068359375,0.0,075B,59006F00580029FFE3500100FFE1A000C8FF95FF5D00000000000000000003D30000075B
10.58,102243.62,579.16,8,1,2025,1,44,21,47.614855999999996,-122.177353,89,112,88,0029,-45.900000000000006,25.6,-48.6,20.0,-10.700000000000001,6536.4,0.0,0.0,0,0.1195068359375,0.0,BD40,59007000580029FFE3500100FFE1A000C8FF95FF5400000000000000000003D30000BD40
10.56,102242.96,579.22,8,1,2025,1,44,22,47.614858,-122.177365,89,113,89,0029,-46.300000000000004,23.0,-48.7,17.3,-13.8,6532.3,0.0,0.0,0,0.1195068359375,0.0,C2F9,59007100590029FFE31000E6FFE19000ADFF76FF2B00000000000000000003D30000C2F9
10.54,102242.05,579.29,8,1,2025,1,44,23,47.614863,-122.17737299999999,89,114,90,0029,-46.400000000000006,21.8,-48.7,16.1,-15.4,6532.3,0.0,0.0,0,0.1195068359375,0.0,D74C,590072005A0029FFE30000DAFFE19000A1FF66FF2B00000000000000000003D30000D74C
10.53,102242.32,579.27,8,1,2025,1,44,24,47.614861999999995,-122.17737699999999,89,115,90,0029,-46.400000000000006,21.8,-48.7,16.1,-15.4,6537.3,0.0,0.0,0,0.1195068359375,0.0,4408,590073005A0029FFE30000DAFFE19000A1FF66FF5D00000000000000000003D300004408
10.52,102242.92,579.22,8,1,2025,1,44,25,47.614867,-122.17738299999999,89,116,90,0029,-46.400000000000006,21.8,-48.7,16.1,-15.4,6548.5,0.0,0.0,0,0.1195068359375,0.0,EBAB,590074005A0029FFE30000DAFFE19000A1FF66FFCD00000000000000000003D30000EBAB
10.51,102244.2,579.12,8,1,2025,1,44,26,47.61488,-122.17739599999999,89,117,90,0029,-46.400000000000006,21.8,-48.7,16.1,-15.4,6546.7,0.0,0.0,0,0.1195068359375,0.0,A397,590075005A0029FFE30000DAFFE19000A1FF66FFBB00000000000000000003D30000A397
10.51,102245.39,579.02,8,1,2025,1,44,27,47.614886,-122.177402,89,118,91,0029,-45.0,20.400000000000002,-47.1,14.9,-15.8,6546.9,0.0,0.0,0,0.1195068359375,0.0,3060,590076005B0029FFE3E000CCFFE2900095FF62FFBD00000000000000000003D300003060
10.51,102246.25,578.94,8,1,2025,1,44,28,47.614889999999995,-122.177409,89,119,91,0029,-45.0,20.400000000000002,-47.1,14.9,-15.8,6546.0,0.0,0.0,0,0.1195068359375,0.0,E07A,590077005B0029FFE3E000CCFFE2900095FF62FFB400000000000000000003D30000E07A
10.51,102246.91,578.89,8,1,2025,1,44,28,47.614889999999995,-122.177409,89,120,92,0029,-45.300000000000004,18.8,-47.300000000000004,13.3,-9.9,6542.6,0.0,0.0,0,0.1195068359375,0.0,6E2C,590078005C0029FFE3B000BCFFE2700085FF9DFF9200000000000000000003D300006E2C
10.51,102247.56,578.84,8,1,2025,1,44,30,47.614889999999995,-122.177409,89,121,92,0029,-45.300000000000004,18.8,-47.300000000000004,13.3,-9.9,6542.6,0.0,0.0,0,0.1195068359375,0.0,7DD0,590079005C0029FFE3B000BCFFE2700085FF9DFF9200000000000000000003D300007DD0
10.51,102247.56,578.84,8,1,2025,1,44,31,47.614889999999995,-122.177409,89,122,93,0029,-45.1,16.6,-46.800000000000004,11.100000000000001,-5.6000000000000005,6540.7,0.0,0.0,0,0.1195068359375,0.0,17E4,59007A005D0029FFE3D000A6FFE2C0006FFFC8FF7F00000000000000000003D3000017E4
10.52,102248.05,578.8,8,1,2025,1,44,32,47.614889999999995,-122.177409,89,123,93,0029,-45.1,16.6,-46.800000000000004,11.100000000000001,-5.6000000000000005,6546.0,0.0,0.0,0,0.1195068359375,0.0,7321,59007B005D0029FFE3D000A6FFE2C0006FFFC8FFB400000000000000000003D300007321
10.52,102248.06,578.8,8,1,2025,1,44,33,47.614889999999995,-122.177409,89,124,94,0029,-45.1,15.3,-46.6,9.8,-5.5,6547.6,0.0,0.0,0,0.1195068359375,0.0,CCAD,59007C005E0029FFE3D00099FFE2E00062FFC9FFC400000000000000000003D30000CCAD
10.53,102248.55,578.76,8,1,2025,1,44,34,47.61457,-122.177109,89,125,95,0029,-45.400000000000006,14.100000000000001,-46.7,8.5,-5.800000000000001,6544.2,0.0,0.0,0,0.1195068359375,0.0,29AE,59007D005F0029FFE3A0008DFFE2D00055FFC6FFA200000000000000000003D3000029AE
10.54,102249.26,578.7,8,1,2025,1,44,35,47.614869,-122.177167,89,126,97,0029,-45.6,12.9,-46.800000000000004,7.4,-5.7,6543.5,0.0,0.0,0,0.1195068359375,0.0,393B,59007E00610029FFE3800081FFE2C0004AFFC7FF9B00000000000000000003D30000393B
10.56,102249.89,578.64,8,1,2025,1,44,35,47.614869,-122.177167,89,127,98,0029,-45.5,13.200000000000001,-46.800000000000004,7.7,-6.0,6541.7,0.0,0.0,0,0.1195068359375,0.0,4E34,59007F00620029FFE3900084FFE2C0004DFFC4FF8900000000000000000003D300004E34
10.57,102249.78,578.65,8,1,2025,1,44,37,47.614871,-122.177163,89,128,99,0029,-44.300000000000004,17.1,-46.7,9.0,-6.300000000000001,6544.4,0.0,0.0,0,0.1771240234375,0.0,CBA2,59008000630029FFE45000ABFFE2D0005AFFC1FFA400000000000000000005AB0000CBA2
10.59,102249.7,578.66,8,1,2025,1,44,38,47.614874,-122.177201,89,129,99,0019,-44.300000000000004,17.1,-46.7,9.0,-6.300000000000001,6544.4,0.0,0.0,0,0.1771240234375,0.0,1A17,59008100630019FFE45000ABFFE2D0005AFFC1FFA400000000000000000005AB00001A17
10.61,102249.18,578.7,8,1,2025,1,44,39,47.614872999999996,-122.177241,89,130,100,0019,-44.2,18.400000000000002,-46.7,10.3,-6.300000000000001,6539.2,0.0,0.0,0,0.1771240234375,0.0,CA22,59008200640019FFE46000B8FFE2D00067FFC1FF7000000000000000000005AB0000CA22
10.61,102248.52,578.92,8,1,2025,1,44,40,47.61488,-122.17725,89,131,101,0019,-44.300000000000004,19.5,-47.0,11.4,-6.800000000000001,6539.2,0.0,0.0,0,0.1771240234375,0.0,8673,59008300650019FFE45000C3FFE2A00072FFBCFF7000000000000000000005AB00008673
10.63,102247.62,578.83,8,1,2025,1,44,41,47.614889999999995,-122.177278,89,132,101,0019,-44.300000000000004,19.5,-47.0,11.4,-6.800000000000001,6537.3,0.0,0.0,0,0.1771240234375,0.0,22D1,59008400650019FFE45000C3FFE2A00072FFBCFF5D00000000000000000005AB000022D1
10.65,102246.89,578.89,8,1,2025,1,44,42,47.614894,-122.17727199999999,89,133,101,0019,-44.300000000000004,19.5,-47.0,11.4,-6.800000000000001,6537.6,0.0,0.0,0,0.1771240234375,0.0,CAEF,59008500650019FFE45000C3FFE2A00072FFBCFF6000000000000000000005AB0000CAEF
10.67,102246.36,578.94,8,1,2025,1,44,43,47.614895999999995,-122.177267,89,134,102,0019,-43.7,22.5,-46.900000000000006,14.5,-14.200000000000001,6541.7,0.0,0.0,0,0.1771240234375,0.0,108B,59008600660019FFE4B000E1FFE2B00091FF72FF8900000000000000000005AB0000108B
10.68,102245.97,578.97,8,1,2025,1,44,44,47.614898,-122.17726599999999,89,135,102,0019,-43.7,22.5,-46.900000000000006,14.5,-14.200000000000001,6543.2,0.0,0.0,0,0.1771240234375,0.0,3285,59008700660019FFE4B000E1FFE2B00091FF72FF9800000000000000000005AB00003285
10.7,102245.12,579.04,8,1,2025,1,44,45,47.614900999999996,-122.17725899999999,89,136,103,0019,-42.900000000000006,23.6,-46.400000000000006,15.700000000000001,-13.5,6542.6,0.0,0.0,0,0.1771240234375,0.0,37B1,59008800670019FFE53000ECFFE300009DFF79FF9200000000000000000005AB000037B1
10.72,102245.24,579.03,8,1,2025,1,44,46,47.614898,-122.177261,89,137,104,0019,-42.1,24.6,-45.800000000000004,16.8,-12.8,6543.2,0.0,0.0,0,0.1771240234375,0.0,802C,59008900680019FFE5B000F6FFE36000A8FF80FF9800000000000000000005AB0000802C
10.73,102245.5,579.01,8,1,2025,1,44,47,47.614895,-122.177262,89,138,105,0019,-41.800000000000004,25.900000000000002,-45.7,18.1,-11.600000000000001,6546.9,0.0,0.0,0,0.1771240234375,0.0,DDA9,59008A00690019FFE5E00103FFE37000B5FF8CFFBD00000000000000000005AB0000DDA9
10.75,102245.64,579.0,8,1,2025,1,44,48,47.614892999999995,-122.17727199999999,89,139,106,0019,-41.7,27.1,-45.800000000000004,19.400000000000002,-10.0,6548.5,0.0,0.0,0,0.1771240234375,0.0,AB97,59008B006A0019FFE5F0010FFFE36000C2FF9CFFCD00000000000000000005AB0000AB97
10.76,102245.81,578.98,8,1,2025,1,44,49,47.614886999999996,-122.177278,89,140,107,0019,-41.800000000000004,28.200000000000003,-46.1,20.400000000000002,-9.600000000000001,6542.6,0.0,0.0,0,0.1771240234375,0.0,4E0C,59008C006B0019FFE5E0011AFFE33000CCFFA0FF9200000000000000000005AB00004E0C
10.78,102245.82,578.98,8,1,2025,1,44,50,47.614872999999996,-122.177296,89,141,108,0019,-42.900000000000006,28.8,-47.300000000000004,20.8,-9.8,6541.7,0.0,0.0,0,0.1771240234375,0.0,39C6,59008D006C0019FFE5300120FFE27000D0FF9EFF8900000000000000000005AB000039C6
10.8,102245.91,578.97,8,1,2025,1,44,51,47.614861,-122.17730399999999,89,142,109,0019,-44.2,29.200000000000003,-48.7,20.900000000000002,-10.4,6545.7,0.0,0.0,0,0.1771240234375,0.0,A7C4,59008E006D0019FFE4600124FFE19000D1FF98FFB100000000000000000005AB0000A7C4
10.8,102245.89,578.97,8,1,2025,1,44,52,47.614849,-122.17730399999999,89,143,109,0019,-44.2,29.200000000000003,-48.7,20.900000000000002,-10.4,6545.7,0.0,0.0,0,0.1771240234375,0.0,93C0,59008F006D0019FFE4600124FFE19000D1FF98FFB100000000000000000005AB000093C0
10.82,102245.66,578.99,8,1,2025,1,44,53,47.61484,-122.17730499999999,89,144,110,0019,-45.5,29.6,-50.0,21.1,-10.8,6538.9,0.0,0.0,0,0.1771240234375,0.0,741B,590090006E0019FFE3900128FFE0C000D3FF94FF6D00000000000000000005AB0000741B
10.84,102245.5,579.01,8,1,2025,1,44,54,47.61483,-122.177307,89,145,111,0019,-46.800000000000004,29.900000000000002,-51.300000000000004,21.200000000000003,-11.100000000000001,6536.4,0.0,0.0,0,0.1771240234375,0.0,FD4C,590091006F0019FFE2C0012BFFDFF000D4FF91FF5400000000000000000005AB0000FD4C
10.85,102245.59,579.0,8,1,2025,1,44,55,47.614816999999995,-122.177296,89,146,112,0019,-48.1,30.200000000000003,-52.6,21.3,-11.4,6535.5,0.0,0.0,0,0.1771240234375,0.0,D527,59009200700019FFE1F0012EFFDF2000D5FF8EFF4B00000000000000000005AB0000D527
10.87,102244.95,579.05,8,1,2025,1,44,56,47.614805,-122.177297,89,147,114,0019,-49.300000000000004,30.6,-53.900000000000006,21.400000000000002,-11.8,6533.6,0.0,0.0,0,0.1771240234375,0.0,51BD,59009300720019FFE1300132FFDE5000D6FF8AFF3800000000000000000005AB000051BD
10.89,102244.7,579.07,8,1,2025,1,44,57,47.614793999999996,-122.17729399999999,89,148,115,0019,-50.5,30.8,-55.1,21.400000000000002,-12.5,6542.3,0.0,0.0,0,0.1771240234375,0.0,15C5,59009400730019FFE0700134FFDD9000D6FF83FF8F00000000000000000005AB000015C5
10.9,102244.47,579.09,8,1,2025,1,44,58,47.614785,-122.177298,89,149,115,0019,-50.5,30.8,-55.1,21.400000000000002,-12.5,6542.3,0.0,0.0,0,0.1771240234375,0.0,0639,59009500730019FFE0700134FFDD9000D6FF83FF8F00000000000000000005AB00000639
10.92,102244.14,579.12,8,1,2025,1,44,59,47.614774999999995,-122.177298,89,150,116,0019,-51.800000000000004,31.0,-56.400000000000006,21.400000000000002,-12.700000000000001,6542.3,0.0,0.0,0,0.1771240234375,0.0,21A3,59009600740019FFDFA00136FFDCC000D6FF81FF8F00000000000000000005AB000021A3
10.94,102244.23,579.11,8,1,2025,1,45,0,47.614768,-122.177298,89,151,116,0019,-51.800000000000004,31.0,-56.400000000000006,21.400000000000002,-12.700000000000001,6540.5,0.0,0.0,0,0.1771240234375,0.0,D3FE,59009700740019FFDFA00136FFDCC000D6FF81FF7D00000000000000000005AB0000D3FE
10.95,102243.59,579.17,8,1,2025,1,45,1,47.614767,-122.17730999999999,89,152,116,0019,-51.800000000000004,31.0,-56.400000000000006,21.400000000000002,-12.700000000000001,6540.5,0.0,0.0,0,0.1771240234375,0.0,37EA,59009800740019FFDFA00136FFDCC000D6FF81FF7D00000000000000000005AB000037EA
10.97,102243.34,579.19,8,1,2025,1,45,2,47.614767,-122.177314,89,153,117,0019,-55.1,31.8,-59.900000000000006,21.5,-11.8,6537.1,0.0,0.0,0,0.1771240234375,0.0,4868,59009900750019FFDD90013EFFDA9000D7FF8AFF5B00000000000000000005AB00004868
10.98,102243.28,579.19,8,1,2025,1,45,3,47.614765,-122.177319,89,154,117,0019,-55.1,31.8,-59.900000000000006,21.5,-11.8,6536.2,0.0,0.0,0,0.1771240234375,0.0,DBC9,59009A00750019FFDD90013EFFDA9000D7FF8AFF5200000000000000000005AB0000DBC9
11.0,102242.88,579.22,8,1,2025,1,45,3,47.614765,-122.177319,89,155,118,0019,-56.1,32.2,-60.900000000000006,21.8,-12.200000000000001,6536.2,0.0,0.0,0,0.1771240234375,0.0,341B,59009B00760019FFDCF00142FFD9F000DAFF86FF5200000000000000000005AB0000341B
11.01,102242.31,579.27,8,1,2025,1,45,3,47.614765,-122.177319,89,156,119,0019,-56.400000000000006,31.6,-60.900000000000006,21.8,-12.200000000000001,6538.4,0.0,0.0,0,0.166259765625,0.0,1FF3,59009C00770019FFDCC0013CFFD9F000DAFF86FF68000000000000000000055200001FF3
11.03,102242.03,579.29,8,1,2025,1,45,6,47.614765,-122.177319,89,157,119,0019,-56.400000000000006,31.6,-60.900000000000006,21.8,-12.200000000000001,6536.8,0.0,0.0,0,0.166259765625,0.0,09BB,59009D00770019FFDCC0013CFFD9F000DAFF86FF580000000000000000000552000009BB
11.06,102241.86,579.31,8,1,2025,1,45,7,47.614716,-122.176853,89,158,120,0019,-56.400000000000006,31.6,-60.900000000000006,21.8,-12.200000000000001,6538.7,0.0,0.0,0,0.166259765625,0.0,054D,59009E00780019FFDCC0013CFFD9F000DAFF86FF6B00000000000000000005520000054D
11.08,102241.8,579.31,8,1,2025,1,45,8,47.614717,-122.17712499999999,89,159,122,0019,-57.1,31.900000000000002,-61.5,22.0,-12.5,6542.1,0.0,0.0,0,0.166259765625,0.0,0A32,59009F007A0019FFDC50013FFFD99000DCFF83FF8D000000000000000000055200000A32
11.11,102241.83,579.31,8,1,2025,1,45,8,47.614717,-122.17712499999999,89,160,123,0019,-57.7,32.0,-62.2,22.0,-12.600000000000001,6541.8,0.0,0.0,0,0.166259765625,0.0,29EC,5900A0007B0019FFDBF00140FFD92000DCFF82FF8A0000000000000000000552000029EC
11.13,102242.02,579.3,8,1,2025,1,45,10,47.614723,-122.177167,89,161,124,0019,-57.7,32.0,-62.2,22.0,-12.600000000000001,6542.8,0.0,0.0,0,0.166259765625,0.0,38C2,5900A1007C0019FFDBF00140FFD92000DCFF82FF940000000000000000000552000038C2
11.16,102241.96,579.3,8,1,2025,1,45,10,47.614723,-122.177167,89,162,125,0019,-57.7,32.0,-62.2,22.0,-12.600000000000001,6539.3,0.0,0.0,0,0.166259765625,0.0,E938,5900A2007D0019FFDBF00140FFD92000DCFF82FF7100000000000000000005520000E938
11.19,102242.81,579.23,8,1,2025,1,45,10,47.614723,-122.177167,89,163,125,0019,-57.7,32.0,-62.2,22.0,-12.600000000000001,6539.3,0.0,0.0,0,0.166259765625,0.0,FAC4,5900A3007D0019FFDBF00140FFD92000DCFF82FF7100000000000000000005520000FAC4
11.21,102242.97,579.22,8,1,2025,1,45,12,47.614726999999995,-122.177467,89,164,126,0019,-57.6,33.1,-62.300000000000004,23.1,-12.4,6541.8,0.0,0.0,0,0.166259765625,0.0,1BBC,5900A4007E0019FFDC00014BFFD91000E7FF84FF8A000000000000000000055200001BBC
11.22,102243.06,579.21,8,1,2025,1,45,12,47.614726999999995,-122.177467,89,165,127,0019,-57.800000000000004,34.0,-62.6,23.900000000000002,-12.4,6541.8,0.0,0.0,0,0.166259765625,0.0,CB36,5900A5007F0019FFDBE00154FFD8E000EFFF84FF8A00000000000000000005520000CB36
11.24,102243.92,579.14,8,1,2025,1,45,12,47.614726999999995,-122.177467,89,166,128,0019,-57.800000000000004,34.0,-62.6,23.900000000000002,-12.4,6542.8,0.0,0.0,0,0.166259765625,0.0,C25E,5900A600800019FFDBE00154FFD8E000EFFF84FF9400000000000000000005520000C25E
11.26,102244.5,579.09,8,1,2025,1,45,15,47.614726999999995,-122.177467,89,167,130,0019,-58.7,34.5,-63.6,24.3,-12.100000000000001,6541.8,0.0,0.0,0,0.166259765625,0.0,69D3,5900A700820019FFDB500159FFD84000F3FF87FF8A0000000000000000000552000069D3
11.27,102244.75,579.07,8,1,2025,1,45,17,47.614726999999995,-122.177467,89,168,131,0019,-59.800000000000004,34.800000000000004,-64.8,24.400000000000002,-10.600000000000001,6546.8,0.0,0.0,0,0.166259765625,0.0,32C7,5900A800830019FFDAA0015CFFD78000F4FF96FFBC0000000000000000000552000032C7
11.29,102244.88,579.06,8,1,2025,1,45,18,47.614726999999995,-122.177467,89,169,131,0019,-59.800000000000004,34.800000000000004,-64.8,24.400000000000002,-10.600000000000001,6548.4,0.0,0.0,0,0.166259765625,0.0,05AF,5900A900830019FFDAA0015CFFD78000F4FF96FFCC0000000000000000000552000005AF
11.31,102245.29,579.02,8,1,2025,1,45,19,47.614726999999995,-122.177467,89,170,134,0019,-60.900000000000006,35.2,-65.9,24.700000000000003,-9.1,6548.4,0.0,0.0,0,0.166259765625,0.0,DAD6,5900AA00860019FFD9F00160FFD6D000F7FFA5FFCC00000000000000000005520000DAD6
11.33,102245.38,579.02,8,1,2025,1,45,19,47.614726999999995,-122.177467,89,171,134,0019,-60.900000000000006,35.2,-65.9,24.700000000000003,-9.1,6550.3,0.0,0.0,0,0.166259765625,0.0,51C0,5900AB00860019FFD9F00160FFD6D000F7FFA5FFDF0000000000000000000552000051C0
11.35,102245.58,579.0,8,1,2025,1,45,19,47.614726999999995,-122.177467,89,172,134,0019,-60.900000000000006,35.2,-65.9,24.700000000000003,-9.1,6552.8,0.0,0.0,0,0.166259765625,0.0,1C96,5900AC00860019FFD9F00160FFD6D000F7FFA5FFF8000000000000000000055200001C96
11.37,102245.78,578.98,8,1,2025,1,45,22,47.614726999999995,-122.177467,89,173,134,0019,-60.900000000000006,35.2,-65.9,24.700000000000003,-9.1,6544.1,0.0,0.0,0,0.166259765625,0.0,26D8,5900AD00860019FFD9F00160FFD6D000F7FFA5FFA10000000000000000000552000026D8
11.39,102245.33,579.02,8,1,2025,1,45,23,47.614726999999995,-122.177467,89,174,135,0019,-60.800000000000004,35.1,-65.8,24.6,-9.3,6545.0,0.0,0.0,0,0.166259765625,0.0,C9AF,5900AE00870019FFDA00015FFFD6E000F6FFA3FFAA00000000000000000005520000C9AF
11.41,102245.03,579.05,8,1,2025,1,45,24,47.614627,-122.17614999999999,89,175,135,0019,-60.800000000000004,35.1,-65.8,24.6,-9.3,6544.1,0.0,0.0,0,0.166259765625,0.0,3E4D,5900AF00870019FFDA00015FFFD6E000F6FFA3FFA1000000000000000000055200003E4D
11.43,102244.86,579.06,8,1,2025,1,45,25,47.614643,-122.17614999999999,89,176,135,0019,-60.800000000000004,35.1,-65.8,24.6,-9.3,6540.7,0.0,0.0,0,0.166259765625,0.0,96B6,5900B000870019FFDA00015FFFD6E000F6FFA3FF7F0000000000000000000552000096B6
11.45,102244.36,579.1,8,1,2025,1,45,26,47.61466,-122.17622899999999,89,177,136,0019,-59.0,33.6,-63.7,23.3,-12.9,6540.7,0.0,0.0,0,0.166259765625,0.0,4D39,5900B100880019FFDB200150FFD83000E9FF7FFF7F000000000000000000055200004D39
11.46,102244.41,579.1,8,1,2025,1,45,27,47.614672999999996,-122.17628599999999,89,178,138,0019,-58.0,32.9,-62.7,22.900000000000002,-13.9,6541.3,0.0,0.0,0,0.166259765625,0.0,F3AF,5900B2008A0019FFDBC00149FFD8D000E5FF75FF8500000000000000000005520000F3AF
11.49,102244.64,579.08,8,1,2025,1,45,28,47.614694,-122.176333,89,179,138,0019,-58.0,32.9,-62.7,22.900000000000002,-13.9,6538.8,0.0,0.0,0,0.166259765625,0.0,B318,5900B3008A0019FFDBC00149FFD8D000E5FF75FF6C00000000000000000005520000B318
11.51,102243.86,579.14,8,1,2025,1,45,29,47.614729,-122.176475,89,180,140,0019,-55.900000000000006,34.300000000000004,-61.6,22.700000000000003,-13.9,6537.0,0.0,0.0,0,0.19677734375,0.0,209A,5900B4008C0019FFDD100157FFD98000E3FF75FF5A000000000000000000064C0000209A
11.53,102243.41,579.18,8,1,2025,1,45,30,47.614742,-122.17656,89,181,141,0019,-55.2,33.7,-60.7,22.3,-14.0,6540.4,0.0,0.0,0,0.19677734375,0.0,B5A8,5900B5008D0019FFDD800151FFDA1000DFFF74FF7C000000000000000000064C0000B5A8
11.55,102242.82,579.23,8,1,2025,1,45,31,47.614762999999996,-122.17689399999999,89,182,142,0019,-55.2,33.7,-60.7,22.3,-14.0,6536.3,0.0,0.0,0,0.19677734375,0.0,AE3C,5900B6008E0019FFDD800151FFDA1000DFFF74FF53000000000000000000064C0000AE3C
11.57,102242.12,579.29,8,1,2025,1,45,31,47.614762999999996,-122.17689399999999,89,183,142,0019,-55.2,33.7,-60.7,22.3,-14.0,6535.4,0.0,0.0,0,0.19677734375,0.0,707E,5900B7008E0019FFDD800151FFDA1000DFFF74FF4A000000000000000000064C0000707E
11.58,102241.88,579.31,8,1,2025,1,45,31,47.614762999999996,-122.17689399999999,89,184,142,0019,-55.2,33.7,-60.7,22.3,-14.0,6534.3,0.0,0.0,0,0.19677734375,0.0,01B4,5900B8008E0019FFDD800151FFDA1000DFFF74FF3F000000000000000000064C000001B4
11.6,102241.77,579.32,8,1,2025,1,45,33,47.614762999999996,-122.17689399999999,89,185,142,0019,-55.2,33.7,-60.7,22.3,-14.0,6537.7,0.0,0.0,0,0.19677734375,0.0,0D58,5900B9008E0019FFDD800151FFDA1000DFFF74FF61000000000000000000064C00000D58
11.61,102241.89,579.31,8,1,2025,1,45,33,47.614762999999996,-122.17689399999999,89,186,143,0019,-54.2,30.3,-59.1,19.1,-13.100000000000001,6541.1,0.0,0.0,0,0.19677734375,0.0,2C3F,5900BA008F0019FFDE20012FFFDB1000BFFF7DFF83000000000000000000064C00002C3F
11.63,102242.72,579.24,8,1,2025,1,45,33,47.614762999999996,-122.17689399999999,89,187,145,0019,-54.800000000000004,29.1,-59.5,17.900000000000002,-14.200000000000001,6540.2,0.0,0.0,0,0.19677734375,0.0,B8C2,5900BB00910019FFDDC00123FFDAD000B3FF72FF7A000000000000000000064C0000B8C2
11.64,102243.34,579.19,8,1,2025,1,45,36,47.614762999999996,-122.17689399999999,89,188,146,0019,-55.5,28.0,-59.900000000000006,16.6,-15.100000000000001,6542.9,0.0,0.0,0,0.19677734375,0.0,A9D0,5900BC00920019FFDD500118FFDA9000A6FF69FF95000000000000000000064C0000A9D0
11.65,102243.82,579.15,8,1,2025,1,45,37,47.614762999999996,-122.17689399999999,89,189,146,0019,-55.5,28.0,-59.900000000000006,16.6,-15.100000000000001,6542.7,0.0,0.0,0,0.19677734375,0.0,AD70,5900BD00920019FFDD500118FFDA9000A6FF69FF93000000000000000000064C0000AD70
11.66,102244.97,579.05,8,1,2025,1,45,38,47.614762999999996,-122.17689399999999,89,190,148,0019,-55.900000000000006,27.0,-60.1,15.600000000000001,-12.9,6546.1,0.0,0.0,0,0.19677734375,0.0,5ABA,5900BE00940019FFDD10010EFFDA70009CFF7FFFB5000000000000000000064C00005ABA
11.67,102245.73,578.99,8,1,2025,1,45,39,47.614762999999996,-122.17689399999999,89,191,149,0019,-56.2,26.3,-60.300000000000004,14.8,-8.8,6546.1,0.0,0.0,0,0.19677734375,0.0,8D6D,5900BF00950019FFDCE00107FFDA500094FFA8FFB5000000000000000000064C00008D6D
11.69,102246.77,578.9,8,1,2025,1,45,40,47.614762999999996,-122.17689399999999,89,192,149,0019,-56.2,26.3,-60.300000000000004,14.8,-8.8,6546.1,0.0,0.0,0,0.19677734375,0.0,F490,5900C000950019FFDCE00107FFDA500094FFA8FFB5000000000000000000064C0000F490
11.7,102247.36,578.85,8,1,2025,1,45,41,47.614762999999996,-122.17689399999999,89,193,149,0019,-56.2,26.3,-60.300000000000004,14.8,-8.8,6544.5,0.0,0.0,0,0.19677734375,0.0,8AD0,5900C100950019FFDCE00107FFDA500094FFA8FFA5000000000000000000064C00008AD0
11.71,102247.62,578.83,8,1,2025,1,45,42,47.614762999999996,-122.17689399999999,89,194,150,0019,-55.800000000000004,22.6,-59.2,11.3,-5.0,6544.3,0.0,0.0,0,0.19677734375,0.0,4696,5900C200960019FFDD2000E2FFDB000071FFCEFFA3000000000000000000064C00004696
11.72,102248.49,578.76,8,1,2025,1,45,43,47.614762999999996,-122.17689399999999,89,195,150,0019,-55.800000000000004,22.6,-59.2,11.3,-5.0,6545.9,0.0,0.0,0,0.19677734375,0.0,38D6,5900C300960019FFDD2000E2FFDB000071FFCEFFB3000000000000000000064C000038D6
11.73,102249.16,578.7,8,1,2025,1,45,44,47.614585,-122.17660799999999,89,196,151,0019,-56.0,21.3,-59.1,9.9,-5.5,6543.4,0.0,0.0,0,0.19677734375,0.0,C3B6,5900C400970019FFDD0000D5FFDB100063FFC9FF9A000000000000000000064C0000C3B6
11.74,102249.19,578.7,8,1,2025,1,45,45,47.614759,-122.17662,89,197,152,0019,-56.400000000000006,20.0,-59.2,8.6,-5.300000000000001,6543.4,0.0,0.0,0,0.19677734375,0.0,7785,5900C500980019FFDCC000C8FFDB000056FFCBFF9A000000000000000000064C00007785
11.75,102249.61,578.67,8,1,2025,1,45,46,47.614616999999996,-122.176334,89,198,153,0019,-56.400000000000006,20.5,-59.300000000000004,9.1,-5.4,6544.3,0.0,0.0,0,0.19677734375,0.0,87A6,5900C600990019FFDCC000CDFFDAF0005BFFCAFFA3000000000000000000064C000087A6
11.76,102249.88,578.65,8,1,2025,1,45,47,47.614599,-122.17607799999999,89,199,153,0019,-56.400000000000006,20.5,-59.300000000000004,9.1,-5.4,6544.0,0.0,0.0,0,0.19677734375,0.0,ABF0,5900C700990019FFDCC000CDFFDAF0005BFFCAFFA0000000000000000000064C0000ABF0
11.76,102250.07,578.63,8,1,2025,1,45,48,47.61463,-122.176143,89,200,153,0019,-56.400000000000006,20.5,-59.300000000000004,9.1,-5.4,6549.3,0.0,0.0,0,0.19677734375,0.0,B9DE,5900C800990019FFDCC000CDFFDAF0005BFFCAFFD5000000000000000000064C0000B9DE
11.77,102250.47,578.6,8,1,2025,1,45,49,47.614702,-122.176615,89,201,156,0019,-55.900000000000006,23.0,-59.300000000000004,11.600000000000001,-4.800000000000001,6549.0,0.0,0.0,0,0.19677734375,0.0,92F1,5900C9009C0019FFDD1000E6FFDAF00074FFD0FFD2000000000000000000064C000092F1
11.77,102249.41,578.68,8,1,2025,1,45,50,47.614725,-122.176811,89,202,156,0019,-55.900000000000006,23.0,-59.300000000000004,11.600000000000001,-4.800000000000001,6547.4,0.0,0.0,0,0.19677734375,0.0,3D5A,5900CA009C0019FFDD1000E6FFDAF00074FFD0FFC2000000000000000000064C00003D5A
11.78,102248.48,578.76,8,1,2025,1,45,51,47.614743999999995,-122.176976,89,203,156,0019,-55.900000000000006,23.0,-59.300000000000004,11.600000000000001,-4.800000000000001,6544.0,0.0,0.0,0,0.19677734375,0.0,6ABA,5900CB009C0019FFDD1000E6FFDAF00074FFD0FFA0000000000000000000064C00006ABA
11.78,102247.37,578.85,8,1,2025,1,45,52,47.614759,-122.177098,89,204,157,0019,-56.1,24.900000000000002,-59.900000000000006,13.5,-4.4,6537.9,0.0,0.0,0,0.19677734375,0.0,4570,5900CC009D0019FFDCF000F9FFDA900087FFD4FF63000000000000000000064C00004570
11.79,102246.28,578.94,8,1,2025,1,45,53,47.614756,-122.177145,89,205,158,0019,-56.1,25.900000000000002,-60.0,14.4,-6.9,6537.2,0.0,0.0,0,0.19677734375,0.0,802E,5900CD009E0019FFDCF00103FFDA800090FFBBFF5C000000000000000000064C0000802E
11.79,102245.47,579.01,8,1,2025,1,45,53,47.614756,-122.177145,89,206,159,0019,-55.2,27.900000000000002,-60.0,15.200000000000001,-10.600000000000001,6537.2,0.0,0.0,0,0.2198486328125,0.0,A2B1,5900CE009F0019FFDD800117FFDA800098FF96FF5C00000000000000000007090000A2B1
11.78,102244.86,579.06,8,1,2025,1,45,53,47.614756,-122.177145,89,207,160,0019,-55.2,28.6,-60.1,15.9,-16.1,6540.4,0.0,0.0,0,0.2198486328125,0.0,0708,5900CF00A00019FFDD80011EFFDA70009FFF5FFF7C000000000000000000070900000708
11.78,102244.58,579.08,8,1,2025,1,45,53,47.614756,-122.177145,89,208,160,0019,-55.2,28.6,-60.1,15.9,-16.1,6536.9,0.0,0.0,0,0.2198486328125,0.0,9069,5900D000A00019FFDD80011EFFDA70009FFF5FFF59000000000000000000070900009069
11.78,102244.0,579.13,8,1,2025,1,45,58,47.614756,-122.177145,89,209,161,0019,-54.900000000000006,29.8,-60.1,17.1,-16.7,6531.7,0.0,0.0,0,0.2198486328125,0.0,E749,5900D100A10019FFDDB0012AFFDA7000ABFF59FF2500000000000000000007090000E749
11.78,102243.89,579.14,8,1,2025,1,45,59,47.614756,-122.177145,89,210,161,0019,-54.900000000000006,29.8,-60.1,17.1,-16.7,6537.6,0.0,0.0,0,0.2198486328125,0.0,01E3,5900D200A10019FFDDB0012AFFDA7000ABFF59FF600000000000000000000709000001E3
11.77,102243.25,579.19,8,1,2025,1,46,0,47.614756,-122.177145,89,211,162,0019,-54.6,32.2,-60.300000000000004,19.5,-14.9,6537.6,0.0,0.0,0,0.2198486328125,0.0,1696,5900D300A20019FFDDE00142FFDA5000C3FF6BFF60000000000000000000070900001696
11.76,102243.02,579.21,8,1,2025,1,46,1,47.614756,-122.177145,89,212,163,0019,-54.800000000000004,33.5,-60.7,20.700000000000003,-14.5,6537.6,0.0,0.0,0,0.2198486328125,0.0,0C60,5900D400A30019FFDDC0014FFFDA1000CFFF6FFF60000000000000000000070900000C60
11.75,102242.63,579.24,8,1,2025,1,46,2,47.61459,-122.177432,89,213,164,0019,-55.400000000000006,34.5,-61.6,21.5,-14.700000000000001,6534.8,0.0,0.0,0,0.2198486328125,0.0,3634,5900D500A40019FFDD600159FFD98000D7FF6DFF44000000000000000000070900003634
11.75,102242.44,579.26,8,1,2025,1,46,3,47.614596,-122.177352,89,214,165,0019,-56.5,34.800000000000004,-62.800000000000004,21.6,-15.100000000000001,6534.8,0.0,0.0,0,0.2198486328125,0.0,09CB,5900D600A50019FFDCB0015CFFD8C000D8FF69FF440000000000000000000709000009CB
11.74,102242.12,579.29,8,1,2025,1,46,4,47.614638,-122.177489,89,215,165,0019,-56.5,34.800000000000004,-62.800000000000004,21.6,-15.100000000000001,6533.0,0.0,0.0,0,0.2198486328125,0.0,9A8F,5900D700A50019FFDCB0015CFFD8C000D8FF69FF32000000000000000000070900009A8F
11.73,102242.11,579.29,8,1,2025,1,46,4,47.614638,-122.177489,89,216,165,0019,-56.5,34.800000000000004,-62.800000000000004,21.6,-15.100000000000001,6533.0,0.0,0.0,0,0.2198486328125,0.0,7E9B,5900D800A50019FFDCB0015CFFD8C000D8FF69FF32000000000000000000070900007E9B
11.72,102241.52,579.34,8,1,2025,1,46,6,47.614655,-122.177427,89,217,166,0019,-58.5,33.1,-64.3,19.6,-15.8,6532.1,0.0,0.0,0,0.2198486328125,0.0,095D,5900D900A60019FFDB70014BFFD7D000C4FF62FF2900000000000000000007090000095D
182.28,151463.45,655.35,8,1,2025,1,46,6,47.614655,-122.177427,89,218,167,0019,-58.900000000000006,32.0,-64.5,18.400000000000002,-16.6,6533.0,0.0,0.0,0,0.2198486328125,0.0,CFD9,5900DA00A70019FFDB300140FFD7B000B8FF5AFF3200000000000000000007090000CFD9
11.7,102240.98,579.38,8,1,2025,1,46,6,47.614655,-122.177427,89,219,167,0019,-58.900000000000006,32.0,-64.5,18.400000000000002,-16.6,6536.2,0.0,0.0,0,0.2198486328125,0.0,20A5,5900DB00A70019FFDB300140FFD7B000B8FF5AFF520000000000000000000709000020A5
11.69,102240.89,579.39,8,1,2025,1,46,8,47.614582,-122.17737,89,220,168,0019,-61.1,31.1,-66.4,17.1,-17.8,6537.8,0.0,0.0,0,0.2198486328125,0.0,EF6C,5900DC00A80019FFD9D00137FFD68000ABFF4EFF6200000000000000000007090000EF6C
11.69,102242.17,579.28,8,1,2025,1,46,10,47.614584,-122.17742799999999,89,221,168,0019,-61.1,31.1,-66.4,17.1,-17.8,6539.6,0.0,0.0,0,0.2198486328125,0.0,CF58,5900DD00A80019FFD9D00137FFD68000ABFF4EFF7400000000000000000007090000CF58
11.68,102243.0,579.21,8,1,2025,1,46,11,47.614595,-122.177467,89,222,170,0019,-62.2,30.700000000000003,-67.4,16.400000000000002,-17.8,6549.6,0.0,0.0,0,0.2198486328125,0.0,4BDA,5900DE00AA0019FFD9200133FFD5E000A4FF4EFFD8000000000000000000070900004BDA
11.67,102244.09,579.12,8,1,2025,1,46,12,47.614596,-122.17745,89,223,173,0019,-62.7,29.700000000000003,-67.7,15.3,-17.5,6547.1,0.0,0.0,0,0.2198486328125,0.0,8808,5900DF00AD0019FFD8D00129FFD5B00099FF51FFBF000000000000000000070900008808
11.67,102244.92,579.05,8,1,2025,1,46,13,47.614608,-122.17745599999999,89,224,173,0019,-62.7,29.700000000000003,-67.7,15.3,-17.5,6551.5,0.0,0.0,0,0.2198486328125,0.0,5B81,5900E000AD0019FFD8D00129FFD5B00099FF51FFEB000000000000000000070900005B81
11.66,102245.3,579.02,8,1,2025,1,46,14,47.614613,-122.17746299999999,89,225,176,0019,-63.1,28.6,-67.8,14.100000000000001,-8.6,6551.2,0.0,0.0,0,0.2198486328125,0.0,E067,5900E100B00019FFD890011EFFD5A0008DFFAAFFE800000000000000000007090000E067
11.66,102245.48,579.01,8,1,2025,1,46,15,47.614622,-122.17745699999999,89,226,177,0019,-63.400000000000006,27.400000000000002,-67.8,13.0,-7.1000000000000005,6547.8,0.0,0.0,0,0.2198486328125,0.0,8C5A,5900E200B10019FFD8600112FFD5A00082FFB9FFC6000000000000000000070900008C5A
11.65,102245.74,578.99,8,1,2025,1,46,16,47.614625,-122.177471,89,227,178,0019,-63.800000000000004,26.200000000000003,-67.9,11.600000000000001,-6.6000000000000005,6547.5,0.0,0.0,0,0.2198486328125,0.0,438A,5900E300B20019FFD8200106FFD5900074FFBEFFC300000000000000000007090000438A
11.65,102246.61,578.92,8,1,2025,1,46,17,47.614629,-122.177489,89,228,179,0019,-64.2,24.200000000000003,-67.8,10.3,-6.800000000000001,6547.8,0.0,0.0,0,0.2098388671875,0.0,5574,5900E400B30019FFD7E000F2FFD5A00067FFBCFFC600000000000000000006B700005574
11.64,102246.79,578.9,8,1,2025,1,46,18,47.614630999999996,-122.177499,89,229,180,0019,-64.5,22.900000000000002,-67.8,9.0,-6.6000000000000005,6551.9,0.0,0.0,0,0.2098388671875,0.0,D907,5900E500B40019FFD7B000E5FFD5A0005AFFBEFFEF00000000000000000006B70000D907
11.64,102247.33,578.86,8,1,2025,1,46,19,47.614636999999995,-122.17751399999999,89,230,180,0019,-64.5,22.900000000000002,-67.8,9.0,-6.6000000000000005,6549.1,0.0,0.0,0,0.2098388671875,0.0,4A8F,5900E600B40019FFD7B000E5FFD5A0005AFFBEFFD300000000000000000006B700004A8F
11.64,102248.07,578.8,8,1,2025,1,46,20,47.614644,-122.17752999999999,89,231,182,0019,-64.8,21.700000000000003,-67.9,7.7,-6.1000000000000005,6551.6,0.0,0.0,0,0.2098388671875,0.0,5C19,5900E700B60019FFD78000D9FFD590004DFFC3FFEC00000000000000000006B700005C19
11.63,102248.28,578.78,8,1,2025,1,46,21,47.614650999999995,-122.17755299999999,89,232,183,0019,-65.2,20.400000000000002,-68.10000000000001,6.4,-6.300000000000001,6550.7,0.0,0.0,0,0.2098388671875,0.0,6561,5900E800B70019FFD74000CCFFD5700040FFC1FFE300000000000000000006B700006561
11.63,102249.11,578.71,8,1,2025,1,46,22,47.614653,-122.177557,89,233,184,0019,-65.5,19.1,-68.0,5.1000000000000005,-6.300000000000001,6550.7,0.0,0.0,0,0.2098388671875,0.0,DACB,5900E900B80019FFD71000BFFFD5800033FFC1FFE300000000000000000006B70000DACB
11.64,102250.2,578.62,8,1,2025,1,46,23,47.614658999999996,-122.17756999999999,89,234,184,0019,-65.5,19.1,-68.0,5.1000000000000005,-6.300000000000001,6550.7,0.0,0.0,0,0.2098388671875,0.0,8A8C,5900EA00B80019FFD71000BFFFD5800033FFC1FFE300000000000000000006B700008A8C
11.64,102251.22,578.53,8,1,2025,1,46,24,47.614664999999995,-122.177588,89,235,184,0019,-65.5,19.1,-68.0,5.1000000000000005,-6.300000000000001,6551.6,0.0,0.0,0,0.2098388671875,0.0,7D6E,5900EB00B80019FFD71000BFFFD5800033FFC1FFEC00000000000000000006B700007D6E
11.64,102251.83,578.48,8,1,2025,1,46,25,47.614669,-122.17760399999999,89,236,185,0019,-66.5,15.100000000000001,-68.10000000000001,0.9,-6.5,0.3,0.0,0.0,0,0.2098388671875,0.0,76D4,5900EC00B90019FFD6700097FFD5700009FFBF000300000000000000000006B7000076D4
11.65,102253.12,578.38,8,1,2025,1,46,26,47.614667999999995,-122.17763,89,237,185,0019,-66.5,15.100000000000001,-68.10000000000001,0.9,-6.5,6552.1,0.0,0.0,0,0.2098388671875,0.0,DCB3,5900ED00B90019FFD6700097FFD5700009FFBFFFF100000000000000000006B70000DCB3
11.66,102253.89,578.31,8,1,2025,1,46,27,47.61467,-122.17764299999999,89,238,188,0019,-67.0,13.9,-68.4,-0.4,-5.0,6553.0,0.0,0.0,0,0.2098388671875,0.0,C3E3,5900EE00BC0019FFD620008BFFD54FFFFCFFCEFFFA00000000000000000006B70000C3E3
11.68,102254.7,578.25,8,1,2025,1,46,28,47.614675,-122.177651,89,239,190,0019,-67.2,12.8,-68.4,-1.5,-2.8000000000000003,6552.1,0.0,0.0,0,0.2098388671875,0.0,4A60,5900EF00BE0019FFD6000080FFD54FFFF1FFE4FFF100000000000000000006B700004A60
11.69,102255.28,578.2,8,1,2025,1,46,29,47.614675,-122.177656,89,240,192,0019,-67.4,11.600000000000001,-68.3,-2.7,-0.7000000000000001,6551.1,0.0,0.0,0,0.2098388671875,0.0,9266,5900F000C00019FFD5E00074FFD55FFFE5FFF9FFE700000000000000000006B700009266
11.71,102255.53,578.18,8,1,2025,1,46,30,47.614678999999995,-122.17765999999999,89,241,194,0019,-67.4,11.100000000000001,-68.3,-3.2,-0.6000000000000001,6551.8,0.0,0.0,0,0.2098388671875,0.0,08E6,5900F100C20019FFD5E0006FFFD55FFFE0FFFAFFEE00000000000000000006B7000008E6
11.73,102256.67,578.08,8,1,2025,1,46,31,47.614674,-122.17766599999999,89,242,194,0019,-67.4,11.100000000000001,-68.3,-3.2,-0.6000000000000001,6551.8,0.0,0.0,0,0.2098388671875,0.0,3CE2,5900F200C20019FFD5E0006FFFD55FFFE0FFFAFFEE00000000000000000006B700003CE2
11.75,102258.02,577.97,8,1,2025,1,46,32,47.614677,-122.177684,89,243,195,0019,-67.4,11.100000000000001,-68.3,-3.2,-0.6000000000000001,2.5,0.0,0.0,0,0.2098388671875,0.0,0579,5900F300C30019FFD5E0006FFFD55FFFE0FFFA001900000000000000000006B700000579
11.77,102259.09,577.88,8,1,2025,1,46,33,47.614678,-122.177689,89,244,196,0019,-67.8,10.600000000000001,-68.5,-3.8000000000000003,-0.30000000000000004,6.6,0.0,0.0,0,0.2098388671875,0.0,B69A,5900F400C40019FFD5A0006AFFD53FFFDAFFFD004200000000000000000006B70000B69A
11.79,102259.75,577.83,8,1,2025,1,46,34,47.614675999999996,-122.177703,89,245,197,0019,-67.8,10.600000000000001,-68.5,-3.8000000000000003,-0.30000000000000004,8.5,0.0,0.0,0,0.2098388671875,0.0,4E9E,5900F500C50019FFD5A0006AFFD53FFFDAFFFD005500000000000000000006B700004E9E
11.8,102260.38,577.78,8,1,2025,1,46,34,47.614675999999996,-122.177703,89,246,198,0019,-68.10000000000001,9.700000000000001,-68.7,-4.7,2.0,11.6,0.0,0.0,0,0.2098388671875,0.0,DDDD,5900F600C60019FFD5700061FFD51FFFD10014007400000000000000000006B70000DDDD
11.81,102259.73,577.72,8,1,2025,1,46,34,47.614675999999996,-122.177703,89,247,200,0019,-71.5,10.700000000000001,-68.8,-6.0,3.7,7.3,0.0,0.0,0,0.1083984375,0.001220703125,95F8,5900F700C80019FFD350006BFFD50FFFC4002500490000000000000000000378028095F8
11.82,102261.34,577.7,8,1,2025,1,46,36,47.614675999999996,-122.177703,89,248,200,0019,-71.5,10.700000000000001,-68.8,-6.0,3.7,9.8,0.0,0.0,0,0.1083984375,0.001220703125,AC5E,5900F800C80019FFD350006BFFD50FFFC40025006200000000000000000003780280AC5E
11.83,102261.77,577.66,8,1,2025,1,46,37,47.614675999999996,-122.177703,89,249,201,0019,-72.9,8.5,-69.2,-8.700000000000001,5.1000000000000005,8.0,0.0,0.0,0,0.1083984375,0.001220703125,46FF,5900F900C90019FFD2700055FFD4CFFFA9003300500000000000000000000378028046FF
11.84,102262.31,577.62,8,1,2025,1,46,38,47.614675999999996,-122.177703,89,250,202,0019,-73.9,7.800000000000001,-69.9,-9.700000000000001,5.4,6.4,0.0,0.0,0,0.1083984375,0.001220703125,6964,5900FA00CA0019FFD1D0004EFFD45FFF9F00360040000000000000000000037802806964
11.86,102262.86,577.57,8,1,2025,1,46,39,47.614675999999996,-122.177703,89,251,203,0019,-74.7,7.0,-70.3,-10.700000000000001,5.9,4.5,0.0,0.0,0,0.1083984375,0.001220703125,A4A1,5900FB00CB0019FFD1500046FFD41FFF95003B002D00000000000000000003780280A4A1
11.87,102263.56,577.51,8,1,2025,1,46,41,47.61459,-122.177336,89,252,203,0019,-74.7,7.0,-70.3,-10.700000000000001,5.9,3.6,0.0,0.0,0,0.1083984375,0.001220703125,74BB,5900FC00CB0019FFD1500046FFD41FFF95003B00240000000000000000000378028074BB
11.88,102263.66,577.51,8,1,2025,1,46,41,47.61459,-122.177336,89,253,204,0019,-75.60000000000001,6.2,-70.8,-11.8,6.2,6552.0,0.0,0.0,0,0.1083984375,0.001220703125,8CEC,5900FD00CC0019FFD0C0003EFFD3CFFF8A003EFFF0000000000000000000037802808CEC
11.89,102264.01,577.48,8,1,2025,1,46,42,47.614622999999995,-122.177443,89,254,205,0019,-76.3,5.300000000000001,-71.10000000000001,-12.9,6.6000000000000005,1.1,0.0,0.0,0,0.1083984375,0.001220703125,8139,5900FE00CD0019FFD0500035FFD39FFF7F0042000B000000000000000000037802808139
11.9,102263.94,577.48,8,1,2025,1,46,43,47.614678999999995,-122.177646,89,255,206,0019,-76.9,4.4,-71.2,-14.100000000000001,7.0,6553.5,0.0,0.0,0,0.1083984375,0.001220703125,3EBE,5900FF00CE0019FFCFF0002CFFD38FFF730046FFFF000000000000000000037802803EBE
11.91,102264.45,577.44,8,1,2025,1,46,44,47.614689999999996,-122.17781599999999,89,256,206,0019,-76.9,4.4,-71.2,-14.100000000000001,7.0,4.0,0.0,0.0,0,0.1083984375,0.001220703125,2E5A,59010000CE0019FFCFF0002CFFD38FFF7300460028000000000000000000037802802E5A
11.92,102264.77,577.42,8,1,2025,1,46,45,47.61472,-122.17782799999999,89,257,206,0019,-76.9,4.4,-71.2,-14.100000000000001,7.0,5.9,0.0,0.0,0,0.1083984375,0.001220703125,5B28,59010100CE0019FFCFF0002CFFD38FFF730046003B000000000000000000037802805B28
11.92,102264.8,577.41,8,1,2025,1,46,46,47.614729,-122.177825,89,258,207,0019,-76.4,2.8000000000000003,-70.10000000000001,-15.200000000000001,4.2,10.2,0.0,0.0,0,0.1083984375,0.001220703125,C44E,59010200CF0019FFD040001CFFD43FFF68002A006600000000000000000003780280C44E
11.93,102264.7,577.42,8,1,2025,1,46,47,47.614734,-122.177836,89,259,208,0019,-75.2,3.4000000000000004,-69.3,-14.3,3.8000000000000003,0.6,0.0,0.0,0,0.1083984375,0.001220703125,DD01,59010300D00019FFD1000022FFD4BFFF710026000600000000000000000003780280DD01
11.93,102264.98,577.4,8,1,2025,1,46,48,47.614743,-122.17784499999999,89,260,209,0019,-74.0,3.9000000000000004,-68.4,-13.3,3.4000000000000004,0.6,0.0,0.0,0,0.1083984375,0.001220703125,03B1,59010400D10019FFD1C00027FFD54FFF7B002200060000000000000000000378028003B1
11.93,102265.06,577.39,8,1,2025,1,46,49,47.614748999999996,-122.177841,89,261,210,0019,-72.7,4.1000000000000005,-67.2,-12.600000000000001,3.2,3.1,0.0,0.0,0,0.1083984375,0.001220703125,4F29,59010500D20019FFD2900029FFD60FFF820020001F000000000000000000037802804F29
11.93,102265.02,577.39,8,1,2025,1,46,51,47.614747,-122.177819,89,262,210,0019,-72.7,4.1000000000000005,-67.2,-12.600000000000001,3.2,1.9,0.0,0.0,0,0.1083984375,0.001220703125,F835,59010600D20019FFD2900029FFD60FFF820020001300000000000000000003780280F835
11.94,102265.57,577.35,8,1,2025,1,46,51,47.614747,-122.177819,89,263,210,0019,-72.7,4.1000000000000005,-67.2,-12.600000000000001,3.2,0.4,0.0,0.0,0,0.1083984375,0.001220703125,A56F,59010700D20019FFD2900029FFD60FFF820020000400000000000000000003780280A56F
11.94,102265.08,577.39,8,1,2025,1,46,53,47.614754,-122.177849,89,264,211,0019,-70.4,2.9000000000000004,-64.7,-12.600000000000001,2.2,4.7,0.0,0.0,0,0.1083984375,0.001220703125,B6BE,59010800D30019FFD400001DFFD79FFF820016002F00000000000000000003780280B6BE
11.94,102264.59,577.43,8,1,2025,1,46,53,47.614754,-122.177849,89,265,211,0019,-70.4,2.9000000000000004,-64.7,-12.600000000000001,2.2,2.9,0.0,0.0,0,0.1083984375,0.001220703125,E232,59010900D30019FFD400001DFFD79FFF820016001D00000000000000000003780280E232
11.94,102264.42,577.44,8,1,2025,1,46,54,47.614792,-122.17789099999999,89,266,213,0019,-69.9,1.3,-63.6,-13.9,2.7,2.9,0.0,0.0,0,0.1083984375,0.001220703125,C138,59010A00D50019FFD450000DFFD84FFF75001B001D00000000000000000003780280C138
11.94,102264.67,577.42,8,1,2025,1,46,54,47.614792,-122.17789099999999,89,267,213,0019,-69.9,1.3,-63.6,-13.9,2.7,6552.8,0.0,0.0,0,0.1083984375,0.001220703125,17B9,59010B00D50019FFD450000DFFD84FFF75001BFFF80000000000000000000378028017B9
11.94,102265.0,577.4,8,1,2025,1,46,54,47.614792,-122.17789099999999,89,268,214,0019,-70.60000000000001,2.4000000000000004,-64.60000000000001,-13.200000000000001,2.6,6551.0,0.0,0.0,0,0.1083984375,0.001220703125,A925,59010C00D60019FFD3E00018FFD7AFFF7C001AFFE600000000000000000003780280A925
11.94,102264.59,577.43,8,1,2025,1,46,57,47.614792,-122.17789099999999,89,269,214,0019,-70.60000000000001,2.4000000000000004,-64.60000000000001,-13.200000000000001,2.6,0.1,0.0,0.0,0,0.1083984375,0.001220703125,2E00,59010D00D60019FFD3E00018FFD7AFFF7C001A0001000000000000000000037802802E00
11.94,102264.59,577.43,8,1,2025,1,46,58,47.614792,-122.17789099999999,89,270,215,0019,-72.5,3.7,-67.0,-12.8,2.3000000000000003,6553.5,0.0,0.0,0,0.1083984375,0.001220703125,BD88,59010E00D70019FFD2B00025FFD62FFF800017FFFF00000000000000000003780280BD88
11.94,102264.91,577.4,8,1,2025,1,46,59,47.614792,-122.17789099999999,89,271,216,0019,-73.7,3.7,-68.10000000000001,-13.4,2.4000000000000004,6552.5,0.0,0.0,0,0.1083984375,0.001220703125,4F3E,59010F00D80019FFD1F00025FFD57FFF7A0018FFF5000000000000000000037802804F3E
11.94,102264.8,577.41,8,1,2025,1,47,0,47.614792,-122.17789099999999,89,272,218,0019,-75.0,3.4000000000000004,-69.0,-14.200000000000001,2.7,1.4,0.0,0.0,0,0.1083984375,0.001220703125,6C19,59011000DA0019FFD1200022FFD4EFFF72001B000E000000000000000000037802806C19
11.94,102265.41,577.36,8,1,2025,1,47,1,47.615136,-122.177296,89,273,219,0019,-74.60000000000001,1.3,-69.9,-15.0,3.0,1.4,0.0,0.0,0,0.1392822265625,0.0007801055908203125,0B89,59011100DB0019FFD160000DFFD45FFF6A001E000E000000000000000000047501990B89
11.94,102264.91,577.4,8,1,2025,1,47,2,47.614548,-122.177532,89,274,221,0019,-75.7,0.8,-70.8,-15.9,3.1,0.5,0.0,0.0,0,0.1392822265625,0.0007801055908203125,666A,59011200DD0019FFD0B00008FFD3CFFF61001F000500000000000000000004750199666A
11.95,102265.39,577.36,8,1,2025,1,47,3,47.614532999999994,-122.177584,89,275,221,0019,-75.7,0.8,-70.8,-15.9,3.1,1.2,0.0,0.0,0,0.1392822265625,0.0007801055908203125,C924,59011300DD0019FFD0B00008FFD3CFFF61001F000C00000000000000000004750199C924
11.95,102265.38,577.36,8,1,2025,1,47,4,47.614619,-122.17764799999999,89,276,222,0019,-76.5,0.1,-71.3,-16.8,3.4000000000000004,1.2,0.0,0.0,0,0.1392822265625,0.0007801055908203125,F063,59011400DE0019FFD0300001FFD37FFF580022000C00000000000000000004750199F063
11.96,102265.8,577.33,8,1,2025,1,47,5,47.614633999999995,-122.17767599999999,89,277,224,0019,-77.2,-0.2,-71.8,-17.3,4.6000000000000005,5.5,0.0,0.0,0,0.1392822265625,0.0007801055908203125,1A47,59011500E00019FFCFCFFFFEFFD32FFF53002E0037000000000000000000047501991A47
11.97,102266.55,577.27,8,1,2025,1,47,6,47.614691,-122.17791799999999,89,278,224,0019,-77.2,-0.2,-71.8,-17.3,4.6000000000000005,6.2,0.0,0.0,0,0.1392822265625,0.0007801055908203125,C769,59011600E00019FFCFCFFFFEFFD32FFF53002E003E00000000000000000004750199C769
11.98,102267.53,577.19,8,1,2025,1,47,8,47.614691,-122.17792299999999,89,279,225,0019,-77.2,-0.2,-71.8,-17.3,4.6000000000000005,6.2,0.0,0.0,0,0.1392822265625,0.0007801055908203125,71CB,59011700E10019FFCFCFFFFEFFD32FFF53002E003E0000000000000000000475019971CB
11.99,102268.94,577.07,8,1,2025,1,47,9,47.614694,-122.177938,89,280,226,0019,-77.5,-0.5,-72.0,-17.7,4.7,4.4,0.0,0.0,0,0.1392822265625,0.0007801055908203125,F9BC,59011800E20019FFCF9FFFFBFFD30FFF4F002F002C00000000000000000004750199F9BC
12.0,102270.16,576.97,8,1,2025,1,47,10,47.614686,-122.177973,89,281,226,0019,-77.5,-0.5,-72.0,-17.7,4.7,9.6,0.0,0.0,0,0.1392822265625,0.0007801055908203125,845C,59011900E20019FFCF9FFFFBFFD30FFF4F002F006000000000000000000004750199845C
12.0,102271.17,576.89,8,1,2025,1,47,11,47.614689,-122.17801,89,282,228,0019,-78.5,-2.5,-72.3,-20.0,8.9,7.8,0.0,0.0,0,0.1392822265625,0.0007801055908203125,22D8,59011A00E40019FFCEFFFFE7FFD2DFFF380059004E0000000000000000000475019922D8
12.0,102271.95,576.82,8,1,2025,1,47,12,47.6147,-122.178028,89,283,229,0019,-79.0,-3.6,-72.4,-21.200000000000003,11.100000000000001,10.0,0.0,0.0,0,0.1392822265625,0.0007801055908203125,7194,59011B00E50019FFCEAFFFDCFFD2CFFF2C006F0064000000000000000000047501997194
12.01,102272.72,576.76,8,1,2025,1,47,13,47.614689,-122.17804799999999,89,284,229,0019,-79.0,-3.6,-72.4,-21.200000000000003,11.100000000000001,17.1,0.0,0.0,0,0.1392822265625,0.0007801055908203125,2E19,59011C00E50019FFCEAFFFDCFFD2CFFF2C006F00AB000000000000000000047501992E19
12.01,102273.21,576.72,8,1,2025,1,47,14,47.614689,-122.178061,89,285,230,0019,-80.0,-6.1000000000000005,-72.4,-23.8,13.700000000000001,19.6,0.0,0.0,0,0.1392822265625,0.0007801055908203125,B373,59011D00E60019FFCE0FFFC3FFD2CFFF12008900C400000000000000000004750199B373
12.01,102274.03,576.65,8,1,2025,1,47,15,47.614681,-122.17806399999999,89,286,230,0019,-80.0,-6.1000000000000005,-72.4,-23.8,13.700000000000001,17.8,0.0,0.0,0,0.1392822265625,0.0007801055908203125,FB4F,59011E00E60019FFCE0FFFC3FFD2CFFF12008900B200000000000000000004750199FB4F
12.0,102274.45,576.62,8,1,2025,1,47,16,47.614688,-122.178068,89,287,231,0019,-80.5,-7.2,-72.4,-25.1,14.5,15.9,0.0,0.0,0,0.1392822265625,0.0007801055908203125,2F23,59011F00E70019FFCDBFFFB8FFD2CFFF050091009F000000000000000000047501992F23
11.99,102275.46,576.53,8,1,2025,1,47,17,47.614695999999995,-122.17807099999999,89,288,232,0019,-80.9,-8.4,-72.4,-26.400000000000002,15.0,19.4,0.0,0.0,0,0.1392822265625,0.0007801055908203125,C176,59012000E80019FFCD7FFFACFFD2CFFEF8009600C200000000000000000004750199C176
11.98,102275.24,576.55,8,1,2025,1,47,18,47.614701,-122.17806999999999,89,289,233,0019,-81.0,-9.700000000000001,-72.0,-27.6,15.5,19.1,0.0,0.0,0,0.1392822265625,0.0007801055908203125,96D2,59012100E90019FFCD6FFF9FFFD30FFEEC009B00BF0000000000000000000475019996D2
11.97,102275.64,576.52,8,1,2025,1,47,19,47.614705,-122.17806399999999,89,290,234,0019,-80.0,-10.5,-70.9,-27.900000000000002,15.700000000000001,20.9,0.0,0.0,0,0.1392822265625,0.0007801055908203125,24FA,59012200EA0019FFCE0FFF97FFD3BFFEE9009D00D10000000000000000000475019924FA
11.96,102276.2,576.47,8,1,2025,1,47,20,47.614711,-122.178062,89,291,235,0019,-78.7,-10.4,-69.7,-27.400000000000002,15.200000000000001,20.9,0.0,0.0,0,0.1392822265625,0.0007801055908203125,688E,59012300EB0019FFCEDFFF98FFD47FFEEE009800D100000000000000000004750199688E
11.95,102276.39,576.45,8,1,2025,1,47,21,47.614719,-122.17805,89,292,236,0019,-77.5,-9.9,-68.7,-26.5,14.5,19.1,0.0,0.0,0,0.1392822265625,0.0007801055908203125,A091,59012400EC0019FFCF9FFF9DFFD51FFEF7009100BF00000000000000000004750199A091
11.93,102276.31,576.46,8,1,2025,1,47,22,47.614719,-122.178038,89,293,238,0019,-76.2,-9.700000000000001,-67.5,-25.900000000000002,14.5,14.1,0.0,0.0,0,0.1392822265625,0.0007801055908203125,3AB3,59012500EE0019FFD06FFF9FFFD5DFFEFD0091008D000000000000000000047501993AB3
11.91,102276.03,576.48,8,1,2025,1,47,23,47.614725,-122.178029,89,294,239,0019,-71.9,-11.5,-66.2,-25.900000000000002,14.4,14.1,0.0,0.0,0,0.18017578125,0.0002803802490234375,A635,59012600EF0019FFD31FFF8DFFD6AFFEFD0090008D00000000000000000005C40093A635
11.9,102276.21,576.47,8,1,2025,1,47,24,47.614692999999995,-122.178041,89,295,239,0019,-71.9,-11.5,-66.2,-25.900000000000002,14.4,16.3,0.0,0.0,0,0.18017578125,0.0002803802490234375,0327,59012700EF0019FFD31FFF8DFFD6AFFEFD009000A300000000000000000005C400930327
11.89,102276.12,576.48,8,1,2025,1,47,25,47.614711,-122.178057,89,296,240,0019,-70.60000000000001,-11.9,-64.9,-26.0,14.3,22.3,0.0,0.0,0,0.18017578125,0.0002803802490234375,E251,59012800F00019FFD3EFFF89FFD77FFEFC008F00DF00000000000000000005C40093E251
11.87,102276.04,576.48,8,1,2025,1,47,26,47.614574999999995,-122.17790799999999,89,297,240,0019,-70.60000000000001,-11.9,-64.9,-26.0,14.3,17.3,0.0,0.0,0,0.18017578125,0.0002803802490234375,6DA5,59012900F00019FFD3EFFF89FFD77FFEFC008F00AD00000000000000000005C400936DA5
11.85,102275.52,576.53,8,1,2025,1,47,27,47.614562,-122.177973,89,298,242,0019,-69.8,-12.8,-63.900000000000006,-26.6,14.0,15.4,0.0,0.0,0,0.18017578125,0.0002803802490234375,BBE6,59012A00F20019FFD46FFF80FFD81FFEF6008C009A00000000000000000005C40093BBE6
11.83,102275.45,576.53,8,1,2025,1,47,28,47.614599999999996,-122.178051,89,299,243,0019,-70.5,-11.9,-64.8,-26.0,14.100000000000001,17.0,0.0,0.0,0,0.18017578125,0.0002803802490234375,20CB,59012B00F30019FFD3FFFF89FFD78FFEFC008D00AA00000000000000000005C4009320CB
11.81,102276.06,576.48,8,1,2025,1,47,29,47.614599,-122.17804799999999,89,300,243,0019,-70.5,-11.9,-64.8,-26.0,14.100000000000001,18.6,0.0,0.0,0,0.18017578125,0.0002803802490234375,5E8B,59012C00F30019FFD3FFFF89FFD78FFEFC008D00BA00000000000000000005C400935E8B
11.79,102276.45,576.45,8,1,2025,1,47,30,47.614595,-122.178049,89,301,244,0019,-71.8,-11.600000000000001,-66.10000000000001,-26.0,14.3,22.0,0.0,0.0,0,0.18017578125,0.0002803802490234375,AEB3,59012D00F40019FFD32FFF8CFFD6BFFEFC008F00DC00000000000000000005C40093AEB3
11.77,102276.9,576.41,8,1,2025,1,47,31,47.61459,-122.17805999999999,89,302,245,0019,-73.0,-11.3,-67.4,-26.0,14.200000000000001,20.2,0.0,0.0,0,0.18017578125,0.0002803802490234375,8633,59012E00F50019FFD26FFF8FFFD5EFFEFC008E00CA00000000000000000005C400938633
11.75,102277.92,576.33,8,1,2025,1,47,32,47.614593,-122.17808699999999,89,303,246,0019,-74.3,-11.3,-68.60000000000001,-26.400000000000002,14.200000000000001,18.6,0.0,0.0,0,0.18017578125,0.0002803802490234375,08E5,59012F00F60019FFD19FFF8FFFD52FFEF8008E00BA00000000000000000005C4009308E5
11.73,102278.55,576.28,8,1,2025,1,47,33,47.614599999999996,-122.178112,89,304,247,0019,-75.5,-11.600000000000001,-69.7,-27.0,14.4,18.3,0.0,0.0,0,0.18017578125,0.0002803802490234375,3AE4,59013000F70019FFD0DFFF8CFFD47FFEF2009000B700000000000000000005C400933AE4
11.71,102278.43,576.29,8,1,2025,1,47,34,47.614653,-122.178186,89,305,248,0019,-76.80000000000001,-12.100000000000001,-70.8,-27.8,14.600000000000001,19.9,0.0,0.0,0,0.18017578125,0.0002803802490234375,5CF7,59013100F80019FFD00FFF87FFD3CFFEEA009200C700000000000000000005C400935CF7
11.69,102279.13,576.23,8,1,2025,1,47,35,47.614664,-122.178215,89,306,249,0019,-78.0,-12.700000000000001,-71.8,-28.700000000000003,14.8,19.0,0.0,0.0,0,0.18017578125,0.0002803802490234375,CCDC,59013200F90019FFCF4FFF81FFD32FFEE1009400BE00000000000000000005C40093CCDC
11.68,102279.03,576.24,8,1,2025,1,47,36,47.614663,-122.178224,89,307,250,0019,-78.9,-13.700000000000001,-72.4,-29.900000000000002,15.100000000000001,19.9,0.0,0.0,0,0.18017578125,0.0002803802490234375,44D0,59013300FA0019FFCEBFFF77FFD2CFFED5009700C700000000000000000005C4009344D0
11.66,102279.49,576.2,8,1,2025,1,47,37,47.614663,-122.178231,89,308,251,0019,-79.2,-15.100000000000001,-72.4,-31.3,17.900000000000002,19.9,0.0,0.0,0,0.18017578125,0.0002803802490234375,3539,59013400FB0019FFCE8FFF69FFD2CFFEC700B300C700000000000000000005C400933539
11.65,102280.17,576.14,8,1,2025,1,47,38,47.614684,-122.17824399999999,89,309,251,0019,-79.2,-15.100000000000001,-72.4,-31.3,17.900000000000002,24.9,0.0,0.0,0,0.18017578125,0.0002803802490234375,4465,59013500FB0019FFCE8FFF69FFD2CFFEC700B300F900000000000000000005C400934465
11.63,102280.83,576.09,8,1,2025,1,47,39,47.614695999999995,-122.178237,89,310,252,0019,-79.60000000000001,-16.5,-72.4,-32.800000000000004,18.2,25.8,0.0,0.0,0,0.18017578125,0.0002803802490234375,A293,59013600FC0019FFCE4FFF5BFFD2CFFEB800B6010200000000000000000005C40093A293
11.62,102281.84,576.0,8,1,2025,1,47,40,47.614702,-122.17823899999999,89,311,254,0019,-79.9,-17.400000000000002,-72.4,-33.800000000000004,17.900000000000002,27.4,0.0,0.0,0,0.18017578125,0.0002803802490234375,9EA7,59013700FE0019FFCE1FFF52FFD2CFFEAE00B3011200000000000000000005C400939EA7
11.6,102282.61,575.94,8,1,2025,1,47,41,47.614703999999996,-122.178242,89,312,256,0019,-80.2,-18.5,-72.4,-34.9,20.0,29.0,0.0,0.0,0,0.18017578125,0.0002803802490234375,453B,59013801000019FFCDEFFF47FFD2CFFEA300C8012200000000000000000005C40093453B
11.59,102283.5,575.87,8,1,2025,1,47,42,47.614708,-122.178254,89,313,256,0019,-80.2,-18.5,-72.4,-34.9,20.0,29.0,0.0,0.0,0,0.18017578125,0.0002803802490234375,56C7,59013901000019FFCDEFFF47FFD2CFFEA300C8012200000000000000000005C4009356C7
11.58,102284.7,575.77,8,1,2025,1,47,43,47.614717,-122.178269,89,314,256,0019,-80.2,-18.5,-72.4,-34.9,20.0,26.5,0.0,0.0,0,0.18017578125,0.0002803802490234375,DB32,59013A01000019FFCDEFFF47FFD2CFFEA300C8010900000000000000000005C40093DB32
11.57,102284.98,575.74,8,1,2025,1,47,44,47.614729,-122.17827799999999,89,315,256,0019,-80.2,-18.5,-72.4,-34.9,20.0,26.2,0.0,0.0,0,0.18017578125,0.0002803802490234375,2E34,59013B01000019FFCDEFFF47FFD2CFFEA300C8010600000000000000000005C400932E34
11.56,102285.59,575.69,8,1,2025,1,47,45,47.614740999999995,-122.178265,89,316,257,0019,-81.10000000000001,-22.6,-72.2,-39.0,27.6,20.3,0.0,0.0,0,0.18017578125,0.0002803802490234375,10F8,59013C01010019FFCD5FFF1EFFD2EFFE7A011400CB00000000000000000005C4009310F8
11.55,102286.03,575.66,8,1,2025,1,47,46,47.614751,-122.178258,89,317,258,0019,-81.2,-23.8,-72.0,-40.300000000000004,27.700000000000003,28.1,0.0,0.0,0,0.18017578125,0.0002803802490234375,038A,59013D01020019FFCD4FFF12FFD30FFE6D0115011900000000000000000005C40093038A
11.53,102286.02,575.66,8,1,2025,1,47,47,47.614759,-122.178253,89,318,259,0019,-80.7,-24.6,-71.10000000000001,-40.7,27.3,29.4,0.0,0.0,0,0.174560546875,0.0003108978271484375,B204,59013E01030019FFCD9FFF0AFFD39FFE6901110126000000000000000000059600A3B204
11.53,102286.31,575.64,8,1,2025,1,47,48,47.614765,-122.17825699999999,89,319,260,0019,-79.4,-24.5,-69.9,-40.300000000000004,26.900000000000002,32.2,0.0,0.0,0,0.174560546875,0.0003108978271484375,7EA2,59013F01040019FFCE6FFF0BFFD45FFE6D010D0142000000000000000000059600A37EA2
11.51,102286.64,575.61,8,1,2025,1,47,49,47.61477,-122.17826699999999,89,320,261,0019,-78.10000000000001,-24.1,-68.7,-39.6,26.8,31.2,0.0,0.0,0,0.174560546875,0.0003108978271484375,3567,59014001050019FFCF3FFF0FFFD51FFE74010C0138000000000000000000059600A33567
11.5,102286.84,575.59,8,1,2025,1,47,50,47.614779,-122.17827,89,321,262,0019,-76.7,-23.900000000000002,-67.4,-39.0,26.700000000000003,33.7,0.0,0.0,0,0.174560546875,0.0003108978271484375,BECC,59014101060019FFD01FFF11FFD5EFFE7A010B0151000000000000000000059600A3BECC
11.48,102286.95,575.58,8,1,2025,1,47,50,47.614779,-122.17827,89,322,263,0019,-75.4,-24.3,-66.10000000000001,-39.0,26.400000000000002,29.4,0.0,0.0,0,0.174560546875,0.0003108978271484375,D6BB,59014201070019FFD0EFFF0DFFD6BFFE7A01080126000000000000000000059600A3D6BB
11.47,102286.61,575.61,8,1,2025,1,47,52,47.614779,-122.17827,89,323,263,0019,-75.4,-24.3,-66.10000000000001,-39.0,26.400000000000002,32.6,0.0,0.0,0,0.174560546875,0.0003108978271484375,1E3F,59014301070019FFD0EFFF0DFFD6BFFE7A01080146000000000000000000059600A31E3F
11.46,102286.84,575.59,8,1,2025,1,47,53,47.614779,-122.17827,89,324,263,0019,-75.4,-24.3,-66.10000000000001,-39.0,26.400000000000002,32.6,0.0,0.0,0,0.174560546875,0.0003108978271484375,65CB,59014401070019FFD0EFFF0DFFD6BFFE7A01080146000000000000000000059600A365CB
11.45,102286.62,575.61,8,1,2025,1,47,54,47.614779,-122.17827,89,325,263,0019,-75.4,-24.3,-66.10000000000001,-39.0,26.400000000000002,32.6,0.0,0.0,0,0.174560546875,0.0003108978271484375,7637,59014501070019FFD0EFFF0DFFD6BFFE7A01080146000000000000000000059600A37637
11.44,102287.02,575.58,8,1,2025,1,47,55,47.614779,-122.17827,89,326,263,0019,-75.4,-24.3,-66.10000000000001,-39.0,26.400000000000002,30.7,0.0,0.0,0,0.174560546875,0.0003108978271484375,FD21,59014601070019FFD0EFFF0DFFD6BFFE7A01080133000000000000000000059600A3FD21
11.42,102286.83,575.59,8,1,2025,1,47,56,47.614717,-122.177657,89,327,264,0019,-73.9,-25.700000000000003,-64.2,-40.0,27.1,29.1,0.0,0.0,0,0.174560546875,0.0003108978271484375,4B4A,59014701080019FFD1DFFEFFFFD7EFFE70010F0123000000000000000000059600A34B4A
11.41,102286.78,575.6,8,1,2025,1,47,57,47.614886999999996,-122.177973,89,328,264,0019,-73.9,-25.700000000000003,-64.2,-40.0,27.1,29.8,0.0,0.0,0,0.174560546875,0.0003108978271484375,4674,59014801080019FFD1DFFEFFFFD7EFFE70010F012A000000000000000000059600A34674
11.4,102286.46,575.62,8,1,2025,1,47,57,47.614886999999996,-122.177973,89,329,264,0019,-73.9,-25.700000000000003,-64.2,-40.0,27.1,28.0,0.0,0.0,0,0.174560546875,0.0003108978271484375,4584,59014901080019FFD1DFFEFFFFD7EFFE70010F0118000000000000000000059600A34584
11.39,102286.73,575.6,8,1,2025,1,47,59,47.614776,-122.178018,89,330,266,0019,-77.10000000000001,-24.200000000000003,-67.8,-39.300000000000004,26.700000000000003,27.1,0.0,0.0,0,0.174560546875,0.0003108978271484375,4B31,59014A010A0019FFCFDFFF0EFFD5AFFE77010B010F000000000000000000059600A34B31
11.38,102286.73,575.6,8,1,2025,1,48,0,47.614746,-122.178046,89,331,266,0019,-77.10000000000001,-24.200000000000003,-67.8,-39.300000000000004,26.700000000000003,27.1,0.0,0.0,0,0.174560546875,0.0003108978271484375,7F35,59014B010A0019FFCFDFFF0EFFD5AFFE77010B010F000000000000000000059600A37F35
11.36,102287.05,575.57,8,1,2025,1,48,1,47.614722,-122.178069,89,332,267,0019,-78.2,-24.200000000000003,-68.8,-39.7,26.3,27.1,0.0,0.0,0,0.174560546875,0.0003108978271484375,8624,59014C010B0019FFCF2FFF0EFFD50FFE730107010F000000000000000000059600A38624
11.35,102287.64,575.53,8,1,2025,1,48,2,47.614689,-122.17810499999999,89,333,268,0019,-79.5,-24.6,-69.9,-40.400000000000006,26.0,27.1,0.0,0.0,0,0.174560546875,0.0003108978271484375,86F8,59014D010C0019FFCE5FFF0AFFD45FFE6C0104010F000000000000000000059600A386F8
11.34,102288.25,575.47,8,1,2025,1,48,3,47.61467,-122.178145,89,334,269,0019,-80.7,-25.200000000000003,-71.0,-41.300000000000004,26.200000000000003,27.1,0.0,0.0,0,0.174560546875,0.0003108978271484375,EB91,59014E010D0019FFCD9FFF04FFD3AFFE630106010F000000000000000000059600A3EB91
11.33,102288.8,575.43,8,1,2025,1,48,4,47.614661999999996,-122.17815999999999,89,335,269,0019,-80.7,-25.200000000000003,-71.0,-41.300000000000004,26.200000000000003,28.4,0.0,0.0,0,0.174560546875,0.0003108978271484375,BBFF,59014F010D0019FFCD9FFF04FFD3AFFE630106011C000000000000000000059600A3BBFF
11.32,102289.31,575.39,8,1,2025,1,48,5,47.614664,-122.178179,89,336,270,0019,-82.7,-26.700000000000003,-72.5,-43.300000000000004,26.1,33.6,0.0,0.0,0,0.174560546875,0.0003108978271484375,5CD0,590150010E0019FFCC5FFEF5FFD2BFFE4F01050150000000000000000000059600A35CD0
11.32,102289.41,575.38,8,1,2025,1,48,6,47.614689999999996,-122.17822699999999,89,337,270,0019,-82.7,-26.700000000000003,-72.5,-43.300000000000004,26.1,32.7,0.0,0.0,0,0.174560546875,0.0003108978271484375,018A,590151010E0019FFCC5FFEF5FFD2BFFE4F01050147000000000000000000059600A3018A
11.31,102290.35,575.3,8,1,2025,1,48,7,47.614703999999996,-122.17825599999999,89,338,271,0019,-83.0,-29.0,-72.10000000000001,-45.6,27.8,30.2,0.0,0.0,0,0.174560546875,0.0003108978271484375,B2A0,590152010F0019FFCC2FFEDEFFD2FFFE380116012E000000000000000000059600A3B2A0
11.31,102290.78,575.27,8,1,2025,1,48,8,47.614719,-122.17828499999999,89,339,271,0019,-83.0,-29.0,-72.10000000000001,-45.6,27.8,32.5,0.0,0.0,0,0.174560546875,0.0003108978271484375,B9C2,590153010F0019FFCC2FFEDEFFD2FFFE3801160145000000000000000000059600A3B9C2
11.3,102291.69,575.19,8,1,2025,1,48,9,47.614726999999995,-122.1783,89,340,271,0019,-83.0,-29.0,-72.10000000000001,-45.6,27.8,31.5,0.0,0.0,0,0.174560546875,0.0003108978271484375,940E,590154010F0019FFCC2FFEDEFFD2FFFE380116013B000000000000000000059600A3940E
11.3,102291.61,575.2,8,1,2025,1,48,10,47.614737999999996,-122.178308,89,341,271,0019,-83.0,-29.0,-72.10000000000001,-45.6,27.8,31.5,0.0,0.0,0,0.174560546875,0.0003108978271484375,87F2,590155010F0019FFCC2FFEDEFFD2FFFE380116013B000000000000000000059600A387F2
11.3,102292.11,575.16,8,1,2025,1,48,11,47.614737999999996,-122.17831899999999,89,342,272,0019,-81.9,-32.2,-70.2,-48.400000000000006,26.1,31.5,0.0,0.0,0,0.174560546875,0.0003108978271484375,6A1E,59015601100019FFCCDFFEBEFFD42FFE1C0105013B000000000000000000059600A36A1E
11.3,102292.64,575.11,8,1,2025,1,48,12,47.614743999999995,-122.178326,89,343,273,0019,-81.10000000000001,-33.300000000000004,-69.10000000000001,-49.300000000000004,26.0,33.1,0.0,0.0,0,0.174560546875,0.0003108978271484375,EB5A,59015701110019FFCD5FFEB3FFD4DFFE130104014B000000000000000000059600A3EB5A
11.3,102293.3,575.06,8,1,2025,1,48,13,47.614753,-122.178325,89,344,273,0019,-81.10000000000001,-33.300000000000004,-69.10000000000001,-49.300000000000004,26.0,31.3,0.0,0.0,0,0.174560546875,0.0003108978271484375,A7DE,59015801110019FFCD5FFEB3FFD4DFFE1301040139000000000000000000059600A3A7DE
11.3,102294.28,574.98,8,1,2025,1,48,14,47.614765,-122.17833399999999,89,345,273,0019,-81.10000000000001,-33.300000000000004,-69.10000000000001,-49.300000000000004,26.0,33.1,0.0,0.0,0,0.174560546875,0.0003108978271484375,1CB2,59015901110019FFCD5FFEB3FFD4DFFE130104014B000000000000000000059600A31CB2
11.3,102295.27,574.9,8,1,2025,1,48,15,47.614771,-122.178338,89,346,274,0019,-79.7,-34.9,-67.3,-50.400000000000006,28.5,34.7,0.0,0.0,0,0.174560546875,0.0003108978271484375,C83C,59015A01120019FFCE3FFEA3FFD5FFFE08011D015B000000000000000000059600A3C83C
11.3,102296.42,574.8,8,1,2025,1,48,16,47.614779999999996,-122.178354,89,347,275,0019,-79.0,-35.9,-66.3,-51.1,30.1,33.8,0.0,0.0,0,0.174560546875,0.0003108978271484375,5E1F,59015B01130019FFCEAFFE99FFD69FFE01012D0152000000000000000000059600A35E1F
11.3,102297.89,574.68,8,1,2025,1,48,17,47.614792,-122.17836799999999,89,348,276,0019,-78.2,-36.7,-65.3,-51.6,30.1,45.6,0.0,0.0,0,0.174560546875,0.0003108978271484375,1771,59015C01140019FFCF2FFE91FFD73FFDFC012D01C8000000000000000000059600A31771
11.3,102299.7,574.53,8,1,2025,1,48,18,47.614802999999995,-122.17838499999999,89,349,277,0019,-77.30000000000001,-37.4,-64.3,-52.1,32.4,46.5,0.0,0.0,0,0.174560546875,0.0003108978271484375,FE30,59015D01150019FFCFBFFE8AFFD7DFFDF7014401D1000000000000000000059600A3FE30
11.3,102301.83,574.35,8,1,2025,1,48,19,47.614813,-122.178398,89,350,277,0019,-77.30000000000001,-37.4,-64.3,-52.1,32.4,47.4,0.0,0.0,0,0.174560546875,0.0003108978271484375,2E2A,59015E01150019FFCFBFFE8AFFD7DFFDF7014401DA000000000000000000059600A32E2A
11.3,102304.73,574.11,8,1,2025,1,48,20,47.614822,-122.17840699999999,89,351,279,0019,-73.3,-38.1,-63.400000000000006,-52.400000000000006,34.800000000000004,49.7,0.0,0.0,0,0.2052001953125,3.0517578125e-05,EC9E,59015F01170019FFD23FFE83FFD86FFDF4015C01F100000000000000000006910010EC9E
11.3,102307.48,573.89,8,1,2025,1,48,21,47.614833999999995,-122.178415,89,352,281,0019,-72.8,-38.6,-62.900000000000006,-52.800000000000004,38.7,54.9,0.0,0.0,0,0.2052001953125,3.0517578125e-05,6743,59016001190019FFD28FFE7EFFD8BFFDF001830225000000000000000000069100106743
11.3,102308.62,573.79,8,1,2025,1,48,22,47.614841999999996,-122.178422,89,353,283,0019,-72.3,-39.0,-62.300000000000004,-53.1,42.5,63.4,0.0,0.0,0,0.2052001953125,3.0517578125e-05,D406,590161011B0019FFD2DFFE7AFFD91FFDED01A9027A00000000000000000006910010D406
11.3,102311.2,573.58,8,1,2025,1,48,22,47.614841999999996,-122.178422,89,354,283,0019,-72.3,-39.0,-62.300000000000004,-53.1,42.5,63.4,0.0,0.0,0,0.2052001953125,3.0517578125e-05,E002,590162011B0019FFD2DFFE7AFFD91FFDED01A9027A00000000000000000006910010E002
11.31,102314.07,573.34,8,1,2025,1,48,24,47.614841999999996,-122.178422,89,355,284,0019,-71.8,-39.400000000000006,-61.800000000000004,-53.400000000000006,46.300000000000004,63.4,0.0,0.0,0,0.2052001953125,3.0517578125e-05,5CD0,590163011C0019FFD32FFE76FFD96FFDEA01CF027A000000000000000000069100105CD0
11.31,102316.48,573.14,8,1,2025,1,48,24,47.614841999999996,-122.178422,89,356,284,0019,-71.8,-39.400000000000006,-61.800000000000004,-53.400000000000006,46.300000000000004,64.3,0.0,0.0,0,0.2052001953125,3.0517578125e-05,0563,590164011C0019FFD32FFE76FFD96FFDEA01CF0283000000000000000000069100100563
11.31,102319.06,572.93,8,1,2025,1,48,26,47.614791,-122.178304,89,357,285,0019,-70.9,-40.300000000000004,-60.6,-54.1,54.2,66.5,0.0,0.0,0,0.2052001953125,3.0517578125e-05,7AA2,590165011D0019FFD3BFFE6DFFDA2FFDE3021E0299000000000000000000069100107AA2
11.31,102322.3,572.66,8,1,2025,1,48,26,47.614791,-122.178304,89,358,286,0019,-70.2,-40.900000000000006,-59.900000000000006,-54.400000000000006,58.300000000000004,74.9,0.0,0.0,0,0.2052001953125,3.0517578125e-05,10D5,590166011E0019FFD42FFE67FFDA9FFDE0024702ED0000000000000000000691001010D5
11.32,102325.0,572.44,8,1,2025,1,48,28,47.614821,-122.17828,89,359,288,0019,-69.10000000000001,-41.2,-58.7,-54.5,58.5,77.7,0.0,0.0,0,0.2052001953125,3.0517578125e-05,A76B,59016701200019FFD4DFFE64FFDB5FFDDF0249030900000000000000000006910010A76B
11.32,102326.97,572.28,8,1,2025,1,48,29,47.614886,-122.178243,89,360,288,0019,-69.10000000000001,-41.2,-58.7,-54.5,58.5,82.0,0.0,0.0,0,0.2052001953125,3.0517578125e-05,C50D,59016801200019FFD4DFFE64FFDB5FFDDF0249033400000000000000000006910010C50D
11.32,102328.89,572.12,8,1,2025,1,48,30,47.614903,-122.178224,89,361,289,0019,-67.8,-41.800000000000004,-57.300000000000004,-54.800000000000004,63.7,73.3,0.0,0.0,0,0.2052001953125,3.0517578125e-05,3A92,59016901210019FFD5AFFE5EFFDC3FFDDC027D02DD000000000000000000069100103A92
11.32,102330.65,571.97,8,1,2025,1,48,31,47.614900999999996,-122.17823899999999,89,362,290,0019,-67.8,-41.800000000000004,-57.300000000000004,-54.800000000000004,63.7,71.5,0.0,0.0,0,0.2052001953125,3.0517578125e-05,15AE,59016A01220019FFD5AFFE5EFFDC3FFDDC027D02CB0000000000000000000691001015AE
11.32,102332.34,571.83,8,1,2025,1,48,32,47.614911,-122.17822199999999,89,363,291,0019,-66.8,-42.300000000000004,-56.2,-55.1,65.8,74.0,0.0,0.0,0,0.2052001953125,3.0517578125e-05,508B,59016B01230019FFD64FFE59FFDCEFFDD9029202E400000000000000000006910010508B
11.31,102333.45,571.74,8,1,2025,1,48,33,47.614889999999995,-122.17826199999999,89,364,292,0019,-65.5,-42.7,-54.900000000000006,-55.2,66.0,74.7,0.0,0.0,0,0.2052001953125,3.0517578125e-05,CB8D,59016C01240019FFD71FFE55FFDDBFFDD8029402EB00000000000000000006910010CB8D
11.31,102334.16,571.68,8,1,2025,1,48,34,47.614878,-122.178288,89,365,292,0019,-65.5,-42.7,-54.900000000000006,-55.2,66.0,75.8,0.0,0.0,0,0.2052001953125,3.0517578125e-05,4BBB,59016D01240019FFD71FFE55FFDDBFFDD8029402F6000000000000000000069100104BBB
11.3,102335.16,571.6,8,1,2025,1,48,35,47.614877,-122.178293,89,366,293,0019,-63.2,-42.400000000000006,-52.7,-54.400000000000006,65.4,74.7,0.0,0.0,0,0.2052001953125,3.0517578125e-05,8127,59016E01250019FFD88FFE58FFDF1FFDE0028E02EB000000000000000000069100108127
11.3,102336.45,571.49,8,1,2025,1,48,36,47.614875999999995,-122.17828499999999,89,367,294,0019,-62.5,-41.5,-52.2,-53.400000000000006,65.2,72.8,0.0,0.0,0,0.2052001953125,3.0517578125e-05,0A86,59016F01260019FFD8FFFE61FFDF6FFDEA028C02D8000000000000000000069100100A86
11.28,102337.2,571.43,8,1,2025,1,48,37,47.614872999999996,-122.178281,89,368,294,0019,-62.5,-41.5,-52.2,-53.400000000000006,65.2,71.9,0.0,0.0,0,0.2052001953125,3.0517578125e-05,9B15,59017001260019FFD8FFFE61FFDF6FFDEA028C02CF000000000000000000069100109B15
11.27,102337.73,571.39,8,1,2025,1,48,38,47.614872,-122.178276,89,369,294,0019,-62.5,-41.5,-52.2,-53.400000000000006,65.2,75.3,0.0,0.0,0,0.2052001953125,3.0517578125e-05,97F9,59017101260019FFD8FFFE61FFDF6FFDEA028C02F10000000000000000000691001097F9
11.25,102337.97,571.37,8,1,2025,1,48,39,47.614869,-122.17827399999999,89,370,295,0019,-61.800000000000004,-39.1,-52.0,-50.900000000000006,65.0,77.2,0.0,0.0,0,0.2052001953125,3.0517578125e-05,740A,59017201270019FFD96FFE79FFDF8FFE03028A030400000000000000000006910010740A
11.23,102338.66,571.31,8,1,2025,1,48,40,47.614861999999995,-122.178276,89,371,297,0019,-61.6,-37.9,-52.1,-49.7,64.7,77.8,0.0,0.0,0,0.2052001953125,3.0517578125e-05,40EF,59017301290019FFD98FFE85FFDF7FFE0F0287030A0000000000000000000691001040EF
11.22,102339.39,571.25,8,1,2025,1,48,41,47.614863,-122.178269,89,372,297,0019,-61.6,-37.9,-52.1,-49.7,64.7,78.7,0.0,0.0,0,0.2052001953125,3.0517578125e-05,F6A5,59017401290019FFD98FFE85FFDF7FFE0F0287031300000000000000000006910010F6A5
11.2,102340.34,571.17,8,1,2025,1,48,42,47.614861,-122.178265,89,373,298,0019,-60.800000000000004,-35.4,-51.900000000000006,-47.1,64.10000000000001,74.1,0.0,0.0,0,0.2052001953125,3.0517578125e-05,D433,590175012A0019FFDA0FFE9EFFDF9FFE29028102E500000000000000000006910010D433
11.17,102341.0,571.12,8,1,2025,1,48,43,47.614866,-122.178243,89,374,298,0019,-60.800000000000004,-35.4,-51.900000000000006,-47.1,64.10000000000001,74.1,0.0,0.0,0,0.2052001953125,3.0517578125e-05,E037,590176012A0019FFDA0FFE9EFFDF9FFE29028102E500000000000000000006910010E037
11.15,102341.52,571.07,8,1,2025,1,48,44,47.614869,-122.17822899999999,89,375,300,0019,-63.900000000000006,-34.2,-51.800000000000004,-45.800000000000004,64.0,75.7,0.0,0.0,0,0.1864013671875,0.0003108978271484375,297B,590177012C0019FFD81FFEAAFFDFAFFE36028002F500000000000000000005F700A3297B
11.14,102341.8,571.05,8,1,2025,1,48,45,47.614875,-122.178213,89,376,300,0019,-63.900000000000006,-34.2,-51.800000000000004,-45.800000000000004,64.0,78.2,0.0,0.0,0,0.1864013671875,0.0003108978271484375,2A38,590178012C0019FFD81FFEAAFFDFAFFE360280030E00000000000000000005F700A32A38
11.11,102342.34,571.01,8,1,2025,1,48,46,47.61488,-122.17819499999999,89,377,301,0019,-63.0,-32.0,-51.6,-43.5,63.1,74.8,0.0,0.0,0,0.1864013671875,0.0003108978271484375,D7F8,590179012D0019FFD8AFFEC0FFDFCFFE4D027702EC00000000000000000005F700A3D7F8
11.09,102342.42,571.0,8,1,2025,1,48,47,47.614881999999994,-122.178181,89,378,301,0019,-63.0,-32.0,-51.6,-43.5,63.1,77.3,0.0,0.0,0,0.1864013671875,0.0003108978271484375,7200,59017A012D0019FFD8AFFEC0FFDFCFFE4D0277030500000000000000000005F700A37200
11.07,102342.8,570.97,8,1,2025,1,48,48,47.614885,-122.17816699999999,89,379,302,0019,-62.5,-30.900000000000002,-51.5,-42.300000000000004,62.800000000000004,77.3,0.0,0.0,0,0.1864013671875,0.0003108978271484375,7403,59017B012E0019FFD8FFFECBFFDFDFFE590274030500000000000000000005F700A37403
11.04,102343.14,570.94,8,1,2025,1,48,49,47.614889,-122.178147,89,380,303,0019,-62.1,-29.8,-51.400000000000006,-41.1,62.300000000000004,72.7,0.0,0.0,0,0.1864013671875,0.0003108978271484375,FB25,59017C012F0019FFD93FFED6FFDFEFFE65026F02D700000000000000000005F700A3FB25
11.02,102343.17,570.94,8,1,2025,1,48,50,47.614891,-122.17813199999999,89,381,303,0019,-62.1,-29.8,-51.400000000000006,-41.1,62.300000000000004,68.6,0.0,0.0,0,0.1864013671875,0.0003108978271484375,DF3F,59017D012F0019FFD93FFED6FFDFEFFE65026F02AE00000000000000000005F700A3DF3F
11.0,102343.47,570.91,8,1,2025,1,48,51,47.614888,-122.178128,89,382,304,0019,-61.2,-27.5,-51.2,-38.7,62.300000000000004,70.2,0.0,0.0,0,0.1864013671875,0.0003108978271484375,FEE0,59017E01300019FFD9CFFEEDFFE00FFE7D026F02BE00000000000000000005F700A3FEE0
10.98,102343.66,570.9,8,1,2025,1,48,52,47.614885,-122.17812199999999,89,383,304,0019,-61.2,-27.5,-51.2,-38.7,62.300000000000004,71.8,0.0,0.0,0,0.1864013671875,0.0003108978271484375,EE70,59017F01300019FFD9CFFEEDFFE00FFE7D026F02CE00000000000000000005F700A3EE70
10.97,102343.57,570.9,8,1,2025,1,48,53,47.614874,-122.178111,89,384,305,0019,-60.900000000000006,-26.200000000000003,-51.300000000000004,-37.300000000000004,62.800000000000004,73.1,0.0,0.0,0,0.1864013671875,0.0003108978271484375,D2C1,59018001310019FFD9FFFEFAFFDFFFFE8B027402DB00000000000000000005F700A3D2C1
10.95,102343.77,570.89,8,1,2025,1,48,54,47.614872,-122.178108,89,385,306,0019,-60.800000000000004,-26.5,-51.1,-37.5,62.7,74.9,0.0,0.0,0,0.1864013671875,0.0003108978271484375,889C,59018101320019FFDA0FFEF7FFE01FFE89027302ED00000000000000000005F700A3889C
10.94,102343.75,570.89,8,1,2025,1,48,55,47.614864,-122.178114,89,386,306,0019,-60.800000000000004,-26.5,-51.1,-37.5,62.7,73.1,0.0,0.0,0,0.1864013671875,0.0003108978271484375,E758,59018201320019FFDA0FFEF7FFE01FFE89027302DB00000000000000000005F700A3E758
10.92,102344.02,570.87,8,1,2025,1,48,56,47.614846,-122.17812199999999,89,387,307,0019,-61.2,-27.400000000000002,-51.300000000000004,-38.5,62.300000000000004,78.1,0.0,0.0,0,0.1864013671875,0.0003108978271484375,1B39,59018301330019FFD9CFFEEEFFDFFFFE7F026F030D00000000000000000005F700A31B39
10.92,102344.2,570.85,8,1,2025,1,48,57,47.614833,-122.17812699999999,89,388,307,0019,-61.2,-27.400000000000002,-51.300000000000004,-38.5,62.300000000000004,78.1,0.0,0.0,0,0.1864013671875,0.0003108978271484375,60CD,59018401330019FFD9CFFEEEFFDFFFFE7F026F030D00000000000000000005F700A360CD
10.9,102343.98,570.87,8,1,2025,1,48,58,47.614816,-122.17813199999999,89,389,307,0019,-61.2,-27.400000000000002,-51.300000000000004,-38.5,62.300000000000004,79.0,0.0,0.0,0,0.1864013671875,0.0003108978271484375,BE8F,59018501330019FFD9CFFEEEFFDFFFFE7F026F031600000000000000000005F700A3BE8F
10.89,102344.36,570.84,8,1,2025,1,48,59,47.614779999999996,-122.17814,89,390,307,0019,-61.2,-27.400000000000002,-51.300000000000004,-38.5,62.300000000000004,79.7,0.0,0.0,0,0.1864013671875,0.0003108978271484375,63A1,59018601330019FFD9CFFEEEFFDFFFFE7F026F031D00000000000000000005F700A363A1
10.88,102344.26,570.85,8,1,2025,1,49,0,47.614757,-122.178146,89,391,308,0019,-62.300000000000004,-30.8,-51.2,-42.1,64.7,77.8,0.0,0.0,0,0.1864013671875,0.0003108978271484375,0EB9,59018701340019FFD91FFECCFFE00FFE5B0287030A00000000000000000005F700A30EB9
10.88,102344.6,570.82,8,1,2025,1,49,1,47.614737999999996,-122.17816499999999,89,392,309,0019,-62.800000000000004,-31.900000000000002,-51.400000000000006,-43.400000000000006,64.3,76.9,0.0,0.0,0,0.1864013671875,0.0003108978271484375,808B,59018801350019FFD8CFFEC1FFDFEFFE4E0283030100000000000000000005F700A3808B
10.87,102345.19,570.77,8,1,2025,1,49,2,47.614712999999995,-122.17818299999999,89,393,310,0019,-63.400000000000006,-33.1,-51.6,-44.7,64.4,79.4,0.0,0.0,0,0.1864013671875,0.0003108978271484375,B788,59018901360019FFD86FFEB5FFDFCFFE410284031A00000000000000000005F700A3B788
10.87,102344.98,570.79,8,1,2025,1,49,3,47.614754,-122.178225,89,394,310,0019,-63.400000000000006,-33.1,-51.6,-44.7,64.4,77.8,0.0,0.0,0,0.1864013671875,0.0003108978271484375,C35B,59018A01360019FFD86FFEB5FFDFCFFE410284030A00000000000000000005F700A3C35B
10.86,102345.03,570.78,8,1,2025,1,49,4,47.614785,-122.178258,89,395,310,0019,-63.400000000000006,-33.1,-51.6,-44.7,64.4,79.4,0.0,0.0,0,0.1864013671875,0.0003108978271484375,D3CB,59018B01360019FFD86FFEB5FFDFCFFE410284031A00000000000000000005F700A3D3CB
10.86,102344.75,570.81,8,1,2025,1,49,5,47.614838,-122.178288,89,396,311,0019,-64.10000000000001,-35.4,-51.5,-47.1,63.1,74.1,0.0,0.0,0,0.1864013671875,0.0003108978271484375,89B2,59018C01370019FFD7FFFE9EFFDFDFFE29027702E500000000000000000005F700A389B2
10.86,102345.0,570.79,8,1,2025,1,49,6,47.614855,-122.178299,89,397,312,0019,-64.5,-36.6,-51.6,-48.300000000000004,63.1,74.1,0.0,0.0,0,0.1864013671875,0.0003108978271484375,073D,59018D01380019FFD7BFFE92FFDFCFFE1D027702E500000000000000000005F700A3073D
10.86,102345.05,570.78,8,1,2025,1,49,7,47.614892999999995,-122.178314,89,398,313,0019,-65.0,-37.7,-51.800000000000004,-49.6,63.0,80.0,0.0,0.0,0,0.1864013671875,0.0003108978271484375,9539,59018E01390019FFD76FFE87FFDFAFFE100276032000000000000000000005F700A39539
10.85,102344.98,570.79,8,1,2025,1,49,8,47.614916,-122.17832999999999,89,399,314,0019,-65.7,-38.900000000000006,-52.0,-50.800000000000004,62.7,77.6,0.0,0.0,0,0.1864013671875,0.0003108978271484375,FFFF,59018F013A0019FFD6FFFE7BFFDF8FFE040273030800000000000000000005F700A3FFFF
10.85,102345.47,570.75,8,1,2025,1,49,9,47.614936,-122.17833399999999,89,400,314,0019,-65.7,-38.900000000000006,-52.0,-50.800000000000004,62.7,76.6,0.0,0.0,0,0.1864013671875,0.0003108978271484375,8A9B,590190013A0019FFD6FFFE7BFFDF8FFE04027302FE00000000000000000005F700A38A9B
10.84,102345.64,570.73,8,1,2025,1,49,10,47.614947,-122.178332,89,401,315,0019,-66.10000000000001,-40.1,-52.0,-52.1,62.5,74.8,0.0,0.0,0,0.1864013671875,0.0003108978271484375,6EBE,590191013B0019FFD6BFFE6FFFDF8FFDF7027102EC00000000000000000005F700A36EBE
10.84,102346.02,570.7,8,1,2025,1,49,11,47.614954999999995,-122.17833999999999,89,402,315,0019,-66.10000000000001,-40.1,-52.0,-52.1,62.5,77.0,0.0,0.0,0,0.1864013671875,0.0003108978271484375,C537,590192013B0019FFD6BFFE6FFFDF8FFDF70271030200000000000000000005F700A3C537
10.84,102346.15,570.69,8,1,2025,1,49,12,47.614967,-122.17833499999999,89,403,316,0019,-66.10000000000001,-42.5,-51.300000000000004,-54.400000000000006,63.1,75.4,0.0,0.0,0,0.1864013671875,0.0003108978271484375,9A96,590193013C0019FFD6BFFE57FFDFFFFDE0027702F200000000000000000005F700A39A96
10.83,102346.41,570.67,8,1,2025,1,49,13,47.614962,-122.178353,89,404,317,0019,-65.10000000000001,-43.1,-50.2,-54.7,63.7,77.0,0.0,0.0,0,0.1864013671875,0.0003108978271484375,FE6E,590194013D0019FFD75FFE51FFE0AFFDDD027D030200000000000000000005F700A3FE6E
10.83,102346.98,570.62,8,1,2025,1,49,14,47.614954999999995,-122.178371,89,405,318,0019,-64.10000000000001,-43.5,-49.1,-54.800000000000004,64.7,78.9,0.0,0.0,0,0.1864013671875,0.0003108978271484375,8B93,590195013E0019FFD7FFFE4DFFE15FFDDC0287031500000000000000000005F700A38B93
10.82,102347.23,570.6,8,1,2025,1,49,15,47.614964,-122.178373,89,406,318,0019,-64.10000000000001,-43.5,-49.1,-54.800000000000004,64.7,78.9,0.0,0.0,0,0.1864013671875,0.0003108978271484375,BF97,590196013E0019FFD7FFFE4DFFE15FFDDC0287031500000000000000000005F700A3BF97
10.82,102347.37,570.59,8,1,2025,1,49,16,47.614971999999995,-122.17839199999999,89,407,319,0019,-59.800000000000004,-42.7,-47.800000000000004,-54.900000000000006,65.5,77.7,0.0,0.0,0,0.225341796875,4.9591064453125e-05,E6D2,590197013F0019FFDAAFFE55FFE22FFDDB028F03090000000000000000000736001AE6D2
10.81,102347.45,570.58,8,1,2025,1,49,17,47.614979999999996,-122.178401,89,408,320,0019,-58.7,-43.400000000000006,-46.6,-55.400000000000006,66.3,77.7,0.0,0.0,0,0.225341796875,4.9591064453125e-05,F13D,59019801400019FFDB5FFE4EFFE2EFFDD6029703090000000000000000000736001AF13D
10.81,102347.92,570.55,8,1,2025,1,49,18,47.614987,-122.17840299999999,89,409,321,0019,-58.0,-43.900000000000006,-45.7,-55.7,66.5,80.2,0.0,0.0,0,0.225341796875,4.9591064453125e-05,91E5,59019901410019FFDBCFFE49FFE37FFDD3029903220000000000000000000736001A91E5
10.81,102348.57,570.49,8,1,2025,1,49,19,47.614993,-122.178406,89,410,323,0019,-57.400000000000006,-45.0,-44.900000000000006,-56.6,67.0,80.2,0.0,0.0,0,0.225341796875,4.9591064453125e-05,ED72,59019A01430019FFDC2FFE3EFFE3FFFDCA029E03220000000000000000000736001AED72
10.8,102348.5,570.5,8,1,2025,1,49,19,47.614993,-122.178406,89,411,323,0019,-57.400000000000006,-45.0,-44.900000000000006,-56.6,67.0,81.1,0.0,0.0,0,0.225341796875,4.9591064453125e-05,1A90,59019B01430019FFDC2FFE3EFFE3FFFDCA029E032B0000000000000000000736001A1A90
10.8,102348.8,570.47,8,1,2025,1,49,21,47.615308,-122.178258,89,412,325,0019,-56.6,-45.900000000000006,-43.900000000000006,-57.300000000000004,67.3,80.2,0.0,0.0,0,0.225341796875,4.9591064453125e-05,DBBC,59019C01450019FFDCAFFE35FFE49FFDC302A103220000000000000000000736001ADBBC
10.79,102348.89,570.47,8,1,2025,1,49,21,47.615308,-122.178258,89,413,325,0019,-56.6,-45.900000000000006,-43.900000000000006,-57.300000000000004,67.3,85.2,0.0,0.0,0,0.225341796875,4.9591064453125e-05,20F0,59019D01450019FFDCAFFE35FFE49FFDC302A103540000000000000000000736001A20F0
10.79,102349.34,570.43,8,1,2025,1,49,23,47.615141,-122.17821599999999,89,414,326,0019,-54.5,-47.300000000000004,-41.5,-58.1,68.5,84.2,0.0,0.0,0,0.225341796875,4.9591064453125e-05,3571,59019E01460019FFDDFFFE27FFE61FFDBB02AD034A0000000000000000000736001A3571
10.78,102349.6,570.41,8,1,2025,1,49,24,47.615148,-122.178231,89,415,327,0019,-53.400000000000006,-48.0,-40.300000000000004,-58.6,68.4,80.8,0.0,0.0,0,0.225341796875,4.9591064453125e-05,0F2F,59019F01470019FFDEAFFE20FFE6DFFDB602AC03280000000000000000000736001A0F2F
10.78,102349.41,570.42,8,1,2025,1,49,25,47.615151999999995,-122.17826699999999,89,416,329,0019,-52.300000000000004,-48.5,-39.1,-58.7,68.2,84.9,0.0,0.0,0,0.225341796875,4.9591064453125e-05,B5BC,5901A001490019FFDF5FFE1BFFE79FFDB502AA03510000000000000000000736001AB5BC
10.77,102349.5,570.42,8,1,2025,1,49,26,47.615128999999996,-122.17827899999999,89,417,331,0019,-51.0,-49.0,-37.800000000000004,-58.900000000000006,67.7,83.3,0.0,0.0,0,0.225341796875,4.9591064453125e-05,9803,5901A1014B0019FFE02FFE16FFE86FFDB302A503410000000000000000000736001A9803
10.77,102349.52,570.41,8,1,2025,1,49,27,47.615134,-122.178277,89,418,331,0019,-51.0,-49.0,-37.800000000000004,-58.900000000000006,67.7,80.8,0.0,0.0,0,0.225341796875,4.9591064453125e-05,C929,5901A2014B0019FFE02FFE16FFE86FFDB302A503280000000000000000000736001AC929
10.76,102349.77,570.39,8,1,2025,1,49,28,47.615134,-122.178282,89,419,332,0019,-49.800000000000004,-49.400000000000006,-36.5,-59.0,67.5,75.6,0.0,0.0,0,0.225341796875,4.9591064453125e-05,D8C7,5901A3014C0019FFE0EFFE12FFE93FFDB202A302F40000000000000000000736001AD8C7
10.75,102349.45,570.42,8,1,2025,1,49,29,47.615134999999995,-122.178287,89,420,332,0019,-49.800000000000004,-49.400000000000006,-36.5,-59.0,67.5,74.7,0.0,0.0,0,0.225341796875,4.9591064453125e-05,723D,5901A4014C0019FFE0EFFE12FFE93FFDB202A302EB0000000000000000000736001A723D
10.75,102349.14,570.44,8,1,2025,1,49,30,47.615097,-122.178305,89,421,333,0019,-47.5,-48.400000000000006,-34.5,-57.5,66.3,74.7,0.0,0.0,0,0.225341796875,4.9591064453125e-05,945E,5901A5014D0019FFE25FFE1CFFEA7FFDC1029702EB0000000000000000000736001A945E
10.74,102349.52,570.41,8,1,2025,1,49,31,47.615082,-122.17831299999999,89,422,334,0019,-46.400000000000006,-47.5,-33.7,-56.400000000000006,65.8,71.0,0.0,0.0,0,0.225341796875,4.9591064453125e-05,5284,5901A6014E0019FFE30FFE25FFEAFFFDCC029202C60000000000000000000736001A5284
10.73,102349.41,570.42,8,1,2025,1,49,32,47.615074,-122.178315,89,423,334,0019,-46.400000000000006,-47.5,-33.7,-56.400000000000006,65.8,71.0,0.0,0.0,0,0.225341796875,4.9591064453125e-05,4178,5901A7014E0019FFE30FFE25FFEAFFFDCC029202C60000000000000000000736001A4178
10.72,102348.97,570.46,8,1,2025,1,49,33,47.615069,-122.17831899999999,89,424,334,0019,-46.400000000000006,-47.5,-33.7,-56.400000000000006,65.8,71.0,0.0,0.0,0,0.225341796875,4.9591064453125e-05,A56C,5901A8014E0019FFE30FFE25FFEAFFFDCC029202C60000000000000000000736001AA56C
10.71,102348.42,570.5,8,1,2025,1,49,34,47.615075999999995,-122.17832299999999,89,425,335,0019,-44.0,-46.900000000000006,-31.400000000000002,-55.2,63.400000000000006,72.5,0.0,0.0,0,0.225341796875,4.9591064453125e-05,D348,5901A9014F0019FFE48FFE2BFFEC6FFDD8027A02D50000000000000000000736001AD348
10.7,102348.37,570.51,8,1,2025,1,49,35,47.615085,-122.178327,89,426,335,0019,-44.0,-46.900000000000006,-31.400000000000002,-55.2,63.400000000000006,72.5,0.0,0.0,0,0.225341796875,4.9591064453125e-05,830F,5901AA014F0019FFE48FFE2BFFEC6FFDD8027A02D50000000000000000000736001A830F
10.69,102348.34,570.51,8,1,2025,1,49,36,47.615094,-122.178328,89,427,337,0019,-41.7,-47.300000000000004,-29.1,-55.0,63.2,77.5,0.0,0.0,0,0.225341796875,4.9591064453125e-05,DAA0,5901AB01510019FFE5FFFE27FFEDDFFDDA027803070000000000000000000736001ADAA0
10.67,102348.28,570.52,8,1,2025,1,49,37,47.615097,-122.178333,89,428,338,0019,-40.400000000000006,-47.5,-27.900000000000002,-54.900000000000006,62.900000000000006,76.0,0.0,0.0,0,0.225341796875,4.9591064453125e-05,19F6,5901AC01520019FFE6CFFE25FFEE9FFDDB027502F80000000000000000000736001A19F6
10.66,102348.22,570.52,8,1,2025,1,49,38,47.615106999999995,-122.17833399999999,0,0,0,0000,0.0,0.0,0.0,0.0,0.0,0.0,0.0,0.0,0,0.0,0.0,0000,000000000000000000000000000000000000000000000000000000000000000000000000